family_id,segment
1,Контролёр
2,Контролёр
3,Невидимый
4,Невидимый
5,Контролёр
6,Контролёр
7,Контролёр
8,Контролёр
9,Делегирующий
10,Делегирующий
11,Соучастник
12,Делегирующий
13,Контролёр
14,Контролёр
15,Соучастник
16,Контролёр
17,Контролёр
18,Контролёр
19,Контролёр
20,Контролёр
21,Контролёр
22,Невидимый
23,Невидимый
24,Невидимый
25,Соучастник
26,Контролёр
27,Контролёр
28,Контролёр
29,Контролёр
30,Делегирующий
31,Невидимый
32,Соучастник
33,Невидимый
34,Соучастник
35,Невидимый
36,Контролёр
37,Делегирующий
38,Невидимый
39,Невидимый
40,Делегирующий
41,Контролёр
42,Контролёр
43,Контролёр
44,Соучастник
45,Контролёр
46,Контролёр
47,Соучастник
48,Невидимый
49,Соучастник
50,Невидимый
51,Контролёр
52,Соучастник
53,Контролёр
54,Контролёр
55,Соучастник
56,Делегирующий
57,Контролёр
58,Контролёр
59,Делегирующий
60,Делегирующий
61,Делегирующий
62,Контролёр
63,Невидимый
64,Делегирующий
65,Невидимый
66,Соучастник
67,Невидимый
68,Невидимый
69,Невидимый
70,Контролёр
71,Контролёр
72,Делегирующий
73,Контролёр
74,Соучастник
75,Невидимый
76,Делегирующий
77,Контролёр
78,Контролёр
79,Соучастник
80,Контролёр
81,Невидимый
82,Невидимый
83,Делегирующий
84,Контролёр
85,Контролёр
86,Соучастник
87,Делегирующий
88,Контролёр
89,Контролёр
90,Соучастник
91,Контролёр
92,Соучастник
93,Контролёр
94,Делегирующий
95,Невидимый
96,Невидимый
97,Делегирующий
98,Невидимый
99,Невидимый
100,Соучастник
101,Контролёр
102,Невидимый
103,Контролёр
104,Невидимый
105,Контролёр
106,Соучастник
107,Невидимый
108,Контролёр
109,Невидимый
110,Контролёр
111,Контролёр
112,Делегирующий
113,Контролёр
114,Делегирующий
115,Делегирующий
116,Невидимый
117,Контролёр
118,Невидимый
119,Контролёр
120,Контролёр
121,Делегирующий
122,Контролёр
123,Делегирующий
124,Невидимый
125,Делегирующий
126,Невидимый
127,Делегирующий
128,Делегирующий
129,Невидимый
130,Невидимый
131,Контролёр
132,Соучастник
133,Соучастник
134,Невидимый
135,Контролёр
136,Невидимый
137,Контролёр
138,Невидимый
139,Контролёр
140,Невидимый
141,Контролёр
142,Контролёр
143,Соучастник
144,Невидимый
145,Делегирующий
146,Делегирующий
147,Контролёр
148,Делегирующий
149,Делегирующий
150,Соучастник
151,Невидимый
152,Невидимый
153,Контролёр
154,Соучастник
155,Невидимый
156,Контролёр
157,Контролёр
158,Контролёр
159,Контролёр
160,Делегирующий
161,Контролёр
162,Невидимый
163,Контролёр
164,Контролёр
165,Контролёр
166,Соучастник
167,Контролёр
168,Невидимый
169,Делегирующий
170,Невидимый
171,Делегирующий
172,Невидимый
173,Контролёр
174,Невидимый
175,Соучастник
176,Делегирующий
177,Контролёр
178,Соучастник
179,Контролёр
180,Невидимый
181,Невидимый
182,Соучастник
183,Невидимый
184,Делегирующий
185,Контролёр
186,Невидимый
187,Соучастник
188,Невидимый
189,Контролёр
190,Невидимый
191,Контролёр
192,Делегирующий
193,Невидимый
194,Контролёр
195,Делегирующий
196,Контролёр
197,Делегирующий
198,Невидимый
199,Контролёр
200,Соучастник
201,Невидимый
202,Контролёр
203,Невидимый
204,Контролёр
205,Невидимый
206,Контролёр
207,Контролёр
208,Делегирующий
209,Делегирующий
210,Соучастник
211,Невидимый
212,Контролёр
213,Соучастник
214,Делегирующий
215,Невидимый
216,Невидимый
217,Соучастник
218,Контролёр
219,Соучастник
220,Контролёр
221,Соучастник
222,Делегирующий
223,Невидимый
224,Невидимый
225,Соучастник
226,Соучастник
227,Соучастник
228,Делегирующий
229,Соучастник
230,Соучастник
231,Контролёр
232,Делегирующий
233,Контролёр
234,Контролёр
235,Соучастник
236,Контролёр
237,Невидимый
238,Невидимый
239,Делегирующий
240,Невидимый
241,Контролёр
242,Невидимый
243,Контролёр
244,Соучастник
245,Соучастник
246,Делегирующий
247,Контролёр
248,Невидимый
249,Контролёр
250,Контролёр
251,Контролёр
252,Делегирующий
253,Делегирующий
254,Контролёр
255,Контролёр
256,Контролёр
257,Контролёр
258,Контролёр
259,Невидимый
260,Невидимый
261,Невидимый
262,Контролёр
263,Невидимый
264,Соучастник
265,Контролёр
266,Невидимый
267,Невидимый
268,Делегирующий
269,Контролёр
270,Делегирующий
271,Контролёр
272,Контролёр
273,Соучастник
274,Невидимый
275,Невидимый
276,Контролёр
277,Делегирующий
278,Контролёр
279,Соучастник
280,Соучастник
281,Делегирующий
282,Контролёр
283,Соучастник
284,Невидимый
285,Контролёр
286,Делегирующий
287,Контролёр
288,Невидимый
289,Невидимый
290,Контролёр
291,Соучастник
292,Контролёр
293,Соучастник
294,Делегирующий
295,Контролёр
296,Соучастник
297,Невидимый
298,Делегирующий
299,Контролёр
300,Делегирующий
301,Контролёр
302,Соучастник
303,Соучастник
304,Контролёр
305,Контролёр
306,Невидимый
307,Делегирующий
308,Делегирующий
309,Контролёр
310,Невидимый
311,Контролёр
312,Соучастник
313,Делегирующий
314,Контролёр
315,Делегирующий
316,Контролёр
317,Контролёр
318,Делегирующий
319,Невидимый
320,Соучастник
321,Соучастник
322,Соучастник
323,Контролёр
324,Делегирующий
325,Контролёр
326,Делегирующий
327,Делегирующий
328,Контролёр
329,Делегирующий
330,Делегирующий
331,Делегирующий
332,Соучастник
333,Невидимый
334,Контролёр
335,Невидимый
336,Соучастник
337,Невидимый
338,Соучастник
339,Контролёр
340,Контролёр
341,Делегирующий
342,Невидимый
343,Делегирующий
344,Контролёр
345,Соучастник
346,Невидимый
347,Соучастник
348,Невидимый
349,Контролёр
350,Невидимый
351,Невидимый
352,Контролёр
353,Невидимый
354,Делегирующий
355,Контролёр
356,Невидимый
357,Соучастник
358,Невидимый
359,Контролёр
360,Невидимый
361,Соучастник
362,Соучастник
363,Невидимый
364,Контролёр
365,Контролёр
366,Соучастник
367,Невидимый
368,Невидимый
369,Делегирующий
370,Контролёр
371,Контролёр
372,Делегирующий
373,Делегирующий
374,Контролёр
375,Контролёр
376,Невидимый
377,Соучастник
378,Невидимый
379,Контролёр
380,Невидимый
381,Соучастник
382,Делегирующий
383,Контролёр
384,Соучастник
385,Контролёр
386,Делегирующий
387,Невидимый
388,Контролёр
389,Контролёр
390,Невидимый
391,Соучастник
392,Делегирующий
393,Соучастник
394,Невидимый
395,Невидимый
396,Невидимый
397,Невидимый
398,Невидимый
399,Делегирующий
400,Соучастник
401,Невидимый
402,Контролёр
403,Невидимый
404,Невидимый
405,Делегирующий
406,Соучастник
407,Контролёр
408,Невидимый
409,Контролёр
410,Невидимый
411,Контролёр
412,Соучастник
413,Делегирующий
414,Невидимый
415,Контролёр
416,Невидимый
417,Соучастник
418,Контролёр
419,Невидимый
420,Делегирующий
421,Невидимый
422,Контролёр
423,Контролёр
424,Контролёр
425,Соучастник
426,Невидимый
427,Делегирующий
428,Соучастник
429,Соучастник
430,Невидимый
431,Контролёр
432,Делегирующий
433,Невидимый
434,Контролёр
435,Невидимый
436,Делегирующий
437,Невидимый
438,Невидимый
439,Невидимый
440,Невидимый
441,Контролёр
442,Контролёр
443,Соучастник
444,Невидимый
445,Делегирующий
446,Невидимый
447,Контролёр
448,Делегирующий
449,Контролёр
450,Контролёр
451,Контролёр
452,Контролёр
453,Контролёр
454,Контролёр
455,Соучастник
456,Контролёр
457,Невидимый
458,Контролёр
459,Контролёр
460,Контролёр
461,Контролёр
462,Соучастник
463,Делегирующий
464,Делегирующий
465,Невидимый
466,Контролёр
467,Контролёр
468,Делегирующий
469,Делегирующий
470,Делегирующий
471,Невидимый
472,Контролёр
473,Соучастник
474,Контролёр
475,Контролёр
476,Соучастник
477,Контролёр
478,Контролёр
479,Невидимый
480,Невидимый
481,Невидимый
482,Делегирующий
483,Контролёр
484,Контролёр
485,Контролёр
486,Соучастник
487,Контролёр
488,Соучастник
489,Соучастник
490,Контролёр
491,Невидимый
492,Невидимый
493,Контролёр
494,Невидимый
495,Невидимый
496,Невидимый
497,Делегирующий
498,Контролёр
499,Контролёр
500,Контролёр
501,Невидимый
502,Контролёр
503,Делегирующий
504,Контролёр
505,Соучастник
506,Контролёр
507,Делегирующий
508,Контролёр
509,Контролёр
510,Контролёр
511,Делегирующий
512,Контролёр
513,Контролёр
514,Контролёр
515,Невидимый
516,Контролёр
517,Контролёр
518,Контролёр
519,Невидимый
520,Невидимый
521,Делегирующий
522,Контролёр
523,Соучастник
524,Невидимый
525,Контролёр
526,Делегирующий
527,Контролёр
528,Соучастник
529,Невидимый
530,Контролёр
531,Невидимый
532,Контролёр
533,Контролёр
534,Делегирующий
535,Контролёр
536,Соучастник
537,Контролёр
538,Невидимый
539,Невидимый
540,Контролёр
541,Невидимый
542,Невидимый
543,Делегирующий
544,Соучастник
545,Невидимый
546,Контролёр
547,Делегирующий
548,Невидимый
549,Контролёр
550,Соучастник
551,Соучастник
552,Соучастник
553,Контролёр
554,Невидимый
555,Соучастник
556,Контролёр
557,Делегирующий
558,Соучастник
559,Контролёр
560,Невидимый
561,Контролёр
562,Контролёр
563,Невидимый
564,Невидимый
565,Соучастник
566,Контролёр
567,Невидимый
568,Соучастник
569,Невидимый
570,Невидимый
571,Контролёр
572,Контролёр
573,Контролёр
574,Соучастник
575,Делегирующий
576,Делегирующий
577,Делегирующий
578,Контролёр
579,Невидимый
580,Контролёр
581,Соучастник
582,Невидимый
583,Соучастник
584,Контролёр
585,Соучастник
586,Контролёр
587,Контролёр
588,Контролёр
589,Контролёр
590,Делегирующий
591,Соучастник
592,Невидимый
593,Невидимый
594,Контролёр
595,Делегирующий
596,Контролёр
597,Делегирующий
598,Контролёр
599,Соучастник
600,Невидимый
601,Невидимый
602,Контролёр
603,Делегирующий
604,Контролёр
605,Контролёр
606,Невидимый
607,Соучастник
608,Контролёр
609,Соучастник
610,Невидимый
611,Контролёр
612,Невидимый
613,Делегирующий
614,Контролёр
615,Делегирующий
616,Невидимый
617,Контролёр
618,Контролёр
619,Контролёр
620,Контролёр
621,Контролёр
622,Контролёр
623,Невидимый
624,Соучастник
625,Невидимый
626,Делегирующий
627,Невидимый
628,Контролёр
629,Невидимый
630,Соучастник
631,Делегирующий
632,Контролёр
633,Делегирующий
634,Невидимый
635,Контролёр
636,Соучастник
637,Невидимый
638,Соучастник
639,Контролёр
640,Невидимый
641,Невидимый
642,Невидимый
643,Контролёр
644,Контролёр
645,Соучастник
646,Невидимый
647,Контролёр
648,Невидимый
649,Невидимый
650,Контролёр
651,Контролёр
652,Невидимый
653,Контролёр
654,Делегирующий
655,Невидимый
656,Контролёр
657,Делегирующий
658,Контролёр
659,Контролёр
660,Соучастник
661,Контролёр
662,Контролёр
663,Невидимый
664,Невидимый
665,Контролёр
666,Контролёр
667,Невидимый
668,Контролёр
669,Делегирующий
670,Соучастник
671,Невидимый
672,Соучастник
673,Соучастник
674,Невидимый
675,Контролёр
676,Невидимый
677,Контролёр
678,Невидимый
679,Контролёр
680,Соучастник
681,Невидимый
682,Контролёр
683,Контролёр
684,Соучастник
685,Соучастник
686,Невидимый
687,Контролёр
688,Делегирующий
689,Невидимый
690,Соучастник
691,Делегирующий
692,Контролёр
693,Контролёр
694,Контролёр
695,Контролёр
696,Контролёр
697,Делегирующий
698,Делегирующий
699,Невидимый
700,Делегирующий
701,Невидимый
702,Невидимый
703,Делегирующий
704,Соучастник
705,Контролёр
706,Невидимый
707,Соучастник
708,Невидимый
709,Делегирующий
710,Контролёр
711,Невидимый
712,Контролёр
713,Контролёр
714,Контролёр
715,Контролёр
716,Соучастник
717,Делегирующий
718,Контролёр
719,Невидимый
720,Соучастник
721,Делегирующий
722,Невидимый
723,Контролёр
724,Контролёр
725,Невидимый
726,Делегирующий
727,Контролёр
728,Делегирующий
729,Контролёр
730,Невидимый
731,Контролёр
732,Делегирующий
733,Соучастник
734,Контролёр
735,Контролёр
736,Невидимый
737,Контролёр
738,Контролёр
739,Невидимый
740,Контролёр
741,Делегирующий
742,Невидимый
743,Невидимый
744,Соучастник
745,Контролёр
746,Невидимый
747,Соучастник
748,Невидимый
749,Невидимый
750,Контролёр
751,Контролёр
752,Контролёр
753,Контролёр
754,Контролёр
755,Контролёр
756,Невидимый
757,Делегирующий
758,Делегирующий
759,Соучастник
760,Контролёр
761,Контролёр
762,Контролёр
763,Контролёр
764,Контролёр
765,Делегирующий
766,Контролёр
767,Контролёр
768,Контролёр
769,Невидимый
770,Контролёр
771,Контролёр
772,Делегирующий
773,Невидимый
774,Соучастник
775,Соучастник
776,Контролёр
777,Контролёр
778,Делегирующий
779,Делегирующий
780,Невидимый
781,Невидимый
782,Контролёр
783,Делегирующий
784,Контролёр
785,Контролёр
786,Контролёр
787,Контролёр
788,Контролёр
789,Невидимый
790,Контролёр
791,Делегирующий
792,Контролёр
793,Невидимый
794,Невидимый
795,Контролёр
796,Невидимый
797,Невидимый
798,Контролёр
799,Делегирующий
800,Контролёр
801,Соучастник
802,Соучастник
803,Контролёр
804,Невидимый
805,Контролёр
806,Соучастник
807,Невидимый
808,Контролёр
809,Соучастник
810,Невидимый
811,Невидимый
812,Контролёр
813,Делегирующий
814,Невидимый
815,Невидимый
816,Соучастник
817,Контролёр
818,Контролёр
819,Соучастник
820,Контролёр
821,Соучастник
822,Соучастник
823,Соучастник
824,Делегирующий
825,Невидимый
826,Контролёр
827,Контролёр
828,Контролёр
829,Невидимый
830,Контролёр
831,Невидимый
832,Невидимый
833,Невидимый
834,Контролёр
835,Контролёр
836,Невидимый
837,Контролёр
838,Невидимый
839,Контролёр
840,Контролёр
841,Невидимый
842,Невидимый
843,Контролёр
844,Соучастник
845,Контролёр
846,Контролёр
847,Невидимый
848,Соучастник
849,Контролёр
850,Делегирующий
851,Контролёр
852,Невидимый
853,Невидимый
854,Невидимый
855,Контролёр
856,Контролёр
857,Невидимый
858,Невидимый
859,Контролёр
860,Контролёр
861,Делегирующий
862,Невидимый
863,Невидимый
864,Контролёр
865,Невидимый
866,Делегирующий
867,Невидимый
868,Контролёр
869,Невидимый
870,Соучастник
871,Контролёр
872,Соучастник
873,Невидимый
874,Невидимый
875,Соучастник
876,Контролёр
877,Соучастник
878,Контролёр
879,Соучастник
880,Контролёр
881,Контролёр
882,Соучастник
883,Невидимый
884,Соучастник
885,Соучастник
886,Контролёр
887,Контролёр
888,Невидимый
889,Невидимый
890,Делегирующий
891,Контролёр
892,Контролёр
893,Контролёр
894,Соучастник
895,Контролёр
896,Контролёр
897,Соучастник
898,Контролёр
899,Невидимый
900,Соучастник
901,Контролёр
902,Невидимый
903,Контролёр
904,Контролёр
905,Контролёр
906,Невидимый
907,Контролёр
908,Соучастник
909,Контролёр
910,Контролёр
911,Контролёр
912,Невидимый
913,Делегирующий
914,Контролёр
915,Делегирующий
916,Невидимый
917,Контролёр
918,Соучастник
919,Соучастник
920,Соучастник
921,Контролёр
922,Делегирующий
923,Делегирующий
924,Контролёр
925,Контролёр
926,Контролёр
927,Контролёр
928,Невидимый
929,Контролёр
930,Соучастник
931,Невидимый
932,Делегирующий
933,Контролёр
934,Контролёр
935,Невидимый
936,Невидимый
937,Соучастник
938,Делегирующий
939,Невидимый
940,Делегирующий
941,Делегирующий
942,Контролёр
943,Контролёр
944,Невидимый
945,Невидимый
946,Невидимый
947,Соучастник
948,Невидимый
949,Соучастник
950,Делегирующий
951,Невидимый
952,Делегирующий
953,Невидимый
954,Делегирующий
955,Делегирующий
956,Контролёр
957,Контролёр
958,Контролёр
959,Невидимый
960,Контролёр
961,Невидимый
962,Контролёр
963,Контролёр
964,Делегирующий
965,Контролёр
966,Невидимый
967,Делегирующий
968,Делегирующий
969,Контролёр
970,Соучастник
971,Контролёр
972,Невидимый
973,Контролёр
974,Невидимый
975,Соучастник
976,Соучастник
977,Невидимый
978,Контролёр
979,Контролёр
980,Невидимый
981,Невидимый
982,Делегирующий
983,Делегирующий
984,Соучастник
985,Невидимый
986,Невидимый
987,Контролёр
988,Делегирующий
989,Невидимый
990,Делегирующий
991,Контролёр
992,Соучастник
993,Соучастник
994,Делегирующий
995,Невидимый
996,Соучастник
997,Соучастник
998,Контролёр
999,Соучастник
1000,Делегирующий
1001,Контролёр
1002,Контролёр
1003,Невидимый
1004,Невидимый
1005,Делегирующий
1006,Делегирующий
1007,Контролёр
1008,Соучастник
1009,Соучастник
1010,Соучастник
1011,Контролёр
1012,Делегирующий
1013,Невидимый
1014,Невидимый
1015,Соучастник
1016,Невидимый
1017,Соучастник
1018,Невидимый
1019,Делегирующий
1020,Невидимый
1021,Соучастник
1022,Контролёр
1023,Контролёр
1024,Невидимый
1025,Невидимый
1026,Невидимый
1027,Невидимый
1028,Делегирующий
1029,Соучастник
1030,Контролёр
1031,Контролёр
1032,Контролёр
1033,Невидимый
1034,Соучастник
1035,Невидимый
1036,Соучастник
1037,Соучастник
1038,Делегирующий
1039,Контролёр
1040,Невидимый
1041,Контролёр
1042,Соучастник
1043,Контролёр
1044,Соучастник
1045,Делегирующий
1046,Контролёр
1047,Невидимый
1048,Контролёр
1049,Невидимый
1050,Невидимый
1051,Невидимый
1052,Контролёр
1053,Невидимый
1054,Соучастник
1055,Делегирующий
1056,Невидимый
1057,Контролёр
1058,Делегирующий
1059,Невидимый
1060,Соучастник
1061,Контролёр
1062,Невидимый
1063,Делегирующий
1064,Соучастник
1065,Соучастник
1066,Контролёр
1067,Невидимый
1068,Контролёр
1069,Контролёр
1070,Контролёр
1071,Невидимый
1072,Контролёр
1073,Невидимый
1074,Соучастник
1075,Соучастник
1076,Делегирующий
1077,Невидимый
1078,Соучастник
1079,Невидимый
1080,Соучастник
1081,Контролёр
1082,Контролёр
1083,Невидимый
1084,Невидимый
1085,Контролёр
1086,Невидимый
1087,Делегирующий
1088,Невидимый
1089,Контролёр
1090,Соучастник
1091,Делегирующий
1092,Невидимый
1093,Контролёр
1094,Соучастник
1095,Контролёр
1096,Соучастник
1097,Делегирующий
1098,Делегирующий
1099,Соучастник
1100,Делегирующий
1101,Контролёр
1102,Невидимый
1103,Соучастник
1104,Невидимый
1105,Контролёр
1106,Невидимый
1107,Невидимый
1108,Контролёр
1109,Соучастник
1110,Делегирующий
1111,Контролёр
1112,Невидимый
1113,Делегирующий
1114,Соучастник
1115,Контролёр
1116,Невидимый
1117,Соучастник
1118,Делегирующий
1119,Контролёр
1120,Делегирующий
1121,Контролёр
1122,Соучастник
1123,Невидимый
1124,Контролёр
1125,Контролёр
1126,Невидимый
1127,Невидимый
1128,Контролёр
1129,Делегирующий
1130,Делегирующий
1131,Делегирующий
1132,Невидимый
1133,Соучастник
1134,Невидимый
1135,Невидимый
1136,Контролёр
1137,Невидимый
1138,Контролёр
1139,Невидимый
1140,Невидимый
1141,Соучастник
1142,Контролёр
1143,Контролёр
1144,Соучастник
1145,Невидимый
1146,Делегирующий
1147,Контролёр
1148,Соучастник
1149,Контролёр
1150,Контролёр
1151,Контролёр
1152,Контролёр
1153,Контролёр
1154,Делегирующий
1155,Невидимый
1156,Делегирующий
1157,Делегирующий
1158,Контролёр
1159,Соучастник
1160,Контролёр
1161,Соучастник
1162,Делегирующий
1163,Делегирующий
1164,Соучастник
1165,Контролёр
1166,Контролёр
1167,Контролёр
1168,Контролёр
1169,Контролёр
1170,Делегирующий
1171,Невидимый
1172,Соучастник
1173,Контролёр
1174,Невидимый
1175,Соучастник
1176,Делегирующий
1177,Контролёр
1178,Невидимый
1179,Контролёр
1180,Контролёр
1181,Контролёр
1182,Контролёр
1183,Делегирующий
1184,Невидимый
1185,Контролёр
1186,Невидимый
1187,Делегирующий
1188,Контролёр
1189,Контролёр
1190,Невидимый
1191,Невидимый
1192,Контролёр
1193,Контролёр
1194,Невидимый
1195,Соучастник
1196,Невидимый
1197,Контролёр
1198,Невидимый
1199,Контролёр
1200,Соучастник
1201,Делегирующий
1202,Делегирующий
1203,Невидимый
1204,Невидимый
1205,Контролёр
1206,Соучастник
1207,Контролёр
1208,Невидимый
1209,Делегирующий
1210,Делегирующий
1211,Невидимый
1212,Невидимый
1213,Контролёр
1214,Контролёр
1215,Невидимый
1216,Делегирующий
1217,Невидимый
1218,Контролёр
1219,Контролёр
1220,Невидимый
1221,Контролёр
1222,Невидимый
1223,Невидимый
1224,Соучастник
1225,Контролёр
1226,Невидимый
1227,Контролёр
1228,Контролёр
1229,Соучастник
1230,Невидимый
1231,Соучастник
1232,Контролёр
1233,Делегирующий
1234,Делегирующий
1235,Контролёр
1236,Контролёр
1237,Соучастник
1238,Соучастник
1239,Контролёр
1240,Контролёр
1241,Контролёр
1242,Контролёр
1243,Невидимый
1244,Невидимый
1245,Невидимый
1246,Невидимый
1247,Соучастник
1248,Делегирующий
1249,Делегирующий
1250,Контролёр
1251,Невидимый
1252,Контролёр
1253,Делегирующий
1254,Контролёр
1255,Контролёр
1256,Невидимый
1257,Невидимый
1258,Контролёр
1259,Делегирующий
1260,Контролёр
1261,Соучастник
1262,Делегирующий
1263,Контролёр
1264,Невидимый
1265,Делегирующий
1266,Соучастник
1267,Делегирующий
1268,Соучастник
1269,Контролёр
1270,Делегирующий
1271,Невидимый
1272,Контролёр
1273,Делегирующий
1274,Контролёр
1275,Невидимый
1276,Невидимый
1277,Невидимый
1278,Контролёр
1279,Невидимый
1280,Делегирующий
1281,Невидимый
1282,Невидимый
1283,Невидимый
1284,Контролёр
1285,Невидимый
1286,Делегирующий
1287,Контролёр
1288,Контролёр
1289,Контролёр
1290,Контролёр
1291,Невидимый
1292,Контролёр
1293,Контролёр
1294,Контролёр
1295,Контролёр
1296,Соучастник
1297,Контролёр
1298,Контролёр
1299,Контролёр
1300,Невидимый
1301,Делегирующий
1302,Контролёр
1303,Невидимый
1304,Соучастник
1305,Соучастник
1306,Контролёр
1307,Делегирующий
1308,Контролёр
1309,Контролёр
1310,Невидимый
1311,Невидимый
1312,Соучастник
1313,Делегирующий
1314,Невидимый
1315,Невидимый
1316,Невидимый
1317,Невидимый
1318,Невидимый
1319,Делегирующий
1320,Невидимый
1321,Невидимый
1322,Контролёр
1323,Соучастник
1324,Соучастник
1325,Контролёр
1326,Невидимый
1327,Контролёр
1328,Делегирующий
1329,Соучастник
1330,Невидимый
1331,Контролёр
1332,Контролёр
1333,Контролёр
1334,Невидимый
1335,Невидимый
1336,Невидимый
1337,Соучастник
1338,Контролёр
1339,Соучастник
1340,Соучастник
1341,Соучастник
1342,Соучастник
1343,Невидимый
1344,Контролёр
1345,Делегирующий
1346,Невидимый
1347,Контролёр
1348,Невидимый
1349,Контролёр
1350,Невидимый
1351,Делегирующий
1352,Невидимый
1353,Делегирующий
1354,Контролёр
1355,Контролёр
1356,Делегирующий
1357,Контролёр
1358,Контролёр
1359,Контролёр
1360,Контролёр
1361,Невидимый
1362,Невидимый
1363,Контролёр
1364,Контролёр
1365,Соучастник
1366,Соучастник
1367,Невидимый
1368,Невидимый
1369,Соучастник
1370,Невидимый
1371,Соучастник
1372,Делегирующий
1373,Делегирующий
1374,Контролёр
1375,Невидимый
1376,Делегирующий
1377,Делегирующий
1378,Контролёр
1379,Соучастник
1380,Контролёр
1381,Соучастник
1382,Делегирующий
1383,Невидимый
1384,Невидимый
1385,Контролёр
1386,Делегирующий
1387,Невидимый
1388,Контролёр
1389,Делегирующий
1390,Контролёр
1391,Контролёр
1392,Контролёр
1393,Контролёр
1394,Невидимый
1395,Невидимый
1396,Делегирующий
1397,Невидимый
1398,Невидимый
1399,Контролёр
1400,Контролёр
1401,Контролёр
1402,Соучастник
1403,Невидимый
1404,Невидимый
1405,Соучастник
1406,Невидимый
1407,Невидимый
1408,Контролёр
1409,Контролёр
1410,Соучастник
1411,Невидимый
1412,Соучастник
1413,Делегирующий
1414,Контролёр
1415,Контролёр
1416,Контролёр
1417,Делегирующий
1418,Невидимый
1419,Невидимый
1420,Невидимый
1421,Невидимый
1422,Невидимый
1423,Невидимый
1424,Соучастник
1425,Невидимый
1426,Делегирующий
1427,Невидимый
1428,Соучастник
1429,Невидимый
1430,Соучастник
1431,Невидимый
1432,Делегирующий
1433,Контролёр
1434,Контролёр
1435,Контролёр
1436,Невидимый
1437,Делегирующий
1438,Соучастник
1439,Контролёр
1440,Невидимый
1441,Невидимый
1442,Невидимый
1443,Соучастник
1444,Делегирующий
1445,Невидимый
1446,Невидимый
1447,Соучастник
1448,Соучастник
1449,Контролёр
1450,Контролёр
1451,Невидимый
1452,Контролёр
1453,Контролёр
1454,Невидимый
1455,Соучастник
1456,Невидимый
1457,Контролёр
1458,Невидимый
1459,Соучастник
1460,Контролёр
1461,Делегирующий
1462,Контролёр
1463,Соучастник
1464,Соучастник
1465,Соучастник
1466,Делегирующий
1467,Контролёр
1468,Контролёр
1469,Контролёр
1470,Соучастник
1471,Невидимый
1472,Делегирующий
1473,Контролёр
1474,Контролёр
1475,Делегирующий
1476,Невидимый
1477,Невидимый
1478,Невидимый
1479,Контролёр
1480,Делегирующий
1481,Соучастник
1482,Контролёр
1483,Контролёр
1484,Делегирующий
1485,Контролёр
1486,Контролёр
1487,Контролёр
1488,Контролёр
1489,Невидимый
1490,Невидимый
1491,Невидимый
1492,Контролёр
1493,Контролёр
1494,Контролёр
1495,Делегирующий
1496,Невидимый
1497,Делегирующий
1498,Контролёр
1499,Контролёр
1500,Контролёр
1501,Невидимый
1502,Соучастник
1503,Контролёр
1504,Контролёр
1505,Соучастник
1506,Контролёр
1507,Контролёр
1508,Контролёр
1509,Соучастник
1510,Соучастник
1511,Соучастник
1512,Контролёр
1513,Соучастник
1514,Невидимый
1515,Контролёр
1516,Контролёр
1517,Невидимый
1518,Делегирующий
1519,Невидимый
1520,Невидимый
1521,Делегирующий
1522,Контролёр
1523,Соучастник
1524,Соучастник
1525,Соучастник
1526,Делегирующий
1527,Невидимый
1528,Контролёр
1529,Делегирующий
1530,Соучастник
1531,Контролёр
1532,Контролёр
1533,Контролёр
1534,Невидимый
1535,Контролёр
1536,Контролёр
1537,Невидимый
1538,Невидимый
1539,Контролёр
1540,Соучастник
1541,Контролёр
1542,Делегирующий
1543,Контролёр
1544,Невидимый
1545,Невидимый
1546,Контролёр
1547,Соучастник
1548,Соучастник
1549,Контролёр
1550,Контролёр
1551,Контролёр
1552,Невидимый
1553,Контролёр
1554,Невидимый
1555,Соучастник
1556,Контролёр
1557,Контролёр
1558,Делегирующий
1559,Контролёр
1560,Соучастник
1561,Невидимый
1562,Невидимый
1563,Контролёр
1564,Соучастник
1565,Невидимый
1566,Невидимый
1567,Контролёр
1568,Контролёр
1569,Контролёр
1570,Контролёр
1571,Делегирующий
1572,Делегирующий
1573,Контролёр
1574,Контролёр
1575,Невидимый
1576,Контролёр
1577,Делегирующий
1578,Невидимый
1579,Невидимый
1580,Соучастник
1581,Делегирующий
1582,Контролёр
1583,Делегирующий
1584,Контролёр
1585,Контролёр
1586,Невидимый
1587,Невидимый
1588,Контролёр
1589,Контролёр
1590,Контролёр
1591,Делегирующий
1592,Контролёр
1593,Контролёр
1594,Контролёр
1595,Контролёр
1596,Контролёр
1597,Контролёр
1598,Контролёр
1599,Делегирующий
1600,Невидимый
1601,Контролёр
1602,Невидимый
1603,Контролёр
1604,Невидимый
1605,Делегирующий
1606,Соучастник
1607,Невидимый
1608,Невидимый
1609,Контролёр
1610,Невидимый
1611,Контролёр
1612,Невидимый
1613,Соучастник
1614,Контролёр
1615,Контролёр
1616,Соучастник
1617,Контролёр
1618,Соучастник
1619,Невидимый
1620,Делегирующий
1621,Соучастник
1622,Соучастник
1623,Контролёр
1624,Делегирующий
1625,Невидимый
1626,Невидимый
1627,Соучастник
1628,Невидимый
1629,Контролёр
1630,Невидимый
1631,Невидимый
1632,Невидимый
1633,Контролёр
1634,Соучастник
1635,Невидимый
1636,Делегирующий
1637,Невидимый
1638,Контролёр
1639,Соучастник
1640,Соучастник
1641,Контролёр
1642,Невидимый
1643,Делегирующий
1644,Делегирующий
1645,Контролёр
1646,Контролёр
1647,Невидимый
1648,Делегирующий
1649,Контролёр
1650,Контролёр
1651,Контролёр
1652,Контролёр
1653,Делегирующий
1654,Контролёр
1655,Невидимый
1656,Делегирующий
1657,Контролёр
1658,Делегирующий
1659,Контролёр
1660,Соучастник
1661,Невидимый
1662,Контролёр
1663,Невидимый
1664,Контролёр
1665,Контролёр
1666,Контролёр
1667,Делегирующий
1668,Соучастник
1669,Контролёр
1670,Соучастник
1671,Делегирующий
1672,Соучастник
1673,Контролёр
1674,Соучастник
1675,Делегирующий
1676,Контролёр
1677,Контролёр
1678,Невидимый
1679,Контролёр
1680,Невидимый
1681,Соучастник
1682,Соучастник
1683,Соучастник
1684,Соучастник
1685,Контролёр
1686,Невидимый
1687,Невидимый
1688,Невидимый
1689,Невидимый
1690,Делегирующий
1691,Контролёр
1692,Контролёр
1693,Делегирующий
1694,Контролёр
1695,Контролёр
1696,Делегирующий
1697,Контролёр
1698,Невидимый
1699,Невидимый
1700,Невидимый
1701,Делегирующий
1702,Невидимый
1703,Контролёр
1704,Соучастник
1705,Контролёр
1706,Контролёр
1707,Невидимый
1708,Невидимый
1709,Невидимый
1710,Делегирующий
1711,Невидимый
1712,Контролёр
1713,Делегирующий
1714,Соучастник
1715,Делегирующий
1716,Контролёр
1717,Контролёр
1718,Контролёр
1719,Делегирующий
1720,Контролёр
1721,Соучастник
1722,Контролёр
1723,Контролёр
1724,Контролёр
1725,Делегирующий
1726,Невидимый
1727,Контролёр
1728,Контролёр
1729,Контролёр
1730,Контролёр
1731,Контролёр
1732,Контролёр
1733,Соучастник
1734,Невидимый
1735,Делегирующий
1736,Контролёр
1737,Делегирующий
1738,Делегирующий
1739,Контролёр
1740,Делегирующий
1741,Делегирующий
1742,Контролёр
1743,Контролёр
1744,Невидимый
1745,Контролёр
1746,Контролёр
1747,Невидимый
1748,Делегирующий
1749,Контролёр
1750,Невидимый
1751,Делегирующий
1752,Невидимый
1753,Невидимый
1754,Контролёр
1755,Контролёр
1756,Невидимый
1757,Невидимый
1758,Делегирующий
1759,Контролёр
1760,Контролёр
1761,Соучастник
1762,Делегирующий
1763,Невидимый
1764,Невидимый
1765,Контролёр
1766,Невидимый
1767,Соучастник
1768,Делегирующий
1769,Соучастник
1770,Невидимый
1771,Контролёр
1772,Контролёр
1773,Контролёр
1774,Невидимый
1775,Невидимый
1776,Контролёр
1777,Невидимый
1778,Соучастник
1779,Контролёр
1780,Делегирующий
1781,Соучастник
1782,Соучастник
1783,Соучастник
1784,Контролёр
1785,Контролёр
1786,Невидимый
1787,Делегирующий
1788,Контролёр
1789,Делегирующий
1790,Соучастник
1791,Делегирующий
1792,Контролёр
1793,Контролёр
1794,Невидимый
1795,Соучастник
1796,Делегирующий
1797,Контролёр
1798,Контролёр
1799,Соучастник
1800,Контролёр
1801,Делегирующий
1802,Контролёр
1803,Контролёр
1804,Делегирующий
1805,Невидимый
1806,Невидимый
1807,Соучастник
1808,Невидимый
1809,Невидимый
1810,Контролёр
1811,Контролёр
1812,Невидимый
1813,Невидимый
1814,Делегирующий
1815,Невидимый
1816,Контролёр
1817,Контролёр
1818,Контролёр
1819,Контролёр
1820,Контролёр
1821,Невидимый
1822,Невидимый
1823,Соучастник
1824,Контролёр
1825,Контролёр
1826,Контролёр
1827,Невидимый
1828,Невидимый
1829,Контролёр
1830,Делегирующий
1831,Соучастник
1832,Невидимый
1833,Соучастник
1834,Контролёр
1835,Делегирующий
1836,Контролёр
1837,Контролёр
1838,Невидимый
1839,Делегирующий
1840,Соучастник
1841,Невидимый
1842,Контролёр
1843,Соучастник
1844,Невидимый
1845,Соучастник
1846,Контролёр
1847,Контролёр
1848,Контролёр
1849,Делегирующий
1850,Контролёр
1851,Соучастник
1852,Невидимый
1853,Невидимый
1854,Невидимый
1855,Контролёр
1856,Соучастник
1857,Контролёр
1858,Контролёр
1859,Невидимый
1860,Невидимый
1861,Контролёр
1862,Делегирующий
1863,Невидимый
1864,Контролёр
1865,Невидимый
1866,Соучастник
1867,Делегирующий
1868,Невидимый
1869,Контролёр
1870,Контролёр
1871,Делегирующий
1872,Контролёр
1873,Невидимый
1874,Невидимый
1875,Контролёр
1876,Невидимый
1877,Невидимый
1878,Контролёр
1879,Контролёр
1880,Делегирующий
1881,Делегирующий
1882,Контролёр
1883,Контролёр
1884,Соучастник
1885,Контролёр
1886,Невидимый
1887,Невидимый
1888,Соучастник
1889,Контролёр
1890,Контролёр
1891,Соучастник
1892,Контролёр
1893,Контролёр
1894,Невидимый
1895,Невидимый
1896,Соучастник
1897,Соучастник
1898,Соучастник
1899,Делегирующий
1900,Невидимый
1901,Делегирующий
1902,Невидимый
1903,Контролёр
1904,Контролёр
1905,Делегирующий
1906,Контролёр
1907,Делегирующий
1908,Соучастник
1909,Контролёр
1910,Контролёр
1911,Контролёр
1912,Контролёр
1913,Делегирующий
1914,Контролёр
1915,Делегирующий
1916,Соучастник
1917,Невидимый
1918,Делегирующий
1919,Делегирующий
1920,Контролёр
1921,Контролёр
1922,Невидимый
1923,Контролёр
1924,Контролёр
1925,Контролёр
1926,Контролёр
1927,Делегирующий
1928,Контролёр
1929,Соучастник
1930,Контролёр
1931,Невидимый
1932,Невидимый
1933,Невидимый
1934,Невидимый
1935,Контролёр
1936,Невидимый
1937,Контролёр
1938,Делегирующий
1939,Невидимый
1940,Контролёр
1941,Делегирующий
1942,Контролёр
1943,Контролёр
1944,Невидимый
1945,Невидимый
1946,Соучастник
1947,Невидимый
1948,Невидимый
1949,Контролёр
1950,Контролёр
1951,Соучастник
1952,Контролёр
1953,Соучастник
1954,Соучастник
1955,Контролёр
1956,Делегирующий
1957,Контролёр
1958,Контролёр
1959,Делегирующий
1960,Соучастник
1961,Невидимый
1962,Делегирующий
1963,Делегирующий
1964,Контролёр
1965,Невидимый
1966,Контролёр
1967,Невидимый
1968,Контролёр
1969,Делегирующий
1970,Контролёр
1971,Контролёр
1972,Контролёр
1973,Соучастник
1974,Соучастник
1975,Соучастник
1976,Невидимый
1977,Невидимый
1978,Невидимый
1979,Контролёр
1980,Невидимый
1981,Невидимый
1982,Соучастник
1983,Невидимый
1984,Контролёр
1985,Контролёр
1986,Контролёр
1987,Делегирующий
1988,Контролёр
1989,Контролёр
1990,Делегирующий
1991,Контролёр
1992,Контролёр
1993,Невидимый
1994,Контролёр
1995,Невидимый
1996,Невидимый
1997,Контролёр
1998,Невидимый
1999,Невидимый
2000,Невидимый
2001,Контролёр
2002,Контролёр
2003,Невидимый
2004,Соучастник
2005,Контролёр
2006,Контролёр
2007,Невидимый
2008,Делегирующий
2009,Соучастник
2010,Контролёр
2011,Делегирующий
2012,Соучастник
2013,Невидимый
2014,Контролёр
2015,Делегирующий
2016,Контролёр
2017,Невидимый
2018,Соучастник
2019,Соучастник
2020,Делегирующий
2021,Контролёр
2022,Соучастник
2023,Контролёр
2024,Контролёр
2025,Контролёр
2026,Невидимый
2027,Контролёр
2028,Соучастник
2029,Невидимый
2030,Невидимый
2031,Контролёр
2032,Контролёр
2033,Контролёр
2034,Контролёр
2035,Контролёр
2036,Делегирующий
2037,Контролёр
2038,Контролёр
2039,Контролёр
2040,Контролёр
2041,Соучастник
2042,Контролёр
2043,Невидимый
2044,Невидимый
2045,Контролёр
2046,Невидимый
2047,Контролёр
2048,Невидимый
2049,Контролёр
2050,Контролёр
2051,Контролёр
2052,Соучастник
2053,Контролёр
2054,Делегирующий
2055,Невидимый
2056,Контролёр
2057,Делегирующий
2058,Контролёр
2059,Невидимый
2060,Соучастник
2061,Невидимый
2062,Соучастник
2063,Невидимый
2064,Соучастник
2065,Делегирующий
2066,Невидимый
2067,Контролёр
2068,Контролёр
2069,Делегирующий
2070,Контролёр
2071,Невидимый
2072,Контролёр
2073,Контролёр
2074,Контролёр
2075,Невидимый
2076,Делегирующий
2077,Невидимый
2078,Невидимый
2079,Контролёр
2080,Делегирующий
2081,Контролёр
2082,Соучастник
2083,Невидимый
2084,Контролёр
2085,Контролёр
2086,Контролёр
2087,Делегирующий
2088,Невидимый
2089,Соучастник
2090,Контролёр
2091,Контролёр
2092,Невидимый
2093,Невидимый
2094,Соучастник
2095,Контролёр
2096,Делегирующий
2097,Невидимый
2098,Контролёр
2099,Делегирующий
2100,Делегирующий
2101,Контролёр
2102,Невидимый
2103,Контролёр
2104,Контролёр
2105,Соучастник
2106,Делегирующий
2107,Контролёр
2108,Невидимый
2109,Невидимый
2110,Делегирующий
2111,Контролёр
2112,Невидимый
2113,Невидимый
2114,Соучастник
2115,Контролёр
2116,Контролёр
2117,Невидимый
2118,Невидимый
2119,Невидимый
2120,Контролёр
2121,Контролёр
2122,Соучастник
2123,Невидимый
2124,Контролёр
2125,Контролёр
2126,Невидимый
2127,Невидимый
2128,Контролёр
2129,Невидимый
2130,Невидимый
2131,Делегирующий
2132,Контролёр
2133,Соучастник
2134,Невидимый
2135,Невидимый
2136,Невидимый
2137,Соучастник
2138,Невидимый
2139,Невидимый
2140,Контролёр
2141,Невидимый
2142,Соучастник
2143,Контролёр
2144,Невидимый
2145,Контролёр
2146,Соучастник
2147,Контролёр
2148,Невидимый
2149,Контролёр
2150,Контролёр
2151,Контролёр
2152,Невидимый
2153,Контролёр
2154,Контролёр
2155,Соучастник
2156,Соучастник
2157,Делегирующий
2158,Контролёр
2159,Делегирующий
2160,Контролёр
2161,Невидимый
2162,Делегирующий
2163,Контролёр
2164,Делегирующий
2165,Контролёр
2166,Невидимый
2167,Невидимый
2168,Контролёр
2169,Контролёр
2170,Невидимый
2171,Соучастник
2172,Невидимый
2173,Невидимый
2174,Невидимый
2175,Соучастник
2176,Контролёр
2177,Невидимый
2178,Невидимый
2179,Контролёр
2180,Невидимый
2181,Невидимый
2182,Делегирующий
2183,Контролёр
2184,Делегирующий
2185,Невидимый
2186,Соучастник
2187,Соучастник
2188,Соучастник
2189,Невидимый
2190,Соучастник
2191,Делегирующий
2192,Контролёр
2193,Контролёр
2194,Невидимый
2195,Контролёр
2196,Делегирующий
2197,Соучастник
2198,Невидимый
2199,Контролёр
2200,Невидимый
2201,Делегирующий
2202,Невидимый
2203,Невидимый
2204,Делегирующий
2205,Контролёр
2206,Соучастник
2207,Делегирующий
2208,Контролёр
2209,Контролёр
2210,Делегирующий
2211,Контролёр
2212,Соучастник
2213,Невидимый
2214,Контролёр
2215,Соучастник
2216,Невидимый
2217,Невидимый
2218,Невидимый
2219,Невидимый
2220,Контролёр
2221,Контролёр
2222,Контролёр
2223,Делегирующий
2224,Делегирующий
2225,Контролёр
2226,Контролёр
2227,Невидимый
2228,Контролёр
2229,Невидимый
2230,Делегирующий
2231,Контролёр
2232,Контролёр
2233,Контролёр
2234,Соучастник
2235,Невидимый
2236,Соучастник
2237,Контролёр
2238,Контролёр
2239,Делегирующий
2240,Делегирующий
2241,Контролёр
2242,Невидимый
2243,Контролёр
2244,Контролёр
2245,Контролёр
2246,Контролёр
2247,Соучастник
2248,Контролёр
2249,Соучастник
2250,Невидимый
2251,Контролёр
2252,Соучастник
2253,Контролёр
2254,Контролёр
2255,Делегирующий
2256,Контролёр
2257,Делегирующий
2258,Невидимый
2259,Делегирующий
2260,Контролёр
2261,Делегирующий
2262,Невидимый
2263,Делегирующий
2264,Контролёр
2265,Делегирующий
2266,Контролёр
2267,Контролёр
2268,Контролёр
2269,Делегирующий
2270,Контролёр
2271,Невидимый
2272,Контролёр
2273,Контролёр
2274,Невидимый
2275,Невидимый
2276,Делегирующий
2277,Контролёр
2278,Соучастник
2279,Контролёр
2280,Контролёр
2281,Невидимый
2282,Делегирующий
2283,Контролёр
2284,Невидимый
2285,Невидимый
2286,Контролёр
2287,Невидимый
2288,Невидимый
2289,Делегирующий
2290,Делегирующий
2291,Контролёр
2292,Невидимый
2293,Соучастник
2294,Контролёр
2295,Контролёр
2296,Контролёр
2297,Делегирующий
2298,Соучастник
2299,Соучастник
2300,Делегирующий
2301,Контролёр
2302,Контролёр
2303,Контролёр
2304,Контролёр
2305,Контролёр
2306,Контролёр
2307,Невидимый
2308,Делегирующий
2309,Контролёр
2310,Невидимый
2311,Контролёр
2312,Контролёр
2313,Невидимый
2314,Контролёр
2315,Соучастник
2316,Контролёр
2317,Делегирующий
2318,Делегирующий
2319,Невидимый
2320,Невидимый
2321,Контролёр
2322,Невидимый
2323,Соучастник
2324,Контролёр
2325,Контролёр
2326,Невидимый
2327,Соучастник
2328,Делегирующий
2329,Соучастник
2330,Невидимый
2331,Соучастник
2332,Контролёр
2333,Контролёр
2334,Невидимый
2335,Контролёр
2336,Делегирующий
2337,Контролёр
2338,Невидимый
2339,Соучастник
2340,Контролёр
2341,Контролёр
2342,Контролёр
2343,Делегирующий
2344,Контролёр
2345,Контролёр
2346,Соучастник
2347,Делегирующий
2348,Невидимый
2349,Делегирующий
2350,Контролёр
2351,Контролёр
2352,Контролёр
2353,Невидимый
2354,Невидимый
2355,Контролёр
2356,Делегирующий
2357,Делегирующий
2358,Невидимый
2359,Невидимый
2360,Соучастник
2361,Невидимый
2362,Соучастник
2363,Контролёр
2364,Соучастник
2365,Контролёр
2366,Контролёр
2367,Соучастник
2368,Делегирующий
2369,Контролёр
2370,Делегирующий
2371,Контролёр
2372,Невидимый
2373,Контролёр
2374,Делегирующий
2375,Контролёр
2376,Делегирующий
2377,Контролёр
2378,Делегирующий
2379,Делегирующий
2380,Контролёр
2381,Делегирующий
2382,Невидимый
2383,Контролёр
2384,Контролёр
2385,Контролёр
2386,Контролёр
2387,Невидимый
2388,Контролёр
2389,Контролёр
2390,Контролёр
2391,Соучастник
2392,Контролёр
2393,Контролёр
2394,Контролёр
2395,Делегирующий
2396,Контролёр
2397,Соучастник
2398,Контролёр
2399,Контролёр
2400,Контролёр
2401,Делегирующий
2402,Соучастник
2403,Контролёр
2404,Соучастник
2405,Делегирующий
2406,Контролёр
2407,Делегирующий
2408,Делегирующий
2409,Делегирующий
2410,Делегирующий
2411,Контролёр
2412,Соучастник
2413,Контролёр
2414,Соучастник
2415,Контролёр
2416,Невидимый
2417,Контролёр
2418,Делегирующий
2419,Контролёр
2420,Невидимый
2421,Невидимый
2422,Контролёр
2423,Соучастник
2424,Делегирующий
2425,Контролёр
2426,Соучастник
2427,Невидимый
2428,Делегирующий
2429,Контролёр
2430,Делегирующий
2431,Делегирующий
2432,Делегирующий
2433,Контролёр
2434,Соучастник
2435,Контролёр
2436,Контролёр
2437,Контролёр
2438,Делегирующий
2439,Контролёр
2440,Невидимый
2441,Контролёр
2442,Делегирующий
2443,Контролёр
2444,Невидимый
2445,Контролёр
2446,Соучастник
2447,Соучастник
2448,Невидимый
2449,Соучастник
2450,Невидимый
2451,Контролёр
2452,Контролёр
2453,Соучастник
2454,Невидимый
2455,Контролёр
2456,Невидимый
2457,Контролёр
2458,Соучастник
2459,Делегирующий
2460,Контролёр
2461,Контролёр
2462,Делегирующий
2463,Соучастник
2464,Соучастник
2465,Контролёр
2466,Невидимый
2467,Контролёр
2468,Делегирующий
2469,Контролёр
2470,Делегирующий
2471,Контролёр
2472,Невидимый
2473,Делегирующий
2474,Соучастник
2475,Невидимый
2476,Контролёр
2477,Контролёр
2478,Контролёр
2479,Делегирующий
2480,Соучастник
2481,Делегирующий
2482,Невидимый
2483,Невидимый
2484,Контролёр
2485,Контролёр
2486,Делегирующий
2487,Невидимый
2488,Соучастник
2489,Невидимый
2490,Делегирующий
2491,Невидимый
2492,Невидимый
2493,Соучастник
2494,Соучастник
2495,Невидимый
2496,Делегирующий
2497,Соучастник
2498,Делегирующий
2499,Невидимый
2500,Невидимый
2501,Контролёр
2502,Контролёр
2503,Контролёр
2504,Контролёр
2505,Невидимый
2506,Делегирующий
2507,Невидимый
2508,Соучастник
2509,Невидимый
2510,Контролёр
2511,Делегирующий
2512,Делегирующий
2513,Невидимый
2514,Соучастник
2515,Соучастник
2516,Невидимый
2517,Контролёр
2518,Невидимый
2519,Невидимый
2520,Контролёр
2521,Делегирующий
2522,Невидимый
2523,Невидимый
2524,Контролёр
2525,Делегирующий
2526,Контролёр
2527,Невидимый
2528,Невидимый
2529,Соучастник
2530,Делегирующий
2531,Контролёр
2532,Контролёр
2533,Контролёр
2534,Невидимый
2535,Невидимый
2536,Невидимый
2537,Соучастник
2538,Невидимый
2539,Контролёр
2540,Контролёр
2541,Невидимый
2542,Делегирующий
2543,Невидимый
2544,Делегирующий
2545,Контролёр
2546,Невидимый
2547,Делегирующий
2548,Невидимый
2549,Контролёр
2550,Соучастник
2551,Контролёр
2552,Делегирующий
2553,Делегирующий
2554,Невидимый
2555,Делегирующий
2556,Контролёр
2557,Контролёр
2558,Контролёр
2559,Контролёр
2560,Контролёр
2561,Делегирующий
2562,Контролёр
2563,Делегирующий
2564,Контролёр
2565,Контролёр
2566,Контролёр
2567,Соучастник
2568,Невидимый
2569,Контролёр
2570,Контролёр
2571,Невидимый
2572,Делегирующий
2573,Невидимый
2574,Контролёр
2575,Невидимый
2576,Делегирующий
2577,Соучастник
2578,Невидимый
2579,Контролёр
2580,Невидимый
2581,Невидимый
2582,Невидимый
2583,Соучастник
2584,Невидимый
2585,Делегирующий
2586,Невидимый
2587,Делегирующий
2588,Контролёр
2589,Контролёр
2590,Невидимый
2591,Контролёр
2592,Соучастник
2593,Контролёр
2594,Невидимый
2595,Контролёр
2596,Контролёр
2597,Делегирующий
2598,Невидимый
2599,Невидимый
2600,Контролёр
2601,Соучастник
2602,Соучастник
2603,Невидимый
2604,Невидимый
2605,Контролёр
2606,Делегирующий
2607,Контролёр
2608,Контролёр
2609,Невидимый
2610,Соучастник
2611,Контролёр
2612,Контролёр
2613,Делегирующий
2614,Невидимый
2615,Делегирующий
2616,Соучастник
2617,Контролёр
2618,Контролёр
2619,Контролёр
2620,Соучастник
2621,Делегирующий
2622,Соучастник
2623,Контролёр
2624,Контролёр
2625,Контролёр
2626,Соучастник
2627,Контролёр
2628,Контролёр
2629,Невидимый
2630,Невидимый
2631,Делегирующий
2632,Делегирующий
2633,Контролёр
2634,Делегирующий
2635,Соучастник
2636,Невидимый
2637,Контролёр
2638,Невидимый
2639,Контролёр
2640,Контролёр
2641,Невидимый
2642,Контролёр
2643,Контролёр
2644,Контролёр
2645,Контролёр
2646,Невидимый
2647,Соучастник
2648,Контролёр
2649,Контролёр
2650,Делегирующий
2651,Невидимый
2652,Контролёр
2653,Делегирующий
2654,Невидимый
2655,Контролёр
2656,Контролёр
2657,Контролёр
2658,Соучастник
2659,Невидимый
2660,Соучастник
2661,Контролёр
2662,Соучастник
2663,Делегирующий
2664,Контролёр
2665,Контролёр
2666,Контролёр
2667,Соучастник
2668,Невидимый
2669,Соучастник
2670,Невидимый
2671,Делегирующий
2672,Невидимый
2673,Делегирующий
2674,Контролёр
2675,Контролёр
2676,Делегирующий
2677,Соучастник
2678,Контролёр
2679,Контролёр
2680,Невидимый
2681,Невидимый
2682,Невидимый
2683,Невидимый
2684,Делегирующий
2685,Невидимый
2686,Невидимый
2687,Невидимый
2688,Делегирующий
2689,Невидимый
2690,Контролёр
2691,Соучастник
2692,Контролёр
2693,Делегирующий
2694,Невидимый
2695,Невидимый
2696,Невидимый
2697,Контролёр
2698,Соучастник
2699,Контролёр
2700,Невидимый
2701,Невидимый
2702,Невидимый
2703,Контролёр
2704,Невидимый
2705,Соучастник
2706,Делегирующий
2707,Невидимый
2708,Невидимый
2709,Контролёр
2710,Контролёр
2711,Соучастник
2712,Делегирующий
2713,Делегирующий
2714,Невидимый
2715,Соучастник
2716,Невидимый
2717,Невидимый
2718,Контролёр
2719,Контролёр
2720,Соучастник
2721,Контролёр
2722,Невидимый
2723,Соучастник
2724,Невидимый
2725,Невидимый
2726,Делегирующий
2727,Невидимый
2728,Соучастник
2729,Невидимый
2730,Соучастник
2731,Соучастник
2732,Соучастник
2733,Невидимый
2734,Контролёр
2735,Невидимый
2736,Контролёр
2737,Невидимый
2738,Невидимый
2739,Невидимый
2740,Контролёр
2741,Невидимый
2742,Делегирующий
2743,Контролёр
2744,Невидимый
2745,Соучастник
2746,Делегирующий
2747,Контролёр
2748,Невидимый
2749,Делегирующий
2750,Невидимый
2751,Контролёр
2752,Контролёр
2753,Невидимый
2754,Контролёр
2755,Соучастник
2756,Невидимый
2757,Соучастник
2758,Соучастник
2759,Невидимый
2760,Соучастник
2761,Соучастник
2762,Соучастник
2763,Невидимый
2764,Делегирующий
2765,Делегирующий
2766,Делегирующий
2767,Делегирующий
2768,Делегирующий
2769,Невидимый
2770,Контролёр
2771,Невидимый
2772,Невидимый
2773,Невидимый
2774,Контролёр
2775,Невидимый
2776,Делегирующий
2777,Контролёр
2778,Контролёр
2779,Соучастник
2780,Контролёр
2781,Невидимый
2782,Контролёр
2783,Невидимый
2784,Контролёр
2785,Делегирующий
2786,Невидимый
2787,Соучастник
2788,Контролёр
2789,Невидимый
2790,Невидимый
2791,Невидимый
2792,Контролёр
2793,Соучастник
2794,Соучастник
2795,Контролёр
2796,Соучастник
2797,Контролёр
2798,Делегирующий
2799,Соучастник
2800,Контролёр
2801,Невидимый
2802,Контролёр
2803,Делегирующий
2804,Контролёр
2805,Соучастник
2806,Невидимый
2807,Соучастник
2808,Невидимый
2809,Делегирующий
2810,Соучастник
2811,Контролёр
2812,Контролёр
2813,Делегирующий
2814,Контролёр
2815,Делегирующий
2816,Делегирующий
2817,Контролёр
2818,Делегирующий
2819,Соучастник
2820,Контролёр
2821,Контролёр
2822,Контролёр
2823,Контролёр
2824,Делегирующий
2825,Соучастник
2826,Соучастник
2827,Контролёр
2828,Делегирующий
2829,Невидимый
2830,Контролёр
2831,Невидимый
2832,Невидимый
2833,Контролёр
2834,Делегирующий
2835,Контролёр
2836,Соучастник
2837,Соучастник
2838,Контролёр
2839,Соучастник
2840,Контролёр
2841,Невидимый
2842,Делегирующий
2843,Делегирующий
2844,Контролёр
2845,Невидимый
2846,Невидимый
2847,Невидимый
2848,Делегирующий
2849,Контролёр
2850,Контролёр
2851,Невидимый
2852,Контролёр
2853,Контролёр
2854,Невидимый
2855,Контролёр
2856,Контролёр
2857,Соучастник
2858,Невидимый
2859,Невидимый
2860,Контролёр
2861,Невидимый
2862,Соучастник
2863,Контролёр
2864,Невидимый
2865,Невидимый
2866,Невидимый
2867,Невидимый
2868,Делегирующий
2869,Невидимый
2870,Соучастник
2871,Контролёр
2872,Невидимый
2873,Невидимый
2874,Контролёр
2875,Делегирующий
2876,Соучастник
2877,Контролёр
2878,Делегирующий
2879,Делегирующий
2880,Контролёр
2881,Контролёр
2882,Делегирующий
2883,Контролёр
2884,Невидимый
2885,Делегирующий
2886,Соучастник
2887,Контролёр
2888,Контролёр
2889,Контролёр
2890,Контролёр
2891,Делегирующий
2892,Делегирующий
2893,Контролёр
2894,Делегирующий
2895,Невидимый
2896,Невидимый
2897,Невидимый
2898,Контролёр
2899,Невидимый
2900,Невидимый
2901,Соучастник
2902,Невидимый
2903,Невидимый
2904,Соучастник
2905,Невидимый
2906,Соучастник
2907,Соучастник
2908,Контролёр
2909,Контролёр
2910,Контролёр
2911,Делегирующий
2912,Невидимый
2913,Контролёр
2914,Невидимый
2915,Контролёр
2916,Делегирующий
2917,Контролёр
2918,Контролёр
2919,Делегирующий
2920,Невидимый
2921,Контролёр
2922,Невидимый
2923,Невидимый
2924,Невидимый
2925,Невидимый
2926,Контролёр
2927,Невидимый
2928,Соучастник
2929,Контролёр
2930,Невидимый
2931,Невидимый
2932,Невидимый
2933,Невидимый
2934,Контролёр
2935,Контролёр
2936,Контролёр
2937,Невидимый
2938,Контролёр
2939,Соучастник
2940,Контролёр
2941,Контролёр
2942,Делегирующий
2943,Контролёр
2944,Делегирующий
2945,Соучастник
2946,Делегирующий
2947,Соучастник
2948,Делегирующий
2949,Невидимый
2950,Невидимый
2951,Делегирующий
2952,Невидимый
2953,Невидимый
2954,Невидимый
2955,Делегирующий
2956,Невидимый
2957,Контролёр
2958,Контролёр
2959,Делегирующий
2960,Невидимый
2961,Делегирующий
2962,Невидимый
2963,Контролёр
2964,Контролёр
2965,Контролёр
2966,Контролёр
2967,Контролёр
2968,Контролёр
2969,Контролёр
2970,Контролёр
2971,Контролёр
2972,Невидимый
2973,Контролёр
2974,Невидимый
2975,Контролёр
2976,Контролёр
2977,Соучастник
2978,Контролёр
2979,Контролёр
2980,Делегирующий
2981,Контролёр
2982,Контролёр
2983,Делегирующий
2984,Контролёр
2985,Контролёр
2986,Контролёр
2987,Соучастник
2988,Соучастник
2989,Контролёр
2990,Соучастник
2991,Контролёр
2992,Контролёр
2993,Невидимый
2994,Невидимый
2995,Контролёр
2996,Невидимый
2997,Контролёр
2998,Невидимый
2999,Невидимый
3000,Контролёр
3001,Делегирующий
3002,Делегирующий
3003,Соучастник
3004,Невидимый
3005,Соучастник
3006,Контролёр
3007,Контролёр
3008,Контролёр
3009,Контролёр
3010,Невидимый
3011,Соучастник
3012,Невидимый
3013,Делегирующий
3014,Контролёр
3015,Делегирующий
3016,Делегирующий
3017,Контролёр
3018,Соучастник
3019,Контролёр
3020,Контролёр
3021,Контролёр
3022,Контролёр
3023,Невидимый
3024,Невидимый
3025,Контролёр
3026,Делегирующий
3027,Соучастник
3028,Контролёр
3029,Соучастник
3030,Соучастник
3031,Контролёр
3032,Контролёр
3033,Контролёр
3034,Контролёр
3035,Контролёр
3036,Контролёр
3037,Делегирующий
3038,Контролёр
3039,Невидимый
3040,Соучастник
3041,Невидимый
3042,Контролёр
3043,Контролёр
3044,Контролёр
3045,Невидимый
3046,Невидимый
3047,Контролёр
3048,Контролёр
3049,Невидимый
3050,Невидимый
3051,Невидимый
3052,Невидимый
3053,Делегирующий
3054,Контролёр
3055,Контролёр
3056,Контролёр
3057,Контролёр
3058,Соучастник
3059,Невидимый
3060,Невидимый
3061,Делегирующий
3062,Невидимый
3063,Контролёр
3064,Невидимый
3065,Невидимый
3066,Соучастник
3067,Соучастник
3068,Делегирующий
3069,Невидимый
3070,Контролёр
3071,Невидимый
3072,Делегирующий
3073,Невидимый
3074,Делегирующий
3075,Невидимый
3076,Невидимый
3077,Контролёр
3078,Соучастник
3079,Невидимый
3080,Соучастник
3081,Делегирующий
3082,Невидимый
3083,Невидимый
3084,Невидимый
3085,Делегирующий
3086,Делегирующий
3087,Контролёр
3088,Делегирующий
3089,Делегирующий
3090,Невидимый
3091,Контролёр
3092,Делегирующий
3093,Контролёр
3094,Соучастник
3095,Контролёр
3096,Невидимый
3097,Контролёр
3098,Контролёр
3099,Невидимый
3100,Невидимый
3101,Соучастник
3102,Контролёр
3103,Невидимый
3104,Невидимый
3105,Контролёр
3106,Соучастник
3107,Контролёр
3108,Соучастник
3109,Контролёр
3110,Невидимый
3111,Делегирующий
3112,Невидимый
3113,Контролёр
3114,Делегирующий
3115,Контролёр
3116,Делегирующий
3117,Контролёр
3118,Невидимый
3119,Невидимый
3120,Соучастник
3121,Соучастник
3122,Невидимый
3123,Соучастник
3124,Контролёр
3125,Невидимый
3126,Контролёр
3127,Делегирующий
3128,Невидимый
3129,Невидимый
3130,Невидимый
3131,Контролёр
3132,Соучастник
3133,Контролёр
3134,Невидимый
3135,Контролёр
3136,Невидимый
3137,Контролёр
3138,Делегирующий
3139,Контролёр
3140,Невидимый
3141,Невидимый
3142,Делегирующий
3143,Соучастник
3144,Невидимый
3145,Делегирующий
3146,Соучастник
3147,Невидимый
3148,Невидимый
3149,Соучастник
3150,Делегирующий
3151,Контролёр
3152,Контролёр
3153,Невидимый
3154,Невидимый
3155,Невидимый
3156,Делегирующий
3157,Делегирующий
3158,Делегирующий
3159,Невидимый
3160,Соучастник
3161,Контролёр
3162,Делегирующий
3163,Невидимый
3164,Делегирующий
3165,Делегирующий
3166,Контролёр
3167,Делегирующий
3168,Контролёр
3169,Контролёр
3170,Невидимый
3171,Невидимый
3172,Делегирующий
3173,Невидимый
3174,Контролёр
3175,Невидимый
3176,Контролёр
3177,Делегирующий
3178,Контролёр
3179,Контролёр
3180,Невидимый
3181,Контролёр
3182,Невидимый
3183,Невидимый
3184,Соучастник
3185,Невидимый
3186,Делегирующий
3187,Контролёр
3188,Невидимый
3189,Контролёр
3190,Контролёр
3191,Делегирующий
3192,Соучастник
3193,Невидимый
3194,Невидимый
3195,Соучастник
3196,Невидимый
3197,Делегирующий
3198,Делегирующий
3199,Невидимый
3200,Невидимый
3201,Невидимый
3202,Контролёр
3203,Невидимый
3204,Контролёр
3205,Невидимый
3206,Контролёр
3207,Невидимый
3208,Контролёр
3209,Контролёр
3210,Контролёр
3211,Контролёр
3212,Делегирующий
3213,Соучастник
3214,Контролёр
3215,Делегирующий
3216,Невидимый
3217,Делегирующий
3218,Контролёр
3219,Невидимый
3220,Контролёр
3221,Делегирующий
3222,Невидимый
3223,Контролёр
3224,Невидимый
3225,Контролёр
3226,Делегирующий
3227,Контролёр
3228,Делегирующий
3229,Делегирующий
3230,Контролёр
3231,Соучастник
3232,Контролёр
3233,Контролёр
3234,Контролёр
3235,Делегирующий
3236,Контролёр
3237,Контролёр
3238,Контролёр
3239,Невидимый
3240,Делегирующий
3241,Делегирующий
3242,Соучастник
3243,Контролёр
3244,Контролёр
3245,Делегирующий
3246,Контролёр
3247,Контролёр
3248,Соучастник
3249,Контролёр
3250,Соучастник
3251,Невидимый
3252,Контролёр
3253,Невидимый
3254,Контролёр
3255,Контролёр
3256,Контролёр
3257,Невидимый
3258,Соучастник
3259,Невидимый
3260,Контролёр
3261,Контролёр
3262,Делегирующий
3263,Соучастник
3264,Невидимый
3265,Делегирующий
3266,Контролёр
3267,Контролёр
3268,Контролёр
3269,Невидимый
3270,Делегирующий
3271,Невидимый
3272,Невидимый
3273,Соучастник
3274,Соучастник
3275,Соучастник
3276,Делегирующий
3277,Невидимый
3278,Делегирующий
3279,Контролёр
3280,Контролёр
3281,Контролёр
3282,Соучастник
3283,Невидимый
3284,Контролёр
3285,Невидимый
3286,Невидимый
3287,Невидимый
3288,Контролёр
3289,Соучастник
3290,Контролёр
3291,Контролёр
3292,Контролёр
3293,Контролёр
3294,Контролёр
3295,Контролёр
3296,Невидимый
3297,Соучастник
3298,Невидимый
3299,Делегирующий
3300,Соучастник
3301,Невидимый
3302,Контролёр
3303,Невидимый
3304,Невидимый
3305,Невидимый
3306,Делегирующий
3307,Невидимый
3308,Соучастник
3309,Контролёр
3310,Контролёр
3311,Контролёр
3312,Невидимый
3313,Контролёр
3314,Невидимый
3315,Делегирующий
3316,Соучастник
3317,Контролёр
3318,Невидимый
3319,Делегирующий
3320,Невидимый
3321,Невидимый
3322,Соучастник
3323,Контролёр
3324,Контролёр
3325,Контролёр
3326,Соучастник
3327,Невидимый
3328,Контролёр
3329,Невидимый
3330,Невидимый
3331,Делегирующий
3332,Невидимый
3333,Делегирующий
3334,Контролёр
3335,Делегирующий
3336,Соучастник
3337,Контролёр
3338,Контролёр
3339,Делегирующий
3340,Контролёр
3341,Делегирующий
3342,Контролёр
3343,Контролёр
3344,Контролёр
3345,Контролёр
3346,Контролёр
3347,Контролёр
3348,Контролёр
3349,Контролёр
3350,Контролёр
3351,Контролёр
3352,Контролёр
3353,Контролёр
3354,Контролёр
3355,Делегирующий
3356,Невидимый
3357,Контролёр
3358,Контролёр
3359,Невидимый
3360,Контролёр
3361,Невидимый
3362,Контролёр
3363,Невидимый
3364,Контролёр
3365,Соучастник
3366,Контролёр
3367,Невидимый
3368,Невидимый
3369,Делегирующий
3370,Невидимый
3371,Невидимый
3372,Контролёр
3373,Делегирующий
3374,Контролёр
3375,Контролёр
3376,Контролёр
3377,Контролёр
3378,Невидимый
3379,Делегирующий
3380,Невидимый
3381,Делегирующий
3382,Контролёр
3383,Невидимый
3384,Невидимый
3385,Соучастник
3386,Контролёр
3387,Соучастник
3388,Соучастник
3389,Делегирующий
3390,Соучастник
3391,Делегирующий
3392,Невидимый
3393,Контролёр
3394,Контролёр
3395,Невидимый
3396,Контролёр
3397,Контролёр
3398,Соучастник
3399,Контролёр
3400,Невидимый
3401,Контролёр
3402,Делегирующий
3403,Контролёр
3404,Невидимый
3405,Контролёр
3406,Контролёр
3407,Контролёр
3408,Делегирующий
3409,Делегирующий
3410,Невидимый
3411,Невидимый
3412,Делегирующий
3413,Контролёр
3414,Делегирующий
3415,Делегирующий
3416,Контролёр
3417,Контролёр
3418,Невидимый
3419,Контролёр
3420,Невидимый
3421,Соучастник
3422,Контролёр
3423,Контролёр
3424,Контролёр
3425,Делегирующий
3426,Невидимый
3427,Контролёр
3428,Контролёр
3429,Невидимый
3430,Контролёр
3431,Невидимый
3432,Контролёр
3433,Невидимый
3434,Контролёр
3435,Делегирующий
3436,Невидимый
3437,Невидимый
3438,Невидимый
3439,Делегирующий
3440,Соучастник
3441,Контролёр
3442,Делегирующий
3443,Контролёр
3444,Соучастник
3445,Невидимый
3446,Контролёр
3447,Делегирующий
3448,Невидимый
3449,Делегирующий
3450,Соучастник
3451,Контролёр
3452,Контролёр
3453,Делегирующий
3454,Делегирующий
3455,Невидимый
3456,Делегирующий
3457,Соучастник
3458,Невидимый
3459,Контролёр
3460,Контролёр
3461,Невидимый
3462,Контролёр
3463,Делегирующий
3464,Контролёр
3465,Контролёр
3466,Невидимый
3467,Контролёр
3468,Невидимый
3469,Контролёр
3470,Контролёр
3471,Контролёр
3472,Невидимый
3473,Делегирующий
3474,Делегирующий
3475,Контролёр
3476,Невидимый
3477,Контролёр
3478,Делегирующий
3479,Контролёр
3480,Соучастник
3481,Делегирующий
3482,Делегирующий
3483,Соучастник
3484,Соучастник
3485,Невидимый
3486,Невидимый
3487,Невидимый
3488,Контролёр
3489,Контролёр
3490,Невидимый
3491,Соучастник
3492,Контролёр
3493,Невидимый
3494,Делегирующий
3495,Соучастник
3496,Невидимый
3497,Делегирующий
3498,Соучастник
3499,Делегирующий
3500,Контролёр
3501,Контролёр
3502,Контролёр
3503,Делегирующий
3504,Контролёр
3505,Контролёр
3506,Контролёр
3507,Соучастник
3508,Контролёр
3509,Делегирующий
3510,Контролёр
3511,Невидимый
3512,Невидимый
3513,Контролёр
3514,Делегирующий
3515,Соучастник
3516,Соучастник
3517,Контролёр
3518,Контролёр
3519,Контролёр
3520,Контролёр
3521,Невидимый
3522,Контролёр
3523,Соучастник
3524,Невидимый
3525,Контролёр
3526,Делегирующий
3527,Невидимый
3528,Контролёр
3529,Контролёр
3530,Контролёр
3531,Контролёр
3532,Контролёр
3533,Невидимый
3534,Невидимый
3535,Делегирующий
3536,Невидимый
3537,Контролёр
3538,Соучастник
3539,Делегирующий
3540,Контролёр
3541,Делегирующий
3542,Невидимый
3543,Невидимый
3544,Контролёр
3545,Контролёр
3546,Соучастник
3547,Невидимый
3548,Невидимый
3549,Невидимый
3550,Невидимый
3551,Невидимый
3552,Соучастник
3553,Делегирующий
3554,Делегирующий
3555,Контролёр
3556,Невидимый
3557,Невидимый
3558,Соучастник
3559,Соучастник
3560,Невидимый
3561,Делегирующий
3562,Соучастник
3563,Контролёр
3564,Контролёр
3565,Невидимый
3566,Делегирующий
3567,Невидимый
3568,Невидимый
3569,Невидимый
3570,Невидимый
3571,Соучастник
3572,Контролёр
3573,Соучастник
3574,Невидимый
3575,Соучастник
3576,Контролёр
3577,Невидимый
3578,Контролёр
3579,Контролёр
3580,Соучастник
3581,Невидимый
3582,Делегирующий
3583,Делегирующий
3584,Контролёр
3585,Невидимый
3586,Невидимый
3587,Контролёр
3588,Невидимый
3589,Делегирующий
3590,Соучастник
3591,Невидимый
3592,Контролёр
3593,Невидимый
3594,Невидимый
3595,Контролёр
3596,Делегирующий
3597,Невидимый
3598,Невидимый
3599,Контролёр
3600,Невидимый
3601,Соучастник
3602,Делегирующий
3603,Контролёр
3604,Контролёр
3605,Невидимый
3606,Делегирующий
3607,Соучастник
3608,Контролёр
3609,Контролёр
3610,Контролёр
3611,Делегирующий
3612,Делегирующий
3613,Контролёр
3614,Невидимый
3615,Контролёр
3616,Контролёр
3617,Невидимый
3618,Невидимый
3619,Невидимый
3620,Контролёр
3621,Невидимый
3622,Невидимый
3623,Контролёр
3624,Соучастник
3625,Соучастник
3626,Невидимый
3627,Соучастник
3628,Невидимый
3629,Делегирующий
3630,Контролёр
3631,Невидимый
3632,Делегирующий
3633,Делегирующий
3634,Делегирующий
3635,Контролёр
3636,Контролёр
3637,Невидимый
3638,Контролёр
3639,Контролёр
3640,Контролёр
3641,Невидимый
3642,Соучастник
3643,Соучастник
3644,Невидимый
3645,Невидимый
3646,Контролёр
3647,Делегирующий
3648,Невидимый
3649,Соучастник
3650,Невидимый
3651,Контролёр
3652,Контролёр
3653,Контролёр
3654,Контролёр
3655,Контролёр
3656,Контролёр
3657,Соучастник
3658,Контролёр
3659,Невидимый
3660,Контролёр
3661,Контролёр
3662,Невидимый
3663,Невидимый
3664,Контролёр
3665,Соучастник
3666,Соучастник
3667,Контролёр
3668,Контролёр
3669,Делегирующий
3670,Соучастник
3671,Контролёр
3672,Контролёр
3673,Контролёр
3674,Контролёр
3675,Делегирующий
3676,Невидимый
3677,Невидимый
3678,Контролёр
3679,Контролёр
3680,Контролёр
3681,Контролёр
3682,Невидимый
3683,Соучастник
3684,Контролёр
3685,Невидимый
3686,Соучастник
3687,Невидимый
3688,Контролёр
3689,Невидимый
3690,Соучастник
3691,Соучастник
3692,Делегирующий
3693,Соучастник
3694,Соучастник
3695,Соучастник
3696,Контролёр
3697,Контролёр
3698,Делегирующий
3699,Невидимый
3700,Контролёр
3701,Делегирующий
3702,Невидимый
3703,Контролёр
3704,Соучастник
3705,Невидимый
3706,Контролёр
3707,Контролёр
3708,Контролёр
3709,Контролёр
3710,Соучастник
3711,Контролёр
3712,Соучастник
3713,Контролёр
3714,Делегирующий
3715,Невидимый
3716,Соучастник
3717,Делегирующий
3718,Делегирующий
3719,Контролёр
3720,Невидимый
3721,Контролёр
3722,Невидимый
3723,Делегирующий
3724,Контролёр
3725,Невидимый
3726,Невидимый
3727,Контролёр
3728,Невидимый
3729,Невидимый
3730,Контролёр
3731,Невидимый
3732,Контролёр
3733,Контролёр
3734,Невидимый
3735,Контролёр
3736,Делегирующий
3737,Контролёр
3738,Соучастник
3739,Контролёр
3740,Невидимый
3741,Делегирующий
3742,Невидимый
3743,Соучастник
3744,Контролёр
3745,Невидимый
3746,Делегирующий
3747,Невидимый
3748,Соучастник
3749,Делегирующий
3750,Соучастник
3751,Контролёр
3752,Невидимый
3753,Контролёр
3754,Невидимый
3755,Невидимый
3756,Контролёр
3757,Контролёр
3758,Контролёр
3759,Контролёр
3760,Невидимый
3761,Соучастник
3762,Контролёр
3763,Делегирующий
3764,Контролёр
3765,Невидимый
3766,Невидимый
3767,Контролёр
3768,Невидимый
3769,Делегирующий
3770,Соучастник
3771,Невидимый
3772,Делегирующий
3773,Делегирующий
3774,Контролёр
3775,Контролёр
3776,Контролёр
3777,Делегирующий
3778,Делегирующий
3779,Невидимый
3780,Делегирующий
3781,Делегирующий
3782,Контролёр
3783,Делегирующий
3784,Делегирующий
3785,Делегирующий
3786,Контролёр
3787,Невидимый
3788,Невидимый
3789,Контролёр
3790,Делегирующий
3791,Невидимый
3792,Контролёр
3793,Контролёр
3794,Контролёр
3795,Контролёр
3796,Делегирующий
3797,Соучастник
3798,Контролёр
3799,Контролёр
3800,Невидимый
3801,Соучастник
3802,Контролёр
3803,Соучастник
3804,Контролёр
3805,Делегирующий
3806,Невидимый
3807,Делегирующий
3808,Невидимый
3809,Делегирующий
3810,Соучастник
3811,Невидимый
3812,Делегирующий
3813,Невидимый
3814,Невидимый
3815,Невидимый
3816,Контролёр
3817,Делегирующий
3818,Невидимый
3819,Невидимый
3820,Делегирующий
3821,Контролёр
3822,Делегирующий
3823,Контролёр
3824,Контролёр
3825,Контролёр
3826,Невидимый
3827,Невидимый
3828,Соучастник
3829,Невидимый
3830,Невидимый
3831,Делегирующий
3832,Соучастник
3833,Контролёр
3834,Невидимый
3835,Невидимый
3836,Соучастник
3837,Соучастник
3838,Делегирующий
3839,Делегирующий
3840,Соучастник
3841,Невидимый
3842,Невидимый
3843,Соучастник
3844,Контролёр
3845,Невидимый
3846,Контролёр
3847,Контролёр
3848,Контролёр
3849,Контролёр
3850,Контролёр
3851,Соучастник
3852,Делегирующий
3853,Контролёр
3854,Контролёр
3855,Контролёр
3856,Соучастник
3857,Контролёр
3858,Соучастник
3859,Невидимый
3860,Контролёр
3861,Невидимый
3862,Контролёр
3863,Контролёр
3864,Делегирующий
3865,Делегирующий
3866,Контролёр
3867,Делегирующий
3868,Контролёр
3869,Контролёр
3870,Делегирующий
3871,Невидимый
3872,Контролёр
3873,Контролёр
3874,Делегирующий
3875,Делегирующий
3876,Контролёр
3877,Контролёр
3878,Контролёр
3879,Контролёр
3880,Контролёр
3881,Контролёр
3882,Делегирующий
3883,Контролёр
3884,Соучастник
3885,Невидимый
3886,Контролёр
3887,Соучастник
3888,Невидимый
3889,Невидимый
3890,Контролёр
3891,Невидимый
3892,Контролёр
3893,Контролёр
3894,Соучастник
3895,Невидимый
3896,Контролёр
3897,Делегирующий
3898,Контролёр
3899,Делегирующий
3900,Невидимый
3901,Делегирующий
3902,Невидимый
3903,Невидимый
3904,Делегирующий
3905,Соучастник
3906,Невидимый
3907,Невидимый
3908,Соучастник
3909,Делегирующий
3910,Невидимый
3911,Соучастник
3912,Соучастник
3913,Контролёр
3914,Делегирующий
3915,Невидимый
3916,Соучастник
3917,Контролёр
3918,Невидимый
3919,Делегирующий
3920,Контролёр
3921,Соучастник
3922,Делегирующий
3923,Контролёр
3924,Невидимый
3925,Соучастник
3926,Контролёр
3927,Соучастник
3928,Невидимый
3929,Соучастник
3930,Соучастник
3931,Контролёр
3932,Соучастник
3933,Делегирующий
3934,Контролёр
3935,Невидимый
3936,Невидимый
3937,Невидимый
3938,Соучастник
3939,Контролёр
3940,Соучастник
3941,Невидимый
3942,Невидимый
3943,Невидимый
3944,Делегирующий
3945,Соучастник
3946,Невидимый
3947,Делегирующий
3948,Соучастник
3949,Контролёр
3950,Невидимый
3951,Невидимый
3952,Контролёр
3953,Контролёр
3954,Соучастник
3955,Контролёр
3956,Соучастник
3957,Контролёр
3958,Соучастник
3959,Контролёр
3960,Делегирующий
3961,Невидимый
3962,Контролёр
3963,Невидимый
3964,Контролёр
3965,Контролёр
3966,Контролёр
3967,Невидимый
3968,Контролёр
3969,Соучастник
3970,Невидимый
3971,Делегирующий
3972,Контролёр
3973,Невидимый
3974,Контролёр
3975,Соучастник
3976,Невидимый
3977,Контролёр
3978,Соучастник
3979,Делегирующий
3980,Делегирующий
3981,Контролёр
3982,Контролёр
3983,Делегирующий
3984,Невидимый
3985,Контролёр
3986,Соучастник
3987,Соучастник
3988,Невидимый
3989,Делегирующий
3990,Невидимый
3991,Невидимый
3992,Невидимый
3993,Контролёр
3994,Соучастник
3995,Контролёр
3996,Делегирующий
3997,Делегирующий
3998,Невидимый
3999,Контролёр
4000,Контролёр
4001,Контролёр
4002,Соучастник
4003,Соучастник
4004,Делегирующий
4005,Контролёр
4006,Делегирующий
4007,Делегирующий
4008,Контролёр
4009,Невидимый
4010,Делегирующий
4011,Контролёр
4012,Контролёр
4013,Невидимый
4014,Делегирующий
4015,Невидимый
4016,Делегирующий
4017,Невидимый
4018,Делегирующий
4019,Невидимый
4020,Контролёр
4021,Невидимый
4022,Невидимый
4023,Контролёр
4024,Делегирующий
4025,Контролёр
4026,Делегирующий
4027,Контролёр
4028,Невидимый
4029,Контролёр
4030,Невидимый
4031,Соучастник
4032,Контролёр
4033,Невидимый
4034,Делегирующий
4035,Контролёр
4036,Соучастник
4037,Контролёр
4038,Контролёр
4039,Контролёр
4040,Невидимый
4041,Невидимый
4042,Невидимый
4043,Контролёр
4044,Делегирующий
4045,Невидимый
4046,Соучастник
4047,Делегирующий
4048,Невидимый
4049,Контролёр
4050,Делегирующий
4051,Делегирующий
4052,Невидимый
4053,Контролёр
4054,Невидимый
4055,Контролёр
4056,Невидимый
4057,Невидимый
4058,Невидимый
4059,Контролёр
4060,Невидимый
4061,Контролёр
4062,Делегирующий
4063,Контролёр
4064,Соучастник
4065,Соучастник
4066,Делегирующий
4067,Контролёр
4068,Контролёр
4069,Контролёр
4070,Контролёр
4071,Невидимый
4072,Контролёр
4073,Соучастник
4074,Контролёр
4075,Соучастник
4076,Контролёр
4077,Контролёр
4078,Контролёр
4079,Невидимый
4080,Соучастник
4081,Контролёр
4082,Контролёр
4083,Контролёр
4084,Делегирующий
4085,Невидимый
4086,Делегирующий
4087,Контролёр
4088,Невидимый
4089,Делегирующий
4090,Делегирующий
4091,Делегирующий
4092,Контролёр
4093,Невидимый
4094,Контролёр
4095,Невидимый
4096,Делегирующий
4097,Невидимый
4098,Соучастник
4099,Невидимый
4100,Невидимый
4101,Невидимый
4102,Контролёр
4103,Соучастник
4104,Невидимый
4105,Невидимый
4106,Делегирующий
4107,Невидимый
4108,Делегирующий
4109,Делегирующий
4110,Соучастник
4111,Невидимый
4112,Контролёр
4113,Невидимый
4114,Контролёр
4115,Невидимый
4116,Соучастник
4117,Контролёр
4118,Невидимый
4119,Невидимый
4120,Контролёр
4121,Невидимый
4122,Делегирующий
4123,Соучастник
4124,Контролёр
4125,Делегирующий
4126,Невидимый
4127,Невидимый
4128,Невидимый
4129,Соучастник
4130,Невидимый
4131,Невидимый
4132,Контролёр
4133,Соучастник
4134,Невидимый
4135,Соучастник
4136,Контролёр
4137,Делегирующий
4138,Контролёр
4139,Контролёр
4140,Делегирующий
4141,Контролёр
4142,Делегирующий
4143,Невидимый
4144,Невидимый
4145,Невидимый
4146,Соучастник
4147,Соучастник
4148,Контролёр
4149,Контролёр
4150,Делегирующий
4151,Контролёр
4152,Делегирующий
4153,Контролёр
4154,Соучастник
4155,Делегирующий
4156,Контролёр
4157,Соучастник
4158,Невидимый
4159,Невидимый
4160,Невидимый
4161,Соучастник
4162,Контролёр
4163,Контролёр
4164,Соучастник
4165,Контролёр
4166,Контролёр
4167,Невидимый
4168,Невидимый
4169,Невидимый
4170,Делегирующий
4171,Контролёр
4172,Контролёр
4173,Контролёр
4174,Соучастник
4175,Делегирующий
4176,Невидимый
4177,Контролёр
4178,Контролёр
4179,Делегирующий
4180,Контролёр
4181,Невидимый
4182,Соучастник
4183,Делегирующий
4184,Контролёр
4185,Невидимый
4186,Соучастник
4187,Контролёр
4188,Соучастник
4189,Соучастник
4190,Невидимый
4191,Соучастник
4192,Контролёр
4193,Соучастник
4194,Контролёр
4195,Невидимый
4196,Контролёр
4197,Невидимый
4198,Делегирующий
4199,Невидимый
4200,Контролёр
4201,Контролёр
4202,Контролёр
4203,Невидимый
4204,Контролёр
4205,Делегирующий
4206,Невидимый
4207,Невидимый
4208,Контролёр
4209,Невидимый
4210,Контролёр
4211,Невидимый
4212,Делегирующий
4213,Контролёр
4214,Контролёр
4215,Делегирующий
4216,Невидимый
4217,Невидимый
4218,Контролёр
4219,Невидимый
4220,Контролёр
4221,Контролёр
4222,Соучастник
4223,Невидимый
4224,Контролёр
4225,Соучастник
4226,Контролёр
4227,Делегирующий
4228,Делегирующий
4229,Контролёр
4230,Соучастник
4231,Соучастник
4232,Соучастник
4233,Соучастник
4234,Делегирующий
4235,Контролёр
4236,Контролёр
4237,Контролёр
4238,Невидимый
4239,Делегирующий
4240,Делегирующий
4241,Контролёр
4242,Невидимый
4243,Контролёр
4244,Соучастник
4245,Контролёр
4246,Невидимый
4247,Контролёр
4248,Контролёр
4249,Контролёр
4250,Невидимый
4251,Невидимый
4252,Контролёр
4253,Делегирующий
4254,Делегирующий
4255,Соучастник
4256,Делегирующий
4257,Соучастник
4258,Делегирующий
4259,Контролёр
4260,Контролёр
4261,Делегирующий
4262,Делегирующий
4263,Контролёр
4264,Невидимый
4265,Делегирующий
4266,Невидимый
4267,Невидимый
4268,Невидимый
4269,Невидимый
4270,Невидимый
4271,Невидимый
4272,Делегирующий
4273,Невидимый
4274,Контролёр
4275,Соучастник
4276,Соучастник
4277,Контролёр
4278,Контролёр
4279,Контролёр
4280,Делегирующий
4281,Невидимый
4282,Невидимый
4283,Контролёр
4284,Делегирующий
4285,Соучастник
4286,Соучастник
4287,Соучастник
4288,Контролёр
4289,Невидимый
4290,Контролёр
4291,Соучастник
4292,Невидимый
4293,Невидимый
4294,Невидимый
4295,Контролёр
4296,Невидимый
4297,Делегирующий
4298,Невидимый
4299,Невидимый
4300,Невидимый
4301,Контролёр
4302,Невидимый
4303,Контролёр
4304,Контролёр
4305,Невидимый
4306,Соучастник
4307,Соучастник
4308,Контролёр
4309,Контролёр
4310,Делегирующий
4311,Делегирующий
4312,Контролёр
4313,Невидимый
4314,Делегирующий
4315,Делегирующий
4316,Делегирующий
4317,Контролёр
4318,Соучастник
4319,Невидимый
4320,Невидимый
4321,Контролёр
4322,Соучастник
4323,Делегирующий
4324,Соучастник
4325,Невидимый
4326,Контролёр
4327,Контролёр
4328,Делегирующий
4329,Делегирующий
4330,Невидимый
4331,Невидимый
4332,Невидимый
4333,Невидимый
4334,Контролёр
4335,Невидимый
4336,Контролёр
4337,Контролёр
4338,Контролёр
4339,Контролёр
4340,Делегирующий
4341,Соучастник
4342,Невидимый
4343,Контролёр
4344,Контролёр
4345,Делегирующий
4346,Контролёр
4347,Невидимый
4348,Делегирующий
4349,Делегирующий
4350,Контролёр
4351,Делегирующий
4352,Контролёр
4353,Невидимый
4354,Контролёр
4355,Контролёр
4356,Контролёр
4357,Невидимый
4358,Контролёр
4359,Контролёр
4360,Соучастник
4361,Соучастник
4362,Невидимый
4363,Соучастник
4364,Контролёр
4365,Контролёр
4366,Контролёр
4367,Контролёр
4368,Соучастник
4369,Контролёр
4370,Соучастник
4371,Контролёр
4372,Соучастник
4373,Невидимый
4374,Делегирующий
4375,Делегирующий
4376,Контролёр
4377,Делегирующий
4378,Невидимый
4379,Невидимый
4380,Контролёр
4381,Контролёр
4382,Невидимый
4383,Контролёр
4384,Невидимый
4385,Соучастник
4386,Контролёр
4387,Контролёр
4388,Делегирующий
4389,Контролёр
4390,Контролёр
4391,Делегирующий
4392,Невидимый
4393,Контролёр
4394,Делегирующий
4395,Соучастник
4396,Контролёр
4397,Делегирующий
4398,Делегирующий
4399,Невидимый
4400,Делегирующий
4401,Контролёр
4402,Контролёр
4403,Невидимый
4404,Невидимый
4405,Невидимый
4406,Контролёр
4407,Контролёр
4408,Контролёр
4409,Невидимый
4410,Невидимый
4411,Соучастник
4412,Контролёр
4413,Контролёр
4414,Делегирующий
4415,Делегирующий
4416,Делегирующий
4417,Контролёр
4418,Контролёр
4419,Невидимый
4420,Делегирующий
4421,Невидимый
4422,Контролёр
4423,Контролёр
4424,Соучастник
4425,Соучастник
4426,Невидимый
4427,Контролёр
4428,Невидимый
4429,Соучастник
4430,Делегирующий
4431,Контролёр
4432,Контролёр
4433,Соучастник
4434,Невидимый
4435,Невидимый
4436,Контролёр
4437,Невидимый
4438,Контролёр
4439,Контролёр
4440,Контролёр
4441,Контролёр
4442,Делегирующий
4443,Делегирующий
4444,Делегирующий
4445,Делегирующий
4446,Контролёр
4447,Соучастник
4448,Контролёр
4449,Соучастник
4450,Контролёр
4451,Невидимый
4452,Контролёр
4453,Контролёр
4454,Соучастник
4455,Невидимый
4456,Невидимый
4457,Соучастник
4458,Невидимый
4459,Контролёр
4460,Контролёр
4461,Делегирующий
4462,Соучастник
4463,Невидимый
4464,Делегирующий
4465,Контролёр
4466,Контролёр
4467,Контролёр
4468,Контролёр
4469,Контролёр
4470,Делегирующий
4471,Делегирующий
4472,Соучастник
4473,Контролёр
4474,Контролёр
4475,Соучастник
4476,Контролёр
4477,Соучастник
4478,Невидимый
4479,Невидимый
4480,Невидимый
4481,Контролёр
4482,Контролёр
4483,Невидимый
4484,Соучастник
4485,Невидимый
4486,Невидимый
4487,Невидимый
4488,Соучастник
4489,Контролёр
4490,Соучастник
4491,Невидимый
4492,Невидимый
4493,Невидимый
4494,Делегирующий
4495,Невидимый
4496,Делегирующий
4497,Контролёр
4498,Контролёр
4499,Невидимый
4500,Делегирующий
4501,Контролёр
4502,Контролёр
4503,Контролёр
4504,Невидимый
4505,Контролёр
4506,Делегирующий
4507,Делегирующий
4508,Соучастник
4509,Делегирующий
4510,Контролёр
4511,Делегирующий
4512,Контролёр
4513,Контролёр
4514,Контролёр
4515,Контролёр
4516,Невидимый
4517,Соучастник
4518,Невидимый
4519,Невидимый
4520,Невидимый
4521,Делегирующий
4522,Невидимый
4523,Невидимый
4524,Контролёр
4525,Делегирующий
4526,Делегирующий
4527,Контролёр
4528,Делегирующий
4529,Делегирующий
4530,Соучастник
4531,Контролёр
4532,Контролёр
4533,Контролёр
4534,Контролёр
4535,Контролёр
4536,Делегирующий
4537,Невидимый
4538,Невидимый
4539,Контролёр
4540,Контролёр
4541,Контролёр
4542,Невидимый
4543,Невидимый
4544,Соучастник
4545,Соучастник
4546,Контролёр
4547,Невидимый
4548,Контролёр
4549,Контролёр
4550,Делегирующий
4551,Соучастник
4552,Делегирующий
4553,Невидимый
4554,Контролёр
4555,Делегирующий
4556,Соучастник
4557,Невидимый
4558,Контролёр
4559,Невидимый
4560,Контролёр
4561,Соучастник
4562,Делегирующий
4563,Невидимый
4564,Контролёр
4565,Контролёр
4566,Контролёр
4567,Контролёр
4568,Соучастник
4569,Контролёр
4570,Невидимый
4571,Контролёр
4572,Делегирующий
4573,Соучастник
4574,Делегирующий
4575,Соучастник
4576,Контролёр
4577,Контролёр
4578,Невидимый
4579,Контролёр
4580,Делегирующий
4581,Соучастник
4582,Невидимый
4583,Делегирующий
4584,Невидимый
4585,Невидимый
4586,Невидимый
4587,Делегирующий
4588,Делегирующий
4589,Контролёр
4590,Невидимый
4591,Соучастник
4592,Контролёр
4593,Контролёр
4594,Контролёр
4595,Невидимый
4596,Контролёр
4597,Делегирующий
4598,Невидимый
4599,Соучастник
4600,Контролёр
4601,Делегирующий
4602,Невидимый
4603,Делегирующий
4604,Соучастник
4605,Невидимый
4606,Делегирующий
4607,Контролёр
4608,Невидимый
4609,Делегирующий
4610,Контролёр
4611,Невидимый
4612,Делегирующий
4613,Контролёр
4614,Невидимый
4615,Соучастник
4616,Контролёр
4617,Невидимый
4618,Делегирующий
4619,Делегирующий
4620,Соучастник
4621,Делегирующий
4622,Невидимый
4623,Контролёр
4624,Контролёр
4625,Делегирующий
4626,Невидимый
4627,Контролёр
4628,Контролёр
4629,Контролёр
4630,Невидимый
4631,Невидимый
4632,Контролёр
4633,Контролёр
4634,Невидимый
4635,Контролёр
4636,Делегирующий
4637,Соучастник
4638,Контролёр
4639,Невидимый
4640,Контролёр
4641,Контролёр
4642,Контролёр
4643,Делегирующий
4644,Делегирующий
4645,Делегирующий
4646,Невидимый
4647,Делегирующий
4648,Невидимый
4649,Контролёр
4650,Делегирующий
4651,Делегирующий
4652,Контролёр
4653,Контролёр
4654,Контролёр
4655,Невидимый
4656,Контролёр
4657,Делегирующий
4658,Контролёр
4659,Невидимый
4660,Контролёр
4661,Невидимый
4662,Соучастник
4663,Невидимый
4664,Невидимый
4665,Невидимый
4666,Контролёр
4667,Соучастник
4668,Контролёр
4669,Невидимый
4670,Делегирующий
4671,Невидимый
4672,Невидимый
4673,Соучастник
4674,Делегирующий
4675,Невидимый
4676,Контролёр
4677,Контролёр
4678,Невидимый
4679,Контролёр
4680,Невидимый
4681,Невидимый
4682,Контролёр
4683,Невидимый
4684,Контролёр
4685,Контролёр
4686,Невидимый
4687,Невидимый
4688,Невидимый
4689,Невидимый
4690,Невидимый
4691,Контролёр
4692,Делегирующий
4693,Невидимый
4694,Контролёр
4695,Соучастник
4696,Контролёр
4697,Контролёр
4698,Контролёр
4699,Невидимый
4700,Делегирующий
4701,Невидимый
4702,Контролёр
4703,Невидимый
4704,Контролёр
4705,Соучастник
4706,Невидимый
4707,Соучастник
4708,Контролёр
4709,Контролёр
4710,Контролёр
4711,Делегирующий
4712,Контролёр
4713,Делегирующий
4714,Соучастник
4715,Контролёр
4716,Контролёр
4717,Контролёр
4718,Соучастник
4719,Контролёр
4720,Соучастник
4721,Делегирующий
4722,Невидимый
4723,Невидимый
4724,Соучастник
4725,Соучастник
4726,Соучастник
4727,Невидимый
4728,Контролёр
4729,Делегирующий
4730,Невидимый
4731,Делегирующий
4732,Контролёр
4733,Контролёр
4734,Делегирующий
4735,Контролёр
4736,Делегирующий
4737,Соучастник
4738,Контролёр
4739,Контролёр
4740,Контролёр
4741,Контролёр
4742,Невидимый
4743,Соучастник
4744,Делегирующий
4745,Контролёр
4746,Контролёр
4747,Делегирующий
4748,Контролёр
4749,Соучастник
4750,Контролёр
4751,Контролёр
4752,Невидимый
4753,Соучастник
4754,Делегирующий
4755,Контролёр
4756,Невидимый
4757,Контролёр
4758,Невидимый
4759,Контролёр
4760,Невидимый
4761,Контролёр
4762,Невидимый
4763,Невидимый
4764,Делегирующий
4765,Невидимый
4766,Делегирующий
4767,Контролёр
4768,Контролёр
4769,Делегирующий
4770,Контролёр
4771,Контролёр
4772,Невидимый
4773,Невидимый
4774,Делегирующий
4775,Контролёр
4776,Контролёр
4777,Невидимый
4778,Контролёр
4779,Соучастник
4780,Контролёр
4781,Контролёр
4782,Контролёр
4783,Контролёр
4784,Делегирующий
4785,Контролёр
4786,Контролёр
4787,Контролёр
4788,Соучастник
4789,Невидимый
4790,Делегирующий
4791,Невидимый
4792,Контролёр
4793,Контролёр
4794,Делегирующий
4795,Невидимый
4796,Невидимый
4797,Невидимый
4798,Контролёр
4799,Делегирующий
4800,Контролёр
4801,Невидимый
4802,Невидимый
4803,Делегирующий
4804,Соучастник
4805,Делегирующий
4806,Контролёр
4807,Невидимый
4808,Соучастник
4809,Невидимый
4810,Невидимый
4811,Делегирующий
4812,Делегирующий
4813,Делегирующий
4814,Делегирующий
4815,Контролёр
4816,Делегирующий
4817,Контролёр
4818,Соучастник
4819,Контролёр
4820,Соучастник
4821,Контролёр
4822,Делегирующий
4823,Контролёр
4824,Контролёр
4825,Контролёр
4826,Контролёр
4827,Контролёр
4828,Контролёр
4829,Делегирующий
4830,Контролёр
4831,Невидимый
4832,Контролёр
4833,Соучастник
4834,Невидимый
4835,Контролёр
4836,Соучастник
4837,Невидимый
4838,Соучастник
4839,Контролёр
4840,Контролёр
4841,Невидимый
4842,Невидимый
4843,Контролёр
4844,Невидимый
4845,Соучастник
4846,Невидимый
4847,Контролёр
4848,Соучастник
4849,Контролёр
4850,Контролёр
4851,Контролёр
4852,Контролёр
4853,Невидимый
4854,Контролёр
4855,Контролёр
4856,Контролёр
4857,Соучастник
4858,Контролёр
4859,Невидимый
4860,Делегирующий
4861,Контролёр
4862,Контролёр
4863,Контролёр
4864,Невидимый
4865,Невидимый
4866,Контролёр
4867,Невидимый
4868,Делегирующий
4869,Контролёр
4870,Делегирующий
4871,Невидимый
4872,Контролёр
4873,Соучастник
4874,Делегирующий
4875,Контролёр
4876,Контролёр
4877,Контролёр
4878,Делегирующий
4879,Контролёр
4880,Соучастник
4881,Соучастник
4882,Соучастник
4883,Делегирующий
4884,Делегирующий
4885,Делегирующий
4886,Контролёр
4887,Контролёр
4888,Невидимый
4889,Контролёр
4890,Контролёр
4891,Контролёр
4892,Контролёр
4893,Делегирующий
4894,Соучастник
4895,Соучастник
4896,Соучастник
4897,Невидимый
4898,Невидимый
4899,Невидимый
4900,Контролёр
4901,Невидимый
4902,Контролёр
4903,Соучастник
4904,Контролёр
4905,Контролёр
4906,Контролёр
4907,Контролёр
4908,Соучастник
4909,Контролёр
4910,Делегирующий
4911,Контролёр
4912,Соучастник
4913,Невидимый
4914,Контролёр
4915,Невидимый
4916,Контролёр
4917,Невидимый
4918,Контролёр
4919,Делегирующий
4920,Контролёр
4921,Соучастник
4922,Соучастник
4923,Делегирующий
4924,Контролёр
4925,Контролёр
4926,Соучастник
4927,Контролёр
4928,Соучастник
4929,Невидимый
4930,Делегирующий
4931,Невидимый
4932,Контролёр
4933,Контролёр
4934,Невидимый
4935,Соучастник
4936,Невидимый
4937,Делегирующий
4938,Делегирующий
4939,Делегирующий
4940,Делегирующий
4941,Соучастник
4942,Контролёр
4943,Невидимый
4944,Делегирующий
4945,Контролёр
4946,Контролёр
4947,Контролёр
4948,Контролёр
4949,Контролёр
4950,Контролёр
4951,Делегирующий
4952,Соучастник
4953,Соучастник
4954,Невидимый
4955,Контролёр
4956,Делегирующий
4957,Соучастник
4958,Невидимый
4959,Контролёр
4960,Контролёр
4961,Делегирующий
4962,Контролёр
4963,Невидимый
4964,Соучастник
4965,Невидимый
4966,Делегирующий
4967,Контролёр
4968,Невидимый
4969,Соучастник
4970,Невидимый
4971,Контролёр
4972,Соучастник
4973,Невидимый
4974,Соучастник
4975,Невидимый
4976,Контролёр
4977,Соучастник
4978,Невидимый
4979,Соучастник
4980,Невидимый
4981,Невидимый
4982,Соучастник
4983,Контролёр
4984,Делегирующий
4985,Соучастник
4986,Соучастник
4987,Контролёр
4988,Соучастник
4989,Соучастник
4990,Контролёр
4991,Невидимый
4992,Невидимый
4993,Делегирующий
4994,Контролёр
4995,Контролёр
4996,Делегирующий
4997,Контролёр
4998,Контролёр
4999,Невидимый
5000,Контролёр
5001,Контролёр
5002,Контролёр
5003,Делегирующий
5004,Невидимый
5005,Контролёр
5006,Контролёр
5007,Контролёр
5008,Контролёр
5009,Делегирующий
5010,Невидимый
5011,Соучастник
5012,Контролёр
5013,Делегирующий
5014,Делегирующий
5015,Контролёр
5016,Невидимый
5017,Контролёр
5018,Невидимый
5019,Контролёр
5020,Делегирующий
5021,Соучастник
5022,Контролёр
5023,Делегирующий
5024,Соучастник
5025,Делегирующий
5026,Делегирующий
5027,Контролёр
5028,Делегирующий
5029,Делегирующий
5030,Контролёр
5031,Делегирующий
5032,Контролёр
5033,Контролёр
5034,Делегирующий
5035,Контролёр
5036,Делегирующий
5037,Невидимый
5038,Контролёр
5039,Контролёр
5040,Контролёр
5041,Невидимый
5042,Контролёр
5043,Невидимый
5044,Делегирующий
5045,Соучастник
5046,Невидимый
5047,Контролёр
5048,Соучастник
5049,Делегирующий
5050,Невидимый
5051,Контролёр
5052,Невидимый
5053,Невидимый
5054,Соучастник
5055,Невидимый
5056,Делегирующий
5057,Контролёр
5058,Контролёр
5059,Контролёр
5060,Соучастник
5061,Невидимый
5062,Контролёр
5063,Невидимый
5064,Контролёр
5065,Контролёр
5066,Невидимый
5067,Невидимый
5068,Невидимый
5069,Контролёр
5070,Делегирующий
5071,Контролёр
5072,Контролёр
5073,Делегирующий
5074,Соучастник
5075,Соучастник
5076,Контролёр
5077,Делегирующий
5078,Невидимый
5079,Невидимый
5080,Соучастник
5081,Соучастник
5082,Невидимый
5083,Невидимый
5084,Делегирующий
5085,Невидимый
5086,Невидимый
5087,Контролёр
5088,Невидимый
5089,Невидимый
5090,Невидимый
5091,Делегирующий
5092,Контролёр
5093,Контролёр
5094,Контролёр
5095,Невидимый
5096,Невидимый
5097,Делегирующий
5098,Контролёр
5099,Невидимый
5100,Невидимый
5101,Контролёр
5102,Невидимый
5103,Контролёр
5104,Невидимый
5105,Контролёр
5106,Соучастник
5107,Невидимый
5108,Контролёр
5109,Делегирующий
5110,Делегирующий
5111,Невидимый
5112,Делегирующий
5113,Невидимый
5114,Невидимый
5115,Делегирующий
5116,Контролёр
5117,Невидимый
5118,Контролёр
5119,Контролёр
5120,Невидимый
5121,Контролёр
5122,Контролёр
5123,Невидимый
5124,Делегирующий
5125,Соучастник
5126,Соучастник
5127,Соучастник
5128,Невидимый
5129,Делегирующий
5130,Делегирующий
5131,Невидимый
5132,Невидимый
5133,Невидимый
5134,Невидимый
5135,Контролёр
5136,Невидимый
5137,Делегирующий
5138,Контролёр
5139,Соучастник
5140,Делегирующий
5141,Невидимый
5142,Контролёр
5143,Контролёр
5144,Делегирующий
5145,Невидимый
5146,Делегирующий
5147,Делегирующий
5148,Невидимый
5149,Контролёр
5150,Невидимый
5151,Невидимый
5152,Делегирующий
5153,Делегирующий
5154,Невидимый
5155,Делегирующий
5156,Контролёр
5157,Делегирующий
5158,Делегирующий
5159,Соучастник
5160,Делегирующий
5161,Контролёр
5162,Контролёр
5163,Контролёр
5164,Соучастник
5165,Соучастник
5166,Невидимый
5167,Контролёр
5168,Контролёр
5169,Контролёр
5170,Соучастник
5171,Контролёр
5172,Соучастник
5173,Контролёр
5174,Контролёр
5175,Делегирующий
5176,Контролёр
5177,Соучастник
5178,Контролёр
5179,Делегирующий
5180,Соучастник
5181,Невидимый
5182,Невидимый
5183,Делегирующий
5184,Контролёр
5185,Контролёр
5186,Невидимый
5187,Невидимый
5188,Контролёр
5189,Соучастник
5190,Контролёр
5191,Контролёр
5192,Контролёр
5193,Делегирующий
5194,Невидимый
5195,Контролёр
5196,Невидимый
5197,Делегирующий
5198,Контролёр
5199,Невидимый
5200,Невидимый
5201,Делегирующий
5202,Контролёр
5203,Контролёр
5204,Делегирующий
5205,Контролёр
5206,Невидимый
5207,Контролёр
5208,Невидимый
5209,Делегирующий
5210,Контролёр
5211,Контролёр
5212,Невидимый
5213,Контролёр
5214,Невидимый
5215,Делегирующий
5216,Делегирующий
5217,Невидимый
5218,Невидимый
5219,Невидимый
5220,Соучастник
5221,Делегирующий
5222,Контролёр
5223,Контролёр
5224,Невидимый
5225,Делегирующий
5226,Контролёр
5227,Контролёр
5228,Невидимый
5229,Невидимый
5230,Контролёр
5231,Невидимый
5232,Соучастник
5233,Контролёр
5234,Соучастник
5235,Контролёр
5236,Контролёр
5237,Делегирующий
5238,Контролёр
5239,Делегирующий
5240,Контролёр
5241,Контролёр
5242,Контролёр
5243,Делегирующий
5244,Невидимый
5245,Контролёр
5246,Контролёр
5247,Контролёр
5248,Контролёр
5249,Контролёр
5250,Соучастник
5251,Невидимый
5252,Контролёр
5253,Невидимый
5254,Соучастник
5255,Невидимый
5256,Контролёр
5257,Контролёр
5258,Контролёр
5259,Делегирующий
5260,Контролёр
5261,Невидимый
5262,Невидимый
5263,Соучастник
5264,Контролёр
5265,Контролёр
5266,Контролёр
5267,Невидимый
5268,Соучастник
5269,Делегирующий
5270,Соучастник
5271,Делегирующий
5272,Контролёр
5273,Делегирующий
5274,Делегирующий
5275,Невидимый
5276,Контролёр
5277,Делегирующий
5278,Невидимый
5279,Невидимый
5280,Контролёр
5281,Контролёр
5282,Невидимый
5283,Делегирующий
5284,Делегирующий
5285,Контролёр
5286,Делегирующий
5287,Невидимый
5288,Контролёр
5289,Контролёр
5290,Невидимый
5291,Контролёр
5292,Контролёр
5293,Контролёр
5294,Невидимый
5295,Соучастник
5296,Невидимый
5297,Соучастник
5298,Контролёр
5299,Контролёр
5300,Контролёр
5301,Контролёр
5302,Соучастник
5303,Контролёр
5304,Соучастник
5305,Делегирующий
5306,Контролёр
5307,Невидимый
5308,Невидимый
5309,Соучастник
5310,Делегирующий
5311,Соучастник
5312,Соучастник
5313,Невидимый
5314,Контролёр
5315,Контролёр
5316,Контролёр
5317,Делегирующий
5318,Невидимый
5319,Контролёр
5320,Контролёр
5321,Контролёр
5322,Контролёр
5323,Контролёр
5324,Невидимый
5325,Невидимый
5326,Невидимый
5327,Невидимый
5328,Контролёр
5329,Делегирующий
5330,Контролёр
5331,Соучастник
5332,Невидимый
5333,Соучастник
5334,Соучастник
5335,Невидимый
5336,Делегирующий
5337,Контролёр
5338,Делегирующий
5339,Делегирующий
5340,Невидимый
5341,Контролёр
5342,Невидимый
5343,Делегирующий
5344,Делегирующий
5345,Делегирующий
5346,Контролёр
5347,Соучастник
5348,Невидимый
5349,Соучастник
5350,Делегирующий
5351,Контролёр
5352,Контролёр
5353,Невидимый
5354,Невидимый
5355,Невидимый
5356,Соучастник
5357,Контролёр
5358,Соучастник
5359,Невидимый
5360,Контролёр
5361,Контролёр
5362,Соучастник
5363,Контролёр
5364,Невидимый
5365,Контролёр
5366,Невидимый
5367,Делегирующий
5368,Невидимый
5369,Делегирующий
5370,Контролёр
5371,Контролёр
5372,Контролёр
5373,Контролёр
5374,Невидимый
5375,Соучастник
5376,Делегирующий
5377,Делегирующий
5378,Соучастник
5379,Контролёр
5380,Невидимый
5381,Контролёр
5382,Делегирующий
5383,Делегирующий
5384,Соучастник
5385,Невидимый
5386,Соучастник
5387,Контролёр
5388,Соучастник
5389,Невидимый
5390,Невидимый
5391,Невидимый
5392,Соучастник
5393,Невидимый
5394,Контролёр
5395,Невидимый
5396,Делегирующий
5397,Контролёр
5398,Контролёр
5399,Контролёр
5400,Делегирующий
5401,Невидимый
5402,Контролёр
5403,Контролёр
5404,Невидимый
5405,Невидимый
5406,Контролёр
5407,Контролёр
5408,Контролёр
5409,Контролёр
5410,Контролёр
5411,Контролёр
5412,Невидимый
5413,Невидимый
5414,Контролёр
5415,Контролёр
5416,Контролёр
5417,Контролёр
5418,Невидимый
5419,Контролёр
5420,Контролёр
5421,Делегирующий
5422,Невидимый
5423,Контролёр
5424,Невидимый
5425,Невидимый
5426,Соучастник
5427,Делегирующий
5428,Контролёр
5429,Невидимый
5430,Невидимый
5431,Делегирующий
5432,Соучастник
5433,Соучастник
5434,Контролёр
5435,Делегирующий
5436,Контролёр
5437,Невидимый
5438,Соучастник
5439,Контролёр
5440,Невидимый
5441,Контролёр
5442,Невидимый
5443,Соучастник
5444,Невидимый
5445,Контролёр
5446,Невидимый
5447,Контролёр
5448,Делегирующий
5449,Контролёр
5450,Контролёр
5451,Делегирующий
5452,Контролёр
5453,Контролёр
5454,Контролёр
5455,Делегирующий
5456,Соучастник
5457,Невидимый
5458,Делегирующий
5459,Контролёр
5460,Контролёр
5461,Контролёр
5462,Делегирующий
5463,Контролёр
5464,Контролёр
5465,Невидимый
5466,Контролёр
5467,Соучастник
5468,Контролёр
5469,Контролёр
5470,Соучастник
5471,Делегирующий
5472,Контролёр
5473,Невидимый
5474,Контролёр
5475,Невидимый
5476,Соучастник
5477,Контролёр
5478,Контролёр
5479,Контролёр
5480,Контролёр
5481,Невидимый
5482,Контролёр
5483,Соучастник
5484,Невидимый
5485,Контролёр
5486,Невидимый
5487,Соучастник
5488,Невидимый
5489,Делегирующий
5490,Контролёр
5491,Контролёр
5492,Делегирующий
5493,Контролёр
5494,Делегирующий
5495,Невидимый
5496,Контролёр
5497,Делегирующий
5498,Делегирующий
5499,Делегирующий
5500,Невидимый
5501,Невидимый
5502,Соучастник
5503,Невидимый
5504,Делегирующий
5505,Контролёр
5506,Контролёр
5507,Соучастник
5508,Контролёр
5509,Невидимый
5510,Невидимый
5511,Контролёр
5512,Контролёр
5513,Соучастник
5514,Невидимый
5515,Контролёр
5516,Контролёр
5517,Контролёр
5518,Невидимый
5519,Контролёр
5520,Контролёр
5521,Контролёр
5522,Соучастник
5523,Невидимый
5524,Невидимый
5525,Соучастник
5526,Делегирующий
5527,Делегирующий
5528,Контролёр
5529,Невидимый
5530,Соучастник
5531,Соучастник
5532,Соучастник
5533,Соучастник
5534,Делегирующий
5535,Контролёр
5536,Невидимый
5537,Контролёр
5538,Делегирующий
5539,Невидимый
5540,Делегирующий
5541,Соучастник
5542,Контролёр
5543,Соучастник
5544,Невидимый
5545,Делегирующий
5546,Невидимый
5547,Контролёр
5548,Контролёр
5549,Соучастник
5550,Соучастник
5551,Контролёр
5552,Контролёр
5553,Контролёр
5554,Контролёр
5555,Делегирующий
5556,Контролёр
5557,Невидимый
5558,Контролёр
5559,Контролёр
5560,Делегирующий
5561,Делегирующий
5562,Невидимый
5563,Соучастник
5564,Делегирующий
5565,Делегирующий
5566,Соучастник
5567,Контролёр
5568,Невидимый
5569,Невидимый
5570,Контролёр
5571,Невидимый
5572,Делегирующий
5573,Контролёр
5574,Контролёр
5575,Делегирующий
5576,Контролёр
5577,Невидимый
5578,Соучастник
5579,Невидимый
5580,Невидимый
5581,Невидимый
5582,Невидимый
5583,Делегирующий
5584,Контролёр
5585,Делегирующий
5586,Соучастник
5587,Контролёр
5588,Делегирующий
5589,Невидимый
5590,Соучастник
5591,Контролёр
5592,Контролёр
5593,Делегирующий
5594,Контролёр
5595,Невидимый
5596,Невидимый
5597,Соучастник
5598,Контролёр
5599,Контролёр
5600,Невидимый
5601,Делегирующий
5602,Невидимый
5603,Контролёр
5604,Контролёр
5605,Контролёр
5606,Делегирующий
5607,Невидимый
5608,Соучастник
5609,Делегирующий
5610,Контролёр
5611,Делегирующий
5612,Контролёр
5613,Соучастник
5614,Соучастник
5615,Невидимый
5616,Невидимый
5617,Невидимый
5618,Делегирующий
5619,Соучастник
5620,Контролёр
5621,Контролёр
5622,Невидимый
5623,Соучастник
5624,Невидимый
5625,Делегирующий
5626,Контролёр
5627,Контролёр
5628,Соучастник
5629,Делегирующий
5630,Невидимый
5631,Контролёр
5632,Невидимый
5633,Невидимый
5634,Невидимый
5635,Невидимый
5636,Контролёр
5637,Невидимый
5638,Соучастник
5639,Невидимый
5640,Соучастник
5641,Невидимый
5642,Невидимый
5643,Контролёр
5644,Невидимый
5645,Контролёр
5646,Соучастник
5647,Делегирующий
5648,Невидимый
5649,Невидимый
5650,Контролёр
5651,Невидимый
5652,Делегирующий
5653,Делегирующий
5654,Контролёр
5655,Невидимый
5656,Делегирующий
5657,Делегирующий
5658,Контролёр
5659,Делегирующий
5660,Контролёр
5661,Невидимый
5662,Невидимый
5663,Контролёр
5664,Делегирующий
5665,Невидимый
5666,Невидимый
5667,Контролёр
5668,Контролёр
5669,Контролёр
5670,Невидимый
5671,Соучастник
5672,Соучастник
5673,Контролёр
5674,Невидимый
5675,Делегирующий
5676,Невидимый
5677,Контролёр
5678,Делегирующий
5679,Контролёр
5680,Невидимый
5681,Соучастник
5682,Контролёр
5683,Контролёр
5684,Невидимый
5685,Невидимый
5686,Невидимый
5687,Невидимый
5688,Делегирующий
5689,Невидимый
5690,Невидимый
5691,Контролёр
5692,Невидимый
5693,Невидимый
5694,Невидимый
5695,Контролёр
5696,Контролёр
5697,Контролёр
5698,Невидимый
5699,Делегирующий
5700,Контролёр
5701,Контролёр
5702,Невидимый
5703,Контролёр
5704,Делегирующий
5705,Делегирующий
5706,Делегирующий
5707,Делегирующий
5708,Контролёр
5709,Соучастник
5710,Делегирующий
5711,Контролёр
5712,Делегирующий
5713,Невидимый
5714,Контролёр
5715,Контролёр
5716,Контролёр
5717,Невидимый
5718,Невидимый
5719,Делегирующий
5720,Контролёр
5721,Делегирующий
5722,Невидимый
5723,Делегирующий
5724,Невидимый
5725,Невидимый
5726,Делегирующий
5727,Соучастник
5728,Делегирующий
5729,Контролёр
5730,Невидимый
5731,Соучастник
5732,Делегирующий
5733,Соучастник
5734,Соучастник
5735,Невидимый
5736,Невидимый
5737,Делегирующий
5738,Невидимый
5739,Невидимый
5740,Невидимый
5741,Контролёр
5742,Невидимый
5743,Контролёр
5744,Соучастник
5745,Контролёр
5746,Контролёр
5747,Контролёр
5748,Делегирующий
5749,Соучастник
5750,Невидимый
5751,Делегирующий
5752,Контролёр
5753,Контролёр
5754,Соучастник
5755,Невидимый
5756,Контролёр
5757,Делегирующий
5758,Контролёр
5759,Контролёр
5760,Делегирующий
5761,Соучастник
5762,Контролёр
5763,Невидимый
5764,Контролёр
5765,Контролёр
5766,Соучастник
5767,Соучастник
5768,Контролёр
5769,Делегирующий
5770,Контролёр
5771,Контролёр
5772,Невидимый
5773,Невидимый
5774,Невидимый
5775,Невидимый
5776,Контролёр
5777,Невидимый
5778,Контролёр
5779,Невидимый
5780,Контролёр
5781,Контролёр
5782,Соучастник
5783,Невидимый
5784,Контролёр
5785,Контролёр
5786,Контролёр
5787,Контролёр
5788,Невидимый
5789,Невидимый
5790,Соучастник
5791,Невидимый
5792,Делегирующий
5793,Невидимый
5794,Невидимый
5795,Контролёр
5796,Невидимый
5797,Контролёр
5798,Соучастник
5799,Контролёр
5800,Невидимый
5801,Делегирующий
5802,Контролёр
5803,Контролёр
5804,Контролёр
5805,Контролёр
5806,Делегирующий
5807,Контролёр
5808,Невидимый
5809,Соучастник
5810,Невидимый
5811,Соучастник
5812,Контролёр
5813,Контролёр
5814,Невидимый
5815,Невидимый
5816,Невидимый
5817,Невидимый
5818,Соучастник
5819,Невидимый
5820,Контролёр
5821,Делегирующий
5822,Соучастник
5823,Невидимый
5824,Невидимый
5825,Контролёр
5826,Делегирующий
5827,Делегирующий
5828,Контролёр
5829,Невидимый
5830,Контролёр
5831,Контролёр
5832,Соучастник
5833,Невидимый
5834,Контролёр
5835,Контролёр
5836,Соучастник
5837,Контролёр
5838,Контролёр
5839,Соучастник
5840,Контролёр
5841,Невидимый
5842,Контролёр
5843,Контролёр
5844,Невидимый
5845,Невидимый
5846,Контролёр
5847,Соучастник
5848,Контролёр
5849,Соучастник
5850,Контролёр
5851,Делегирующий
5852,Соучастник
5853,Делегирующий
5854,Контролёр
5855,Делегирующий
5856,Контролёр
5857,Соучастник
5858,Контролёр
5859,Невидимый
5860,Соучастник
5861,Контролёр
5862,Соучастник
5863,Делегирующий
5864,Контролёр
5865,Контролёр
5866,Контролёр
5867,Контролёр
5868,Соучастник
5869,Контролёр
5870,Невидимый
5871,Делегирующий
5872,Невидимый
5873,Делегирующий
5874,Контролёр
5875,Невидимый
5876,Контролёр
5877,Контролёр
5878,Невидимый
5879,Соучастник
5880,Контролёр
5881,Контролёр
5882,Соучастник
5883,Контролёр
5884,Невидимый
5885,Делегирующий
5886,Контролёр
5887,Контролёр
5888,Делегирующий
5889,Делегирующий
5890,Контролёр
5891,Контролёр
5892,Невидимый
5893,Контролёр
5894,Невидимый
5895,Делегирующий
5896,Контролёр
5897,Невидимый
5898,Делегирующий
5899,Невидимый
5900,Невидимый
5901,Соучастник
5902,Невидимый
5903,Делегирующий
5904,Контролёр
5905,Контролёр
5906,Соучастник
5907,Невидимый
5908,Контролёр
5909,Невидимый
5910,Делегирующий
5911,Невидимый
5912,Соучастник
5913,Контролёр
5914,Невидимый
5915,Контролёр
5916,Невидимый
5917,Невидимый
5918,Соучастник
5919,Соучастник
5920,Невидимый
5921,Невидимый
5922,Невидимый
5923,Контролёр
5924,Соучастник
5925,Невидимый
5926,Делегирующий
5927,Невидимый
5928,Контролёр
5929,Делегирующий
5930,Контролёр
5931,Невидимый
5932,Делегирующий
5933,Контролёр
5934,Контролёр
5935,Невидимый
5936,Контролёр
5937,Соучастник
5938,Невидимый
5939,Контролёр
5940,Соучастник
5941,Соучастник
5942,Соучастник
5943,Соучастник
5944,Контролёр
5945,Контролёр
5946,Контролёр
5947,Невидимый
5948,Делегирующий
5949,Контролёр
5950,Контролёр
5951,Соучастник
5952,Соучастник
5953,Контролёр
5954,Невидимый
5955,Контролёр
5956,Невидимый
5957,Делегирующий
5958,Невидимый
5959,Контролёр
5960,Соучастник
5961,Контролёр
5962,Соучастник
5963,Соучастник
5964,Невидимый
5965,Соучастник
5966,Невидимый
5967,Делегирующий
5968,Невидимый
5969,Делегирующий
5970,Невидимый
5971,Невидимый
5972,Невидимый
5973,Невидимый
5974,Невидимый
5975,Делегирующий
5976,Невидимый
5977,Невидимый
5978,Невидимый
5979,Делегирующий
5980,Делегирующий
5981,Контролёр
5982,Невидимый
5983,Соучастник
5984,Контролёр
5985,Невидимый
5986,Контролёр
5987,Невидимый
5988,Контролёр
5989,Контролёр
5990,Невидимый
5991,Невидимый
5992,Делегирующий
5993,Невидимый
5994,Контролёр
5995,Делегирующий
5996,Контролёр
5997,Соучастник
5998,Контролёр
5999,Невидимый
6000,Делегирующий
6001,Невидимый
6002,Соучастник
6003,Соучастник
6004,Делегирующий
6005,Делегирующий
6006,Невидимый
6007,Делегирующий
6008,Контролёр
6009,Соучастник
6010,Контролёр
6011,Невидимый
6012,Контролёр
6013,Невидимый
6014,Невидимый
6015,Контролёр
6016,Контролёр
6017,Контролёр
6018,Невидимый
6019,Делегирующий
6020,Делегирующий
6021,Контролёр
6022,Соучастник
6023,Соучастник
6024,Соучастник
6025,Невидимый
6026,Соучастник
6027,Соучастник
6028,Делегирующий
6029,Контролёр
6030,Контролёр
6031,Делегирующий
6032,Соучастник
6033,Делегирующий
6034,Невидимый
6035,Невидимый
6036,Невидимый
6037,Невидимый
6038,Невидимый
6039,Делегирующий
6040,Делегирующий
6041,Соучастник
6042,Невидимый
6043,Невидимый
6044,Соучастник
6045,Контролёр
6046,Контролёр
6047,Делегирующий
6048,Контролёр
6049,Контролёр
6050,Контролёр
6051,Контролёр
6052,Контролёр
6053,Невидимый
6054,Соучастник
6055,Контролёр
6056,Соучастник
6057,Соучастник
6058,Невидимый
6059,Делегирующий
6060,Невидимый
6061,Невидимый
6062,Соучастник
6063,Контролёр
6064,Невидимый
6065,Соучастник
6066,Соучастник
6067,Делегирующий
6068,Контролёр
6069,Невидимый
6070,Контролёр
6071,Контролёр
6072,Соучастник
6073,Невидимый
6074,Соучастник
6075,Делегирующий
6076,Делегирующий
6077,Невидимый
6078,Делегирующий
6079,Невидимый
6080,Соучастник
6081,Соучастник
6082,Контролёр
6083,Контролёр
6084,Соучастник
6085,Делегирующий
6086,Контролёр
6087,Делегирующий
6088,Соучастник
6089,Невидимый
6090,Невидимый
6091,Контролёр
6092,Невидимый
6093,Делегирующий
6094,Делегирующий
6095,Невидимый
6096,Делегирующий
6097,Контролёр
6098,Контролёр
6099,Невидимый
6100,Соучастник
6101,Контролёр
6102,Делегирующий
6103,Невидимый
6104,Соучастник
6105,Невидимый
6106,Контролёр
6107,Невидимый
6108,Контролёр
6109,Контролёр
6110,Контролёр
6111,Контролёр
6112,Невидимый
6113,Невидимый
6114,Контролёр
6115,Невидимый
6116,Делегирующий
6117,Соучастник
6118,Невидимый
6119,Контролёр
6120,Делегирующий
6121,Соучастник
6122,Соучастник
6123,Невидимый
6124,Невидимый
6125,Соучастник
6126,Делегирующий
6127,Невидимый
6128,Соучастник
6129,Контролёр
6130,Контролёр
6131,Делегирующий
6132,Делегирующий
6133,Делегирующий
6134,Невидимый
6135,Соучастник
6136,Контролёр
6137,Невидимый
6138,Невидимый
6139,Соучастник
6140,Контролёр
6141,Контролёр
6142,Соучастник
6143,Контролёр
6144,Контролёр
6145,Делегирующий
6146,Делегирующий
6147,Соучастник
6148,Контролёр
6149,Делегирующий
6150,Контролёр
6151,Контролёр
6152,Делегирующий
6153,Контролёр
6154,Контролёр
6155,Невидимый
6156,Контролёр
6157,Контролёр
6158,Контролёр
6159,Контролёр
6160,Соучастник
6161,Контролёр
6162,Соучастник
6163,Контролёр
6164,Контролёр
6165,Контролёр
6166,Соучастник
6167,Делегирующий
6168,Контролёр
6169,Невидимый
6170,Контролёр
6171,Контролёр
6172,Делегирующий
6173,Делегирующий
6174,Соучастник
6175,Невидимый
6176,Невидимый
6177,Невидимый
6178,Невидимый
6179,Невидимый
6180,Невидимый
6181,Невидимый
6182,Невидимый
6183,Контролёр
6184,Соучастник
6185,Контролёр
6186,Делегирующий
6187,Делегирующий
6188,Делегирующий
6189,Делегирующий
6190,Делегирующий
6191,Соучастник
6192,Невидимый
6193,Делегирующий
6194,Контролёр
6195,Невидимый
6196,Делегирующий
6197,Делегирующий
6198,Контролёр
6199,Невидимый
6200,Соучастник
6201,Делегирующий
6202,Контролёр
6203,Невидимый
6204,Невидимый
6205,Невидимый
6206,Контролёр
6207,Невидимый
6208,Контролёр
6209,Соучастник
6210,Делегирующий
6211,Делегирующий
6212,Невидимый
6213,Невидимый
6214,Делегирующий
6215,Соучастник
6216,Контролёр
6217,Контролёр
6218,Контролёр
6219,Контролёр
6220,Контролёр
6221,Невидимый
6222,Контролёр
6223,Делегирующий
6224,Делегирующий
6225,Контролёр
6226,Делегирующий
6227,Невидимый
6228,Контролёр
6229,Контролёр
6230,Контролёр
6231,Контролёр
6232,Соучастник
6233,Делегирующий
6234,Невидимый
6235,Контролёр
6236,Контролёр
6237,Контролёр
6238,Контролёр
6239,Невидимый
6240,Делегирующий
6241,Соучастник
6242,Контролёр
6243,Соучастник
6244,Невидимый
6245,Контролёр
6246,Контролёр
6247,Соучастник
6248,Делегирующий
6249,Невидимый
6250,Делегирующий
6251,Делегирующий
6252,Соучастник
6253,Невидимый
6254,Контролёр
6255,Соучастник
6256,Контролёр
6257,Делегирующий
6258,Делегирующий
6259,Невидимый
6260,Невидимый
6261,Соучастник
6262,Контролёр
6263,Соучастник
6264,Невидимый
6265,Соучастник
6266,Невидимый
6267,Невидимый
6268,Контролёр
6269,Делегирующий
6270,Контролёр
6271,Невидимый
6272,Соучастник
6273,Контролёр
6274,Контролёр
6275,Контролёр
6276,Делегирующий
6277,Невидимый
6278,Соучастник
6279,Контролёр
6280,Невидимый
6281,Делегирующий
6282,Делегирующий
6283,Контролёр
6284,Невидимый
6285,Невидимый
6286,Невидимый
6287,Контролёр
6288,Соучастник
6289,Делегирующий
6290,Делегирующий
6291,Контролёр
6292,Невидимый
6293,Контролёр
6294,Невидимый
6295,Делегирующий
6296,Контролёр
6297,Соучастник
6298,Невидимый
6299,Невидимый
6300,Невидимый
6301,Контролёр
6302,Делегирующий
6303,Соучастник
6304,Невидимый
6305,Соучастник
6306,Контролёр
6307,Делегирующий
6308,Невидимый
6309,Невидимый
6310,Делегирующий
6311,Делегирующий
6312,Невидимый
6313,Делегирующий
6314,Соучастник
6315,Невидимый
6316,Контролёр
6317,Невидимый
6318,Контролёр
6319,Контролёр
6320,Невидимый
6321,Невидимый
6322,Контролёр
6323,Соучастник
6324,Контролёр
6325,Невидимый
6326,Делегирующий
6327,Невидимый
6328,Делегирующий
6329,Делегирующий
6330,Соучастник
6331,Делегирующий
6332,Невидимый
6333,Делегирующий
6334,Контролёр
6335,Контролёр
6336,Контролёр
6337,Контролёр
6338,Контролёр
6339,Невидимый
6340,Невидимый
6341,Контролёр
6342,Делегирующий
6343,Делегирующий
6344,Невидимый
6345,Контролёр
6346,Соучастник
6347,Невидимый
6348,Контролёр
6349,Делегирующий
6350,Контролёр
6351,Соучастник
6352,Делегирующий
6353,Соучастник
6354,Контролёр
6355,Контролёр
6356,Контролёр
6357,Невидимый
6358,Делегирующий
6359,Контролёр
6360,Соучастник
6361,Соучастник
6362,Делегирующий
6363,Делегирующий
6364,Делегирующий
6365,Делегирующий
6366,Контролёр
6367,Делегирующий
6368,Контролёр
6369,Контролёр
6370,Делегирующий
6371,Контролёр
6372,Контролёр
6373,Контролёр
6374,Контролёр
6375,Контролёр
6376,Контролёр
6377,Контролёр
6378,Невидимый
6379,Соучастник
6380,Контролёр
6381,Невидимый
6382,Контролёр
6383,Делегирующий
6384,Делегирующий
6385,Контролёр
6386,Невидимый
6387,Контролёр
6388,Контролёр
6389,Соучастник
6390,Невидимый
6391,Соучастник
6392,Контролёр
6393,Контролёр
6394,Контролёр
6395,Контролёр
6396,Невидимый
6397,Невидимый
6398,Невидимый
6399,Контролёр
6400,Соучастник
6401,Делегирующий
6402,Делегирующий
6403,Невидимый
6404,Делегирующий
6405,Соучастник
6406,Контролёр
6407,Соучастник
6408,Невидимый
6409,Невидимый
6410,Невидимый
6411,Контролёр
6412,Невидимый
6413,Контролёр
6414,Контролёр
6415,Контролёр
6416,Делегирующий
6417,Невидимый
6418,Контролёр
6419,Контролёр
6420,Контролёр
6421,Невидимый
6422,Контролёр
6423,Контролёр
6424,Соучастник
6425,Соучастник
6426,Контролёр
6427,Контролёр
6428,Невидимый
6429,Невидимый
6430,Контролёр
6431,Делегирующий
6432,Соучастник
6433,Контролёр
6434,Делегирующий
6435,Контролёр
6436,Делегирующий
6437,Контролёр
6438,Контролёр
6439,Делегирующий
6440,Делегирующий
6441,Невидимый
6442,Делегирующий
6443,Делегирующий
6444,Контролёр
6445,Контролёр
6446,Делегирующий
6447,Делегирующий
6448,Соучастник
6449,Контролёр
6450,Делегирующий
6451,Контролёр
6452,Контролёр
6453,Контролёр
6454,Контролёр
6455,Невидимый
6456,Соучастник
6457,Невидимый
6458,Контролёр
6459,Контролёр
6460,Невидимый
6461,Контролёр
6462,Контролёр
6463,Контролёр
6464,Невидимый
6465,Невидимый
6466,Невидимый
6467,Делегирующий
6468,Делегирующий
6469,Контролёр
6470,Контролёр
6471,Соучастник
6472,Делегирующий
6473,Контролёр
6474,Делегирующий
6475,Соучастник
6476,Контролёр
6477,Делегирующий
6478,Делегирующий
6479,Делегирующий
6480,Делегирующий
6481,Делегирующий
6482,Контролёр
6483,Невидимый
6484,Невидимый
6485,Соучастник
6486,Соучастник
6487,Контролёр
6488,Невидимый
6489,Контролёр
6490,Невидимый
6491,Контролёр
6492,Делегирующий
6493,Делегирующий
6494,Контролёр
6495,Контролёр
6496,Контролёр
6497,Контролёр
6498,Контролёр
6499,Невидимый
6500,Соучастник
6501,Невидимый
6502,Контролёр
6503,Невидимый
6504,Контролёр
6505,Контролёр
6506,Контролёр
6507,Делегирующий
6508,Контролёр
6509,Контролёр
6510,Невидимый
6511,Соучастник
6512,Невидимый
6513,Делегирующий
6514,Делегирующий
6515,Контролёр
6516,Контролёр
6517,Невидимый
6518,Невидимый
6519,Невидимый
6520,Контролёр
6521,Контролёр
6522,Контролёр
6523,Делегирующий
6524,Делегирующий
6525,Соучастник
6526,Невидимый
6527,Соучастник
6528,Контролёр
6529,Контролёр
6530,Невидимый
6531,Невидимый
6532,Невидимый
6533,Невидимый
6534,Контролёр
6535,Контролёр
6536,Соучастник
6537,Невидимый
6538,Невидимый
6539,Невидимый
6540,Невидимый
6541,Контролёр
6542,Делегирующий
6543,Невидимый
6544,Делегирующий
6545,Невидимый
6546,Невидимый
6547,Невидимый
6548,Невидимый
6549,Соучастник
6550,Невидимый
6551,Невидимый
6552,Соучастник
6553,Делегирующий
6554,Контролёр
6555,Невидимый
6556,Делегирующий
6557,Невидимый
6558,Контролёр
6559,Невидимый
6560,Невидимый
6561,Делегирующий
6562,Невидимый
6563,Делегирующий
6564,Невидимый
6565,Невидимый
6566,Невидимый
6567,Контролёр
6568,Контролёр
6569,Невидимый
6570,Невидимый
6571,Соучастник
6572,Контролёр
6573,Контролёр
6574,Делегирующий
6575,Контролёр
6576,Контролёр
6577,Контролёр
6578,Контролёр
6579,Контролёр
6580,Соучастник
6581,Невидимый
6582,Невидимый
6583,Контролёр
6584,Контролёр
6585,Контролёр
6586,Делегирующий
6587,Делегирующий
6588,Невидимый
6589,Контролёр
6590,Контролёр
6591,Делегирующий
6592,Контролёр
6593,Невидимый
6594,Контролёр
6595,Соучастник
6596,Делегирующий
6597,Контролёр
6598,Невидимый
6599,Контролёр
6600,Невидимый
6601,Соучастник
6602,Соучастник
6603,Невидимый
6604,Соучастник
6605,Соучастник
6606,Соучастник
6607,Соучастник
6608,Соучастник
6609,Делегирующий
6610,Контролёр
6611,Делегирующий
6612,Невидимый
6613,Контролёр
6614,Контролёр
6615,Невидимый
6616,Контролёр
6617,Делегирующий
6618,Контролёр
6619,Соучастник
6620,Контролёр
6621,Контролёр
6622,Контролёр
6623,Контролёр
6624,Делегирующий
6625,Контролёр
6626,Контролёр
6627,Контролёр
6628,Делегирующий
6629,Контролёр
6630,Невидимый
6631,Невидимый
6632,Контролёр
6633,Невидимый
6634,Соучастник
6635,Контролёр
6636,Контролёр
6637,Делегирующий
6638,Контролёр
6639,Соучастник
6640,Невидимый
6641,Невидимый
6642,Контролёр
6643,Соучастник
6644,Невидимый
6645,Делегирующий
6646,Контролёр
6647,Контролёр
6648,Делегирующий
6649,Контролёр
6650,Невидимый
6651,Соучастник
6652,Соучастник
6653,Контролёр
6654,Контролёр
6655,Соучастник
6656,Контролёр
6657,Делегирующий
6658,Невидимый
6659,Контролёр
6660,Контролёр
6661,Невидимый
6662,Невидимый
6663,Невидимый
6664,Контролёр
6665,Контролёр
6666,Невидимый
6667,Контролёр
6668,Контролёр
6669,Контролёр
6670,Невидимый
6671,Делегирующий
6672,Невидимый
6673,Невидимый
6674,Контролёр
6675,Контролёр
6676,Делегирующий
6677,Невидимый
6678,Невидимый
6679,Контролёр
6680,Невидимый
6681,Соучастник
6682,Контролёр
6683,Контролёр
6684,Невидимый
6685,Контролёр
6686,Делегирующий
6687,Невидимый
6688,Контролёр
6689,Контролёр
6690,Контролёр
6691,Невидимый
6692,Делегирующий
6693,Невидимый
6694,Невидимый
6695,Соучастник
6696,Контролёр
6697,Невидимый
6698,Контролёр
6699,Контролёр
6700,Невидимый
6701,Контролёр
6702,Делегирующий
6703,Контролёр
6704,Невидимый
6705,Делегирующий
6706,Делегирующий
6707,Контролёр
6708,Контролёр
6709,Контролёр
6710,Делегирующий
6711,Делегирующий
6712,Контролёр
6713,Соучастник
6714,Делегирующий
6715,Соучастник
6716,Контролёр
6717,Контролёр
6718,Контролёр
6719,Контролёр
6720,Делегирующий
6721,Невидимый
6722,Соучастник
6723,Невидимый
6724,Делегирующий
6725,Соучастник
6726,Делегирующий
6727,Контролёр
6728,Контролёр
6729,Делегирующий
6730,Контролёр
6731,Невидимый
6732,Контролёр
6733,Невидимый
6734,Невидимый
6735,Соучастник
6736,Невидимый
6737,Соучастник
6738,Контролёр
6739,Соучастник
6740,Контролёр
6741,Контролёр
6742,Контролёр
6743,Невидимый
6744,Соучастник
6745,Невидимый
6746,Соучастник
6747,Невидимый
6748,Контролёр
6749,Контролёр
6750,Контролёр
6751,Контролёр
6752,Невидимый
6753,Делегирующий
6754,Невидимый
6755,Контролёр
6756,Соучастник
6757,Контролёр
6758,Невидимый
6759,Контролёр
6760,Невидимый
6761,Контролёр
6762,Контролёр
6763,Контролёр
6764,Соучастник
6765,Контролёр
6766,Контролёр
6767,Невидимый
6768,Контролёр
6769,Соучастник
6770,Невидимый
6771,Контролёр
6772,Невидимый
6773,Делегирующий
6774,Контролёр
6775,Делегирующий
6776,Делегирующий
6777,Невидимый
6778,Делегирующий
6779,Контролёр
6780,Невидимый
6781,Делегирующий
6782,Делегирующий
6783,Соучастник
6784,Делегирующий
6785,Контролёр
6786,Невидимый
6787,Контролёр
6788,Соучастник
6789,Невидимый
6790,Контролёр
6791,Контролёр
6792,Невидимый
6793,Невидимый
6794,Контролёр
6795,Соучастник
6796,Делегирующий
6797,Контролёр
6798,Контролёр
6799,Делегирующий
6800,Делегирующий
6801,Контролёр
6802,Невидимый
6803,Контролёр
6804,Делегирующий
6805,Невидимый
6806,Невидимый
6807,Контролёр
6808,Невидимый
6809,Невидимый
6810,Невидимый
6811,Контролёр
6812,Контролёр
6813,Соучастник
6814,Невидимый
6815,Невидимый
6816,Контролёр
6817,Невидимый
6818,Контролёр
6819,Невидимый
6820,Соучастник
6821,Контролёр
6822,Соучастник
6823,Контролёр
6824,Делегирующий
6825,Контролёр
6826,Контролёр
6827,Делегирующий
6828,Невидимый
6829,Невидимый
6830,Контролёр
6831,Контролёр
6832,Соучастник
6833,Контролёр
6834,Контролёр
6835,Невидимый
6836,Контролёр
6837,Контролёр
6838,Невидимый
6839,Соучастник
6840,Контролёр
6841,Контролёр
6842,Делегирующий
6843,Невидимый
6844,Невидимый
6845,Соучастник
6846,Контролёр
6847,Контролёр
6848,Невидимый
6849,Делегирующий
6850,Невидимый
6851,Контролёр
6852,Невидимый
6853,Делегирующий
6854,Соучастник
6855,Контролёр
6856,Делегирующий
6857,Контролёр
6858,Соучастник
6859,Невидимый
6860,Контролёр
6861,Соучастник
6862,Соучастник
6863,Контролёр
6864,Контролёр
6865,Контролёр
6866,Контролёр
6867,Невидимый
6868,Невидимый
6869,Контролёр
6870,Контролёр
6871,Контролёр
6872,Контролёр
6873,Контролёр
6874,Контролёр
6875,Контролёр
6876,Контролёр
6877,Делегирующий
6878,Контролёр
6879,Контролёр
6880,Невидимый
6881,Невидимый
6882,Соучастник
6883,Невидимый
6884,Невидимый
6885,Контролёр
6886,Контролёр
6887,Контролёр
6888,Соучастник
6889,Невидимый
6890,Невидимый
6891,Невидимый
6892,Соучастник
6893,Контролёр
6894,Делегирующий
6895,Контролёр
6896,Невидимый
6897,Контролёр
6898,Невидимый
6899,Невидимый
6900,Делегирующий
6901,Невидимый
6902,Невидимый
6903,Невидимый
6904,Делегирующий
6905,Контролёр
6906,Невидимый
6907,Невидимый
6908,Контролёр
6909,Соучастник
6910,Контролёр
6911,Соучастник
6912,Соучастник
6913,Делегирующий
6914,Делегирующий
6915,Контролёр
6916,Невидимый
6917,Невидимый
6918,Невидимый
6919,Соучастник
6920,Делегирующий
6921,Делегирующий
6922,Соучастник
6923,Контролёр
6924,Делегирующий
6925,Невидимый
6926,Невидимый
6927,Соучастник
6928,Контролёр
6929,Невидимый
6930,Невидимый
6931,Контролёр
6932,Контролёр
6933,Соучастник
6934,Контролёр
6935,Контролёр
6936,Контролёр
6937,Контролёр
6938,Контролёр
6939,Делегирующий
6940,Контролёр
6941,Невидимый
6942,Делегирующий
6943,Контролёр
6944,Делегирующий
6945,Делегирующий
6946,Делегирующий
6947,Невидимый
6948,Соучастник
6949,Контролёр
6950,Невидимый
6951,Соучастник
6952,Контролёр
6953,Контролёр
6954,Невидимый
6955,Контролёр
6956,Контролёр
6957,Соучастник
6958,Контролёр
6959,Невидимый
6960,Контролёр
6961,Невидимый
6962,Контролёр
6963,Контролёр
6964,Контролёр
6965,Контролёр
6966,Делегирующий
6967,Делегирующий
6968,Контролёр
6969,Невидимый
6970,Контролёр
6971,Невидимый
6972,Контролёр
6973,Невидимый
6974,Контролёр
6975,Делегирующий
6976,Контролёр
6977,Контролёр
6978,Невидимый
6979,Делегирующий
6980,Соучастник
6981,Невидимый
6982,Контролёр
6983,Контролёр
6984,Контролёр
6985,Невидимый
6986,Контролёр
6987,Соучастник
6988,Контролёр
6989,Соучастник
6990,Контролёр
6991,Невидимый
6992,Контролёр
6993,Невидимый
6994,Делегирующий
6995,Невидимый
6996,Контролёр
6997,Контролёр
6998,Контролёр
6999,Соучастник
7000,Соучастник
7001,Соучастник
7002,Контролёр
7003,Невидимый
7004,Контролёр
7005,Невидимый
7006,Контролёр
7007,Контролёр
7008,Невидимый
7009,Невидимый
7010,Соучастник
7011,Контролёр
7012,Делегирующий
7013,Невидимый
7014,Контролёр
7015,Невидимый
7016,Контролёр
7017,Контролёр
7018,Контролёр
7019,Невидимый
7020,Делегирующий
7021,Контролёр
7022,Невидимый
7023,Невидимый
7024,Контролёр
7025,Контролёр
7026,Невидимый
7027,Невидимый
7028,Невидимый
7029,Соучастник
7030,Соучастник
7031,Контролёр
7032,Контролёр
7033,Контролёр
7034,Соучастник
7035,Контролёр
7036,Невидимый
7037,Контролёр
7038,Соучастник
7039,Соучастник
7040,Делегирующий
7041,Делегирующий
7042,Контролёр
7043,Невидимый
7044,Контролёр
7045,Контролёр
7046,Контролёр
7047,Контролёр
7048,Делегирующий
7049,Делегирующий
7050,Контролёр
7051,Делегирующий
7052,Контролёр
7053,Контролёр
7054,Контролёр
7055,Контролёр
7056,Соучастник
7057,Делегирующий
7058,Контролёр
7059,Контролёр
7060,Контролёр
7061,Соучастник
7062,Соучастник
7063,Невидимый
7064,Соучастник
7065,Контролёр
7066,Делегирующий
7067,Соучастник
7068,Соучастник
7069,Невидимый
7070,Контролёр
7071,Контролёр
7072,Контролёр
7073,Соучастник
7074,Делегирующий
7075,Невидимый
7076,Невидимый
7077,Соучастник
7078,Контролёр
7079,Невидимый
7080,Контролёр
7081,Невидимый
7082,Контролёр
7083,Невидимый
7084,Делегирующий
7085,Делегирующий
7086,Невидимый
7087,Делегирующий
7088,Невидимый
7089,Контролёр
7090,Контролёр
7091,Контролёр
7092,Невидимый
7093,Соучастник
7094,Делегирующий
7095,Контролёр
7096,Делегирующий
7097,Невидимый
7098,Контролёр
7099,Делегирующий
7100,Контролёр
7101,Контролёр
7102,Невидимый
7103,Делегирующий
7104,Контролёр
7105,Невидимый
7106,Контролёр
7107,Невидимый
7108,Контролёр
7109,Контролёр
7110,Соучастник
7111,Невидимый
7112,Делегирующий
7113,Невидимый
7114,Контролёр
7115,Соучастник
7116,Невидимый
7117,Соучастник
7118,Контролёр
7119,Делегирующий
7120,Контролёр
7121,Соучастник
7122,Соучастник
7123,Делегирующий
7124,Соучастник
7125,Невидимый
7126,Контролёр
7127,Соучастник
7128,Невидимый
7129,Контролёр
7130,Контролёр
7131,Невидимый
7132,Контролёр
7133,Делегирующий
7134,Невидимый
7135,Невидимый
7136,Контролёр
7137,Делегирующий
7138,Невидимый
7139,Невидимый
7140,Контролёр
7141,Невидимый
7142,Контролёр
7143,Делегирующий
7144,Невидимый
7145,Невидимый
7146,Контролёр
7147,Контролёр
7148,Делегирующий
7149,Невидимый
7150,Невидимый
7151,Невидимый
7152,Контролёр
7153,Соучастник
7154,Соучастник
7155,Соучастник
7156,Соучастник
7157,Контролёр
7158,Невидимый
7159,Соучастник
7160,Контролёр
7161,Невидимый
7162,Делегирующий
7163,Контролёр
7164,Невидимый
7165,Делегирующий
7166,Контролёр
7167,Невидимый
7168,Невидимый
7169,Контролёр
7170,Контролёр
7171,Делегирующий
7172,Контролёр
7173,Делегирующий
7174,Контролёр
7175,Невидимый
7176,Невидимый
7177,Делегирующий
7178,Невидимый
7179,Невидимый
7180,Делегирующий
7181,Невидимый
7182,Контролёр
7183,Делегирующий
7184,Контролёр
7185,Невидимый
7186,Контролёр
7187,Делегирующий
7188,Делегирующий
7189,Невидимый
7190,Контролёр
7191,Невидимый
7192,Делегирующий
7193,Делегирующий
7194,Делегирующий
7195,Невидимый
7196,Соучастник
7197,Невидимый
7198,Контролёр
7199,Невидимый
7200,Контролёр
7201,Соучастник
7202,Невидимый
7203,Невидимый
7204,Контролёр
7205,Контролёр
7206,Делегирующий
7207,Делегирующий
7208,Невидимый
7209,Соучастник
7210,Контролёр
7211,Контролёр
7212,Невидимый
7213,Контролёр
7214,Делегирующий
7215,Делегирующий
7216,Соучастник
7217,Контролёр
7218,Контролёр
7219,Невидимый
7220,Контролёр
7221,Контролёр
7222,Контролёр
7223,Контролёр
7224,Соучастник
7225,Соучастник
7226,Контролёр
7227,Контролёр
7228,Контролёр
7229,Контролёр
7230,Соучастник
7231,Контролёр
7232,Невидимый
7233,Делегирующий
7234,Невидимый
7235,Невидимый
7236,Контролёр
7237,Контролёр
7238,Контролёр
7239,Контролёр
7240,Невидимый
7241,Соучастник
7242,Контролёр
7243,Контролёр
7244,Делегирующий
7245,Контролёр
7246,Невидимый
7247,Невидимый
7248,Невидимый
7249,Контролёр
7250,Невидимый
7251,Невидимый
7252,Соучастник
7253,Контролёр
7254,Соучастник
7255,Контролёр
7256,Невидимый
7257,Контролёр
7258,Контролёр
7259,Делегирующий
7260,Контролёр
7261,Контролёр
7262,Невидимый
7263,Делегирующий
7264,Делегирующий
7265,Соучастник
7266,Делегирующий
7267,Делегирующий
7268,Контролёр
7269,Контролёр
7270,Невидимый
7271,Невидимый
7272,Невидимый
7273,Контролёр
7274,Контролёр
7275,Соучастник
7276,Контролёр
7277,Контролёр
7278,Соучастник
7279,Невидимый
7280,Делегирующий
7281,Делегирующий
7282,Делегирующий
7283,Контролёр
7284,Невидимый
7285,Невидимый
7286,Невидимый
7287,Контролёр
7288,Контролёр
7289,Контролёр
7290,Делегирующий
7291,Контролёр
7292,Делегирующий
7293,Невидимый
7294,Делегирующий
7295,Контролёр
7296,Невидимый
7297,Делегирующий
7298,Невидимый
7299,Контролёр
7300,Контролёр
7301,Контролёр
7302,Соучастник
7303,Контролёр
7304,Невидимый
7305,Делегирующий
7306,Контролёр
7307,Невидимый
7308,Невидимый
7309,Соучастник
7310,Невидимый
7311,Контролёр
7312,Невидимый
7313,Соучастник
7314,Контролёр
7315,Контролёр
7316,Невидимый
7317,Делегирующий
7318,Делегирующий
7319,Делегирующий
7320,Контролёр
7321,Невидимый
7322,Контролёр
7323,Делегирующий
7324,Соучастник
7325,Контролёр
7326,Соучастник
7327,Контролёр
7328,Соучастник
7329,Контролёр
7330,Невидимый
7331,Соучастник
7332,Невидимый
7333,Контролёр
7334,Контролёр
7335,Невидимый
7336,Контролёр
7337,Контролёр
7338,Делегирующий
7339,Невидимый
7340,Соучастник
7341,Делегирующий
7342,Контролёр
7343,Невидимый
7344,Контролёр
7345,Контролёр
7346,Контролёр
7347,Контролёр
7348,Делегирующий
7349,Делегирующий
7350,Контролёр
7351,Контролёр
7352,Контролёр
7353,Невидимый
7354,Делегирующий
7355,Соучастник
7356,Соучастник
7357,Невидимый
7358,Делегирующий
7359,Контролёр
7360,Соучастник
7361,Невидимый
7362,Невидимый
7363,Делегирующий
7364,Невидимый
7365,Невидимый
7366,Контролёр
7367,Делегирующий
7368,Контролёр
7369,Невидимый
7370,Соучастник
7371,Контролёр
7372,Контролёр
7373,Контролёр
7374,Невидимый
7375,Невидимый
7376,Контролёр
7377,Делегирующий
7378,Контролёр
7379,Невидимый
7380,Контролёр
7381,Делегирующий
7382,Контролёр
7383,Контролёр
7384,Контролёр
7385,Невидимый
7386,Невидимый
7387,Соучастник
7388,Делегирующий
7389,Невидимый
7390,Невидимый
7391,Контролёр
7392,Контролёр
7393,Контролёр
7394,Контролёр
7395,Контролёр
7396,Невидимый
7397,Соучастник
7398,Невидимый
7399,Контролёр
7400,Контролёр
7401,Соучастник
7402,Контролёр
7403,Делегирующий
7404,Невидимый
7405,Делегирующий
7406,Контролёр
7407,Контролёр
7408,Контролёр
7409,Невидимый
7410,Контролёр
7411,Невидимый
7412,Контролёр
7413,Делегирующий
7414,Соучастник
7415,Соучастник
7416,Делегирующий
7417,Контролёр
7418,Контролёр
7419,Контролёр
7420,Контролёр
7421,Делегирующий
7422,Контролёр
7423,Невидимый
7424,Невидимый
7425,Контролёр
7426,Соучастник
7427,Соучастник
7428,Невидимый
7429,Невидимый
7430,Невидимый
7431,Невидимый
7432,Соучастник
7433,Контролёр
7434,Невидимый
7435,Контролёр
7436,Невидимый
7437,Контролёр
7438,Контролёр
7439,Соучастник
7440,Контролёр
7441,Соучастник
7442,Невидимый
7443,Невидимый
7444,Контролёр
7445,Невидимый
7446,Невидимый
7447,Невидимый
7448,Невидимый
7449,Невидимый
7450,Контролёр
7451,Делегирующий
7452,Соучастник
7453,Контролёр
7454,Невидимый
7455,Контролёр
7456,Соучастник
7457,Контролёр
7458,Делегирующий
7459,Невидимый
7460,Контролёр
7461,Контролёр
7462,Делегирующий
7463,Контролёр
7464,Невидимый
7465,Контролёр
7466,Контролёр
7467,Невидимый
7468,Соучастник
7469,Контролёр
7470,Соучастник
7471,Соучастник
7472,Делегирующий
7473,Невидимый
7474,Контролёр
7475,Соучастник
7476,Соучастник
7477,Контролёр
7478,Контролёр
7479,Делегирующий
7480,Соучастник
7481,Невидимый
7482,Контролёр
7483,Делегирующий
7484,Контролёр
7485,Контролёр
7486,Делегирующий
7487,Делегирующий
7488,Соучастник
7489,Невидимый
7490,Контролёр
7491,Делегирующий
7492,Невидимый
7493,Невидимый
7494,Делегирующий
7495,Невидимый
7496,Контролёр
7497,Невидимый
7498,Контролёр
7499,Делегирующий
7500,Контролёр
7501,Контролёр
7502,Невидимый
7503,Контролёр
7504,Невидимый
7505,Делегирующий
7506,Контролёр
7507,Делегирующий
7508,Делегирующий
7509,Невидимый
7510,Невидимый
7511,Невидимый
7512,Соучастник
7513,Невидимый
7514,Делегирующий
7515,Делегирующий
7516,Соучастник
7517,Соучастник
7518,Контролёр
7519,Невидимый
7520,Контролёр
7521,Делегирующий
7522,Делегирующий
7523,Невидимый
7524,Контролёр
7525,Контролёр
7526,Соучастник
7527,Контролёр
7528,Контролёр
7529,Контролёр
7530,Невидимый
7531,Соучастник
7532,Невидимый
7533,Невидимый
7534,Контролёр
7535,Делегирующий
7536,Невидимый
7537,Невидимый
7538,Контролёр
7539,Невидимый
7540,Невидимый
7541,Делегирующий
7542,Невидимый
7543,Делегирующий
7544,Контролёр
7545,Контролёр
7546,Делегирующий
7547,Соучастник
7548,Невидимый
7549,Контролёр
7550,Соучастник
7551,Невидимый
7552,Делегирующий
7553,Контролёр
7554,Контролёр
7555,Контролёр
7556,Делегирующий
7557,Контролёр
7558,Делегирующий
7559,Контролёр
7560,Невидимый
7561,Контролёр
7562,Делегирующий
7563,Невидимый
7564,Контролёр
7565,Делегирующий
7566,Невидимый
7567,Невидимый
7568,Невидимый
7569,Делегирующий
7570,Контролёр
7571,Соучастник
7572,Контролёр
7573,Соучастник
7574,Невидимый
7575,Контролёр
7576,Соучастник
7577,Невидимый
7578,Невидимый
7579,Делегирующий
7580,Делегирующий
7581,Контролёр
7582,Контролёр
7583,Контролёр
7584,Невидимый
7585,Контролёр
7586,Контролёр
7587,Невидимый
7588,Контролёр
7589,Делегирующий
7590,Контролёр
7591,Контролёр
7592,Контролёр
7593,Контролёр
7594,Делегирующий
7595,Контролёр
7596,Контролёр
7597,Контролёр
7598,Невидимый
7599,Делегирующий
7600,Невидимый
7601,Соучастник
7602,Невидимый
7603,Невидимый
7604,Контролёр
7605,Невидимый
7606,Соучастник
7607,Невидимый
7608,Контролёр
7609,Соучастник
7610,Невидимый
7611,Невидимый
7612,Невидимый
7613,Контролёр
7614,Контролёр
7615,Контролёр
7616,Невидимый
7617,Контролёр
7618,Невидимый
7619,Контролёр
7620,Невидимый
7621,Контролёр
7622,Соучастник
7623,Невидимый
7624,Контролёр
7625,Контролёр
7626,Контролёр
7627,Соучастник
7628,Контролёр
7629,Контролёр
7630,Контролёр
7631,Контролёр
7632,Контролёр
7633,Невидимый
7634,Невидимый
7635,Контролёр
7636,Невидимый
7637,Контролёр
7638,Невидимый
7639,Контролёр
7640,Невидимый
7641,Контролёр
7642,Невидимый
7643,Невидимый
7644,Делегирующий
7645,Контролёр
7646,Делегирующий
7647,Контролёр
7648,Невидимый
7649,Делегирующий
7650,Невидимый
7651,Контролёр
7652,Контролёр
7653,Соучастник
7654,Контролёр
7655,Делегирующий
7656,Соучастник
7657,Невидимый
7658,Контролёр
7659,Контролёр
7660,Соучастник
7661,Соучастник
7662,Соучастник
7663,Невидимый
7664,Контролёр
7665,Делегирующий
7666,Невидимый
7667,Контролёр
7668,Невидимый
7669,Невидимый
7670,Делегирующий
7671,Контролёр
7672,Контролёр
7673,Невидимый
7674,Делегирующий
7675,Соучастник
7676,Делегирующий
7677,Невидимый
7678,Делегирующий
7679,Соучастник
7680,Контролёр
7681,Делегирующий
7682,Соучастник
7683,Невидимый
7684,Контролёр
7685,Невидимый
7686,Делегирующий
7687,Невидимый
7688,Соучастник
7689,Невидимый
7690,Контролёр
7691,Контролёр
7692,Контролёр
7693,Делегирующий
7694,Контролёр
7695,Невидимый
7696,Невидимый
7697,Невидимый
7698,Контролёр
7699,Невидимый
7700,Делегирующий
7701,Соучастник
7702,Невидимый
7703,Контролёр
7704,Невидимый
7705,Делегирующий
7706,Контролёр
7707,Невидимый
7708,Делегирующий
7709,Контролёр
7710,Невидимый
7711,Делегирующий
7712,Невидимый
7713,Контролёр
7714,Невидимый
7715,Соучастник
7716,Невидимый
7717,Невидимый
7718,Контролёр
7719,Соучастник
7720,Контролёр
7721,Соучастник
7722,Контролёр
7723,Контролёр
7724,Контролёр
7725,Делегирующий
7726,Контролёр
7727,Контролёр
7728,Контролёр
7729,Контролёр
7730,Делегирующий
7731,Контролёр
7732,Контролёр
7733,Соучастник
7734,Невидимый
7735,Контролёр
7736,Контролёр
7737,Невидимый
7738,Невидимый
7739,Невидимый
7740,Невидимый
7741,Невидимый
7742,Невидимый
7743,Делегирующий
7744,Контролёр
7745,Контролёр
7746,Контролёр
7747,Контролёр
7748,Контролёр
7749,Соучастник
7750,Контролёр
7751,Невидимый
7752,Невидимый
7753,Соучастник
7754,Делегирующий
7755,Контролёр
7756,Невидимый
7757,Контролёр
7758,Делегирующий
7759,Невидимый
7760,Соучастник
7761,Делегирующий
7762,Контролёр
7763,Контролёр
7764,Контролёр
7765,Соучастник
7766,Контролёр
7767,Соучастник
7768,Контролёр
7769,Соучастник
7770,Контролёр
7771,Невидимый
7772,Соучастник
7773,Контролёр
7774,Контролёр
7775,Невидимый
7776,Невидимый
7777,Контролёр
7778,Невидимый
7779,Делегирующий
7780,Контролёр
7781,Невидимый
7782,Контролёр
7783,Контролёр
7784,Невидимый
7785,Контролёр
7786,Соучастник
7787,Контролёр
7788,Невидимый
7789,Контролёр
7790,Соучастник
7791,Делегирующий
7792,Делегирующий
7793,Соучастник
7794,Невидимый
7795,Соучастник
7796,Контролёр
7797,Соучастник
7798,Контролёр
7799,Делегирующий
7800,Невидимый
7801,Контролёр
7802,Контролёр
7803,Контролёр
7804,Невидимый
7805,Делегирующий
7806,Контролёр
7807,Контролёр
7808,Делегирующий
7809,Соучастник
7810,Контролёр
7811,Невидимый
7812,Контролёр
7813,Соучастник
7814,Контролёр
7815,Соучастник
7816,Контролёр
7817,Контролёр
7818,Контролёр
7819,Контролёр
7820,Контролёр
7821,Делегирующий
7822,Контролёр
7823,Контролёр
7824,Невидимый
7825,Соучастник
7826,Невидимый
7827,Невидимый
7828,Невидимый
7829,Контролёр
7830,Невидимый
7831,Невидимый
7832,Невидимый
7833,Соучастник
7834,Соучастник
7835,Соучастник
7836,Соучастник
7837,Невидимый
7838,Невидимый
7839,Невидимый
7840,Контролёр
7841,Соучастник
7842,Контролёр
7843,Соучастник
7844,Соучастник
7845,Невидимый
7846,Невидимый
7847,Соучастник
7848,Соучастник
7849,Контролёр
7850,Контролёр
7851,Соучастник
7852,Контролёр
7853,Контролёр
7854,Делегирующий
7855,Контролёр
7856,Контролёр
7857,Контролёр
7858,Контролёр
7859,Контролёр
7860,Контролёр
7861,Соучастник
7862,Невидимый
7863,Контролёр
7864,Невидимый
7865,Контролёр
7866,Делегирующий
7867,Делегирующий
7868,Невидимый
7869,Делегирующий
7870,Контролёр
7871,Делегирующий
7872,Невидимый
7873,Контролёр
7874,Контролёр
7875,Невидимый
7876,Соучастник
7877,Невидимый
7878,Соучастник
7879,Невидимый
7880,Невидимый
7881,Контролёр
7882,Контролёр
7883,Соучастник
7884,Соучастник
7885,Невидимый
7886,Невидимый
7887,Контролёр
7888,Невидимый
7889,Делегирующий
7890,Контролёр
7891,Соучастник
7892,Невидимый
7893,Невидимый
7894,Делегирующий
7895,Невидимый
7896,Контролёр
7897,Контролёр
7898,Контролёр
7899,Соучастник
7900,Контролёр
7901,Невидимый
7902,Невидимый
7903,Невидимый
7904,Контролёр
7905,Невидимый
7906,Контролёр
7907,Невидимый
7908,Невидимый
7909,Невидимый
7910,Контролёр
7911,Контролёр
7912,Контролёр
7913,Невидимый
7914,Контролёр
7915,Невидимый
7916,Соучастник
7917,Невидимый
7918,Соучастник
7919,Контролёр
7920,Соучастник
7921,Соучастник
7922,Соучастник
7923,Невидимый
7924,Контролёр
7925,Делегирующий
7926,Контролёр
7927,Контролёр
7928,Невидимый
7929,Контролёр
7930,Контролёр
7931,Невидимый
7932,Делегирующий
7933,Делегирующий
7934,Соучастник
7935,Невидимый
7936,Невидимый
7937,Соучастник
7938,Контролёр
7939,Соучастник
7940,Соучастник
7941,Контролёр
7942,Контролёр
7943,Соучастник
7944,Контролёр
7945,Невидимый
7946,Контролёр
7947,Делегирующий
7948,Контролёр
7949,Делегирующий
7950,Контролёр
7951,Делегирующий
7952,Невидимый
7953,Делегирующий
7954,Невидимый
7955,Контролёр
7956,Невидимый
7957,Контролёр
7958,Невидимый
7959,Невидимый
7960,Контролёр
7961,Невидимый
7962,Контролёр
7963,Контролёр
7964,Контролёр
7965,Делегирующий
7966,Невидимый
7967,Делегирующий
7968,Контролёр
7969,Делегирующий
7970,Контролёр
7971,Контролёр
7972,Делегирующий
7973,Невидимый
7974,Невидимый
7975,Делегирующий
7976,Невидимый
7977,Невидимый
7978,Невидимый
7979,Невидимый
7980,Невидимый
7981,Контролёр
7982,Делегирующий
7983,Невидимый
7984,Невидимый
7985,Контролёр
7986,Контролёр
7987,Невидимый
7988,Невидимый
7989,Невидимый
7990,Невидимый
7991,Невидимый
7992,Контролёр
7993,Контролёр
7994,Невидимый
7995,Делегирующий
7996,Невидимый
7997,Делегирующий
7998,Контролёр
7999,Контролёр
8000,Контролёр
8001,Соучастник
8002,Контролёр
8003,Контролёр
8004,Контролёр
8005,Контролёр
8006,Соучастник
8007,Контролёр
8008,Делегирующий
8009,Соучастник
8010,Контролёр
8011,Делегирующий
8012,Контролёр
8013,Невидимый
8014,Невидимый
8015,Контролёр
8016,Контролёр
8017,Невидимый
8018,Контролёр
8019,Соучастник
8020,Невидимый
8021,Невидимый
8022,Контролёр
8023,Делегирующий
8024,Контролёр
8025,Невидимый
8026,Невидимый
8027,Контролёр
8028,Контролёр
8029,Невидимый
8030,Делегирующий
8031,Невидимый
8032,Контролёр
8033,Контролёр
8034,Невидимый
8035,Контролёр
8036,Соучастник
8037,Контролёр
8038,Невидимый
8039,Невидимый
8040,Невидимый
8041,Контролёр
8042,Невидимый
8043,Контролёр
8044,Контролёр
8045,Делегирующий
8046,Делегирующий
8047,Контролёр
8048,Невидимый
8049,Контролёр
8050,Соучастник
8051,Контролёр
8052,Невидимый
8053,Невидимый
8054,Контролёр
8055,Контролёр
8056,Соучастник
8057,Делегирующий
8058,Невидимый
8059,Невидимый
8060,Невидимый
8061,Контролёр
8062,Контролёр
8063,Контролёр
8064,Невидимый
8065,Невидимый
8066,Невидимый
8067,Соучастник
8068,Невидимый
8069,Контролёр
8070,Контролёр
8071,Соучастник
8072,Невидимый
8073,Невидимый
8074,Контролёр
8075,Невидимый
8076,Контролёр
8077,Контролёр
8078,Невидимый
8079,Невидимый
8080,Невидимый
8081,Контролёр
8082,Делегирующий
8083,Контролёр
8084,Делегирующий
8085,Соучастник
8086,Делегирующий
8087,Соучастник
8088,Контролёр
8089,Контролёр
8090,Делегирующий
8091,Контролёр
8092,Контролёр
8093,Контролёр
8094,Невидимый
8095,Делегирующий
8096,Контролёр
8097,Невидимый
8098,Контролёр
8099,Невидимый
8100,Невидимый
8101,Невидимый
8102,Невидимый
8103,Делегирующий
8104,Делегирующий
8105,Контролёр
8106,Невидимый
8107,Контролёр
8108,Невидимый
8109,Соучастник
8110,Делегирующий
8111,Контролёр
8112,Соучастник
8113,Невидимый
8114,Соучастник
8115,Контролёр
8116,Контролёр
8117,Невидимый
8118,Контролёр
8119,Контролёр
8120,Невидимый
8121,Делегирующий
8122,Соучастник
8123,Невидимый
8124,Невидимый
8125,Контролёр
8126,Делегирующий
8127,Невидимый
8128,Делегирующий
8129,Контролёр
8130,Делегирующий
8131,Соучастник
8132,Контролёр
8133,Соучастник
8134,Контролёр
8135,Невидимый
8136,Невидимый
8137,Невидимый
8138,Делегирующий
8139,Контролёр
8140,Невидимый
8141,Контролёр
8142,Делегирующий
8143,Невидимый
8144,Делегирующий
8145,Соучастник
8146,Невидимый
8147,Соучастник
8148,Невидимый
8149,Невидимый
8150,Невидимый
8151,Контролёр
8152,Невидимый
8153,Соучастник
8154,Невидимый
8155,Невидимый
8156,Невидимый
8157,Невидимый
8158,Невидимый
8159,Контролёр
8160,Контролёр
8161,Контролёр
8162,Соучастник
8163,Контролёр
8164,Контролёр
8165,Контролёр
8166,Контролёр
8167,Контролёр
8168,Невидимый
8169,Контролёр
8170,Контролёр
8171,Контролёр
8172,Невидимый
8173,Соучастник
8174,Соучастник
8175,Контролёр
8176,Невидимый
8177,Невидимый
8178,Контролёр
8179,Контролёр
8180,Контролёр
8181,Невидимый
8182,Делегирующий
8183,Контролёр
8184,Контролёр
8185,Контролёр
8186,Невидимый
8187,Соучастник
8188,Невидимый
8189,Делегирующий
8190,Соучастник
8191,Соучастник
8192,Невидимый
8193,Невидимый
8194,Невидимый
8195,Невидимый
8196,Невидимый
8197,Делегирующий
8198,Невидимый
8199,Соучастник
8200,Контролёр
8201,Делегирующий
8202,Делегирующий
8203,Соучастник
8204,Делегирующий
8205,Делегирующий
8206,Невидимый
8207,Контролёр
8208,Соучастник
8209,Контролёр
8210,Контролёр
8211,Контролёр
8212,Соучастник
8213,Невидимый
8214,Контролёр
8215,Соучастник
8216,Делегирующий
8217,Контролёр
8218,Невидимый
8219,Невидимый
8220,Контролёр
8221,Делегирующий
8222,Контролёр
8223,Контролёр
8224,Делегирующий
8225,Контролёр
8226,Контролёр
8227,Делегирующий
8228,Делегирующий
8229,Соучастник
8230,Невидимый
8231,Невидимый
8232,Контролёр
8233,Невидимый
8234,Делегирующий
8235,Делегирующий
8236,Делегирующий
8237,Делегирующий
8238,Соучастник
8239,Невидимый
8240,Контролёр
8241,Контролёр
8242,Невидимый
8243,Контролёр
8244,Контролёр
8245,Контролёр
8246,Контролёр
8247,Контролёр
8248,Невидимый
8249,Контролёр
8250,Контролёр
8251,Контролёр
8252,Делегирующий
8253,Делегирующий
8254,Делегирующий
8255,Невидимый
8256,Невидимый
8257,Делегирующий
8258,Невидимый
8259,Невидимый
8260,Невидимый
8261,Контролёр
8262,Контролёр
8263,Соучастник
8264,Невидимый
8265,Невидимый
8266,Контролёр
8267,Невидимый
8268,Делегирующий
8269,Делегирующий
8270,Контролёр
8271,Невидимый
8272,Контролёр
8273,Контролёр
8274,Невидимый
8275,Делегирующий
8276,Делегирующий
8277,Контролёр
8278,Соучастник
8279,Невидимый
8280,Соучастник
8281,Невидимый
8282,Контролёр
8283,Соучастник
8284,Соучастник
8285,Невидимый
8286,Невидимый
8287,Невидимый
8288,Делегирующий
8289,Невидимый
8290,Делегирующий
8291,Соучастник
8292,Соучастник
8293,Невидимый
8294,Делегирующий
8295,Невидимый
8296,Контролёр
8297,Невидимый
8298,Контролёр
8299,Делегирующий
8300,Невидимый
8301,Делегирующий
8302,Соучастник
8303,Контролёр
8304,Контролёр
8305,Невидимый
8306,Делегирующий
8307,Соучастник
8308,Делегирующий
8309,Соучастник
8310,Невидимый
8311,Делегирующий
8312,Делегирующий
8313,Невидимый
8314,Делегирующий
8315,Контролёр
8316,Соучастник
8317,Контролёр
8318,Невидимый
8319,Делегирующий
8320,Соучастник
8321,Делегирующий
8322,Невидимый
8323,Делегирующий
8324,Контролёр
8325,Невидимый
8326,Контролёр
8327,Невидимый
8328,Соучастник
8329,Делегирующий
8330,Контролёр
8331,Контролёр
8332,Контролёр
8333,Делегирующий
8334,Контролёр
8335,Невидимый
8336,Невидимый
8337,Невидимый
8338,Делегирующий
8339,Невидимый
8340,Контролёр
8341,Контролёр
8342,Невидимый
8343,Делегирующий
8344,Контролёр
8345,Контролёр
8346,Контролёр
8347,Контролёр
8348,Контролёр
8349,Невидимый
8350,Делегирующий
8351,Невидимый
8352,Делегирующий
8353,Контролёр
8354,Делегирующий
8355,Невидимый
8356,Невидимый
8357,Контролёр
8358,Контролёр
8359,Невидимый
8360,Невидимый
8361,Контролёр
8362,Делегирующий
8363,Контролёр
8364,Невидимый
8365,Контролёр
8366,Контролёр
8367,Невидимый
8368,Контролёр
8369,Делегирующий
8370,Контролёр
8371,Невидимый
8372,Контролёр
8373,Делегирующий
8374,Контролёр
8375,Соучастник
8376,Контролёр
8377,Невидимый
8378,Контролёр
8379,Невидимый
8380,Контролёр
8381,Делегирующий
8382,Контролёр
8383,Контролёр
8384,Контролёр
8385,Соучастник
8386,Контролёр
8387,Невидимый
8388,Делегирующий
8389,Делегирующий
8390,Соучастник
8391,Делегирующий
8392,Контролёр
8393,Невидимый
8394,Контролёр
8395,Контролёр
8396,Невидимый
8397,Невидимый
8398,Контролёр
8399,Невидимый
8400,Контролёр
8401,Невидимый
8402,Делегирующий
8403,Невидимый
8404,Контролёр
8405,Контролёр
8406,Контролёр
8407,Невидимый
8408,Контролёр
8409,Соучастник
8410,Соучастник
8411,Делегирующий
8412,Контролёр
8413,Контролёр
8414,Невидимый
8415,Делегирующий
8416,Соучастник
8417,Невидимый
8418,Невидимый
8419,Невидимый
8420,Соучастник
8421,Контролёр
8422,Невидимый
8423,Контролёр
8424,Контролёр
8425,Невидимый
8426,Контролёр
8427,Невидимый
8428,Контролёр
8429,Контролёр
8430,Невидимый
8431,Контролёр
8432,Контролёр
8433,Соучастник
8434,Соучастник
8435,Соучастник
8436,Невидимый
8437,Невидимый
8438,Соучастник
8439,Соучастник
8440,Контролёр
8441,Контролёр
8442,Контролёр
8443,Контролёр
8444,Невидимый
8445,Невидимый
8446,Невидимый
8447,Соучастник
8448,Соучастник
8449,Делегирующий
8450,Соучастник
8451,Невидимый
8452,Делегирующий
8453,Невидимый
8454,Невидимый
8455,Делегирующий
8456,Соучастник
8457,Невидимый
8458,Невидимый
8459,Делегирующий
8460,Контролёр
8461,Невидимый
8462,Контролёр
8463,Контролёр
8464,Делегирующий
8465,Соучастник
8466,Контролёр
8467,Контролёр
8468,Контролёр
8469,Делегирующий
8470,Контролёр
8471,Делегирующий
8472,Делегирующий
8473,Невидимый
8474,Делегирующий
8475,Контролёр
8476,Контролёр
8477,Делегирующий
8478,Соучастник
8479,Контролёр
8480,Контролёр
8481,Невидимый
8482,Соучастник
8483,Соучастник
8484,Соучастник
8485,Контролёр
8486,Невидимый
8487,Контролёр
8488,Невидимый
8489,Делегирующий
8490,Контролёр
8491,Соучастник
8492,Контролёр
8493,Контролёр
8494,Контролёр
8495,Соучастник
8496,Соучастник
8497,Контролёр
8498,Контролёр
8499,Контролёр
8500,Контролёр
8501,Контролёр
8502,Невидимый
8503,Делегирующий
8504,Контролёр
8505,Невидимый
8506,Контролёр
8507,Контролёр
8508,Контролёр
8509,Контролёр
8510,Контролёр
8511,Делегирующий
8512,Невидимый
8513,Невидимый
8514,Контролёр
8515,Контролёр
8516,Соучастник
8517,Невидимый
8518,Соучастник
8519,Контролёр
8520,Делегирующий
8521,Соучастник
8522,Невидимый
8523,Контролёр
8524,Невидимый
8525,Делегирующий
8526,Контролёр
8527,Соучастник
8528,Невидимый
8529,Невидимый
8530,Контролёр
8531,Контролёр
8532,Невидимый
8533,Невидимый
8534,Невидимый
8535,Невидимый
8536,Соучастник
8537,Делегирующий
8538,Невидимый
8539,Делегирующий
8540,Невидимый
8541,Контролёр
8542,Делегирующий
8543,Невидимый
8544,Делегирующий
8545,Невидимый
8546,Контролёр
8547,Невидимый
8548,Контролёр
8549,Невидимый
8550,Невидимый
8551,Невидимый
8552,Контролёр
8553,Делегирующий
8554,Невидимый
8555,Невидимый
8556,Невидимый
8557,Невидимый
8558,Делегирующий
8559,Делегирующий
8560,Делегирующий
8561,Невидимый
8562,Контролёр
8563,Контролёр
8564,Делегирующий
8565,Делегирующий
8566,Контролёр
8567,Контролёр
8568,Соучастник
8569,Делегирующий
8570,Делегирующий
8571,Невидимый
8572,Контролёр
8573,Контролёр
8574,Невидимый
8575,Невидимый
8576,Соучастник
8577,Контролёр
8578,Невидимый
8579,Невидимый
8580,Контролёр
8581,Невидимый
8582,Соучастник
8583,Делегирующий
8584,Невидимый
8585,Невидимый
8586,Невидимый
8587,Контролёр
8588,Контролёр
8589,Контролёр
8590,Невидимый
8591,Соучастник
8592,Делегирующий
8593,Контролёр
8594,Невидимый
8595,Невидимый
8596,Контролёр
8597,Невидимый
8598,Невидимый
8599,Делегирующий
8600,Невидимый
8601,Делегирующий
8602,Делегирующий
8603,Делегирующий
8604,Делегирующий
8605,Соучастник
8606,Соучастник
8607,Делегирующий
8608,Делегирующий
8609,Невидимый
8610,Контролёр
8611,Невидимый
8612,Контролёр
8613,Соучастник
8614,Контролёр
8615,Делегирующий
8616,Контролёр
8617,Невидимый
8618,Делегирующий
8619,Контролёр
8620,Невидимый
8621,Делегирующий
8622,Контролёр
8623,Контролёр
8624,Контролёр
8625,Контролёр
8626,Контролёр
8627,Контролёр
8628,Делегирующий
8629,Контролёр
8630,Контролёр
8631,Соучастник
8632,Невидимый
8633,Невидимый
8634,Невидимый
8635,Контролёр
8636,Делегирующий
8637,Соучастник
8638,Соучастник
8639,Соучастник
8640,Невидимый
8641,Соучастник
8642,Контролёр
8643,Соучастник
8644,Делегирующий
8645,Невидимый
8646,Делегирующий
8647,Делегирующий
8648,Контролёр
8649,Контролёр
8650,Контролёр
8651,Контролёр
8652,Невидимый
8653,Контролёр
8654,Соучастник
8655,Невидимый
8656,Контролёр
8657,Контролёр
8658,Невидимый
8659,Невидимый
8660,Невидимый
8661,Контролёр
8662,Невидимый
8663,Контролёр
8664,Контролёр
8665,Невидимый
8666,Делегирующий
8667,Соучастник
8668,Контролёр
8669,Делегирующий
8670,Контролёр
8671,Контролёр
8672,Делегирующий
8673,Невидимый
8674,Контролёр
8675,Контролёр
8676,Контролёр
8677,Контролёр
8678,Делегирующий
8679,Делегирующий
8680,Контролёр
8681,Контролёр
8682,Делегирующий
8683,Контролёр
8684,Делегирующий
8685,Делегирующий
8686,Соучастник
8687,Контролёр
8688,Невидимый
8689,Контролёр
8690,Невидимый
8691,Контролёр
8692,Контролёр
8693,Соучастник
8694,Соучастник
8695,Соучастник
8696,Контролёр
8697,Контролёр
8698,Делегирующий
8699,Невидимый
8700,Соучастник
8701,Соучастник
8702,Невидимый
8703,Делегирующий
8704,Контролёр
8705,Контролёр
8706,Контролёр
8707,Невидимый
8708,Соучастник
8709,Контролёр
8710,Контролёр
8711,Невидимый
8712,Соучастник
8713,Невидимый
8714,Соучастник
8715,Контролёр
8716,Делегирующий
8717,Контролёр
8718,Контролёр
8719,Контролёр
8720,Контролёр
8721,Невидимый
8722,Контролёр
8723,Соучастник
8724,Контролёр
8725,Невидимый
8726,Делегирующий
8727,Невидимый
8728,Невидимый
8729,Контролёр
8730,Делегирующий
8731,Делегирующий
8732,Делегирующий
8733,Контролёр
8734,Контролёр
8735,Невидимый
8736,Невидимый
8737,Невидимый
8738,Невидимый
8739,Невидимый
8740,Контролёр
8741,Контролёр
8742,Делегирующий
8743,Соучастник
8744,Контролёр
8745,Делегирующий
8746,Невидимый
8747,Невидимый
8748,Соучастник
8749,Контролёр
8750,Контролёр
8751,Соучастник
8752,Невидимый
8753,Невидимый
8754,Невидимый
8755,Контролёр
8756,Соучастник
8757,Невидимый
8758,Делегирующий
8759,Контролёр
8760,Соучастник
8761,Контролёр
8762,Контролёр
8763,Делегирующий
8764,Контролёр
8765,Контролёр
8766,Контролёр
8767,Невидимый
8768,Делегирующий
8769,Контролёр
8770,Невидимый
8771,Контролёр
8772,Контролёр
8773,Невидимый
8774,Контролёр
8775,Соучастник
8776,Делегирующий
8777,Контролёр
8778,Соучастник
8779,Делегирующий
8780,Контролёр
8781,Делегирующий
8782,Делегирующий
8783,Контролёр
8784,Делегирующий
8785,Делегирующий
8786,Невидимый
8787,Невидимый
8788,Контролёр
8789,Контролёр
8790,Делегирующий
8791,Невидимый
8792,Делегирующий
8793,Контролёр
8794,Невидимый
8795,Невидимый
8796,Делегирующий
8797,Контролёр
8798,Невидимый
8799,Невидимый
8800,Соучастник
8801,Невидимый
8802,Делегирующий
8803,Делегирующий
8804,Контролёр
8805,Невидимый
8806,Контролёр
8807,Соучастник
8808,Контролёр
8809,Делегирующий
8810,Соучастник
8811,Контролёр
8812,Контролёр
8813,Соучастник
8814,Делегирующий
8815,Делегирующий
8816,Контролёр
8817,Делегирующий
8818,Невидимый
8819,Контролёр
8820,Контролёр
8821,Невидимый
8822,Контролёр
8823,Невидимый
8824,Делегирующий
8825,Контролёр
8826,Невидимый
8827,Контролёр
8828,Контролёр
8829,Соучастник
8830,Невидимый
8831,Делегирующий
8832,Контролёр
8833,Невидимый
8834,Соучастник
8835,Контролёр
8836,Контролёр
8837,Контролёр
8838,Невидимый
8839,Делегирующий
8840,Контролёр
8841,Невидимый
8842,Соучастник
8843,Контролёр
8844,Контролёр
8845,Невидимый
8846,Соучастник
8847,Соучастник
8848,Делегирующий
8849,Контролёр
8850,Соучастник
8851,Контролёр
8852,Контролёр
8853,Соучастник
8854,Делегирующий
8855,Соучастник
8856,Невидимый
8857,Соучастник
8858,Делегирующий
8859,Делегирующий
8860,Невидимый
8861,Невидимый
8862,Делегирующий
8863,Невидимый
8864,Контролёр
8865,Делегирующий
8866,Делегирующий
8867,Контролёр
8868,Контролёр
8869,Контролёр
8870,Невидимый
8871,Невидимый
8872,Невидимый
8873,Контролёр
8874,Невидимый
8875,Контролёр
8876,Контролёр
8877,Делегирующий
8878,Соучастник
8879,Соучастник
8880,Контролёр
8881,Контролёр
8882,Невидимый
8883,Невидимый
8884,Делегирующий
8885,Контролёр
8886,Контролёр
8887,Контролёр
8888,Соучастник
8889,Контролёр
8890,Соучастник
8891,Соучастник
8892,Невидимый
8893,Невидимый
8894,Делегирующий
8895,Контролёр
8896,Невидимый
8897,Невидимый
8898,Контролёр
8899,Делегирующий
8900,Делегирующий
8901,Контролёр
8902,Невидимый
8903,Контролёр
8904,Невидимый
8905,Контролёр
8906,Невидимый
8907,Соучастник
8908,Невидимый
8909,Контролёр
8910,Невидимый
8911,Невидимый
8912,Делегирующий
8913,Делегирующий
8914,Делегирующий
8915,Контролёр
8916,Невидимый
8917,Невидимый
8918,Контролёр
8919,Контролёр
8920,Соучастник
8921,Контролёр
8922,Невидимый
8923,Контролёр
8924,Невидимый
8925,Контролёр
8926,Делегирующий
8927,Невидимый
8928,Контролёр
8929,Соучастник
8930,Соучастник
8931,Соучастник
8932,Контролёр
8933,Невидимый
8934,Контролёр
8935,Делегирующий
8936,Невидимый
8937,Контролёр
8938,Невидимый
8939,Соучастник
8940,Невидимый
8941,Делегирующий
8942,Невидимый
8943,Контролёр
8944,Делегирующий
8945,Невидимый
8946,Соучастник
8947,Соучастник
8948,Невидимый
8949,Контролёр
8950,Невидимый
8951,Делегирующий
8952,Контролёр
8953,Невидимый
8954,Делегирующий
8955,Контролёр
8956,Контролёр
8957,Невидимый
8958,Делегирующий
8959,Делегирующий
8960,Делегирующий
8961,Контролёр
8962,Делегирующий
8963,Соучастник
8964,Соучастник
8965,Контролёр
8966,Соучастник
8967,Невидимый
8968,Контролёр
8969,Контролёр
8970,Невидимый
8971,Невидимый
8972,Контролёр
8973,Невидимый
8974,Делегирующий
8975,Контролёр
8976,Соучастник
8977,Соучастник
8978,Контролёр
8979,Невидимый
8980,Соучастник
8981,Контролёр
8982,Невидимый
8983,Невидимый
8984,Контролёр
8985,Соучастник
8986,Невидимый
8987,Контролёр
8988,Соучастник
8989,Контролёр
8990,Контролёр
8991,Делегирующий
8992,Делегирующий
8993,Контролёр
8994,Делегирующий
8995,Контролёр
8996,Делегирующий
8997,Контролёр
8998,Контролёр
8999,Делегирующий
9000,Контролёр
9001,Невидимый
9002,Контролёр
9003,Невидимый
9004,Невидимый
9005,Контролёр
9006,Невидимый
9007,Невидимый
9008,Контролёр
9009,Делегирующий
9010,Невидимый
9011,Контролёр
9012,Делегирующий
9013,Соучастник
9014,Контролёр
9015,Контролёр
9016,Делегирующий
9017,Контролёр
9018,Соучастник
9019,Делегирующий
9020,Соучастник
9021,Делегирующий
9022,Невидимый
9023,Контролёр
9024,Контролёр
9025,Невидимый
9026,Контролёр
9027,Контролёр
9028,Невидимый
9029,Соучастник
9030,Контролёр
9031,Соучастник
9032,Контролёр
9033,Невидимый
9034,Соучастник
9035,Контролёр
9036,Делегирующий
9037,Невидимый
9038,Делегирующий
9039,Делегирующий
9040,Соучастник
9041,Соучастник
9042,Невидимый
9043,Контролёр
9044,Соучастник
9045,Невидимый
9046,Невидимый
9047,Контролёр
9048,Контролёр
9049,Контролёр
9050,Делегирующий
9051,Невидимый
9052,Невидимый
9053,Контролёр
9054,Контролёр
9055,Контролёр
9056,Делегирующий
9057,Контролёр
9058,Невидимый
9059,Делегирующий
9060,Невидимый
9061,Делегирующий
9062,Невидимый
9063,Делегирующий
9064,Контролёр
9065,Невидимый
9066,Делегирующий
9067,Невидимый
9068,Соучастник
9069,Контролёр
9070,Соучастник
9071,Невидимый
9072,Контролёр
9073,Контролёр
9074,Невидимый
9075,Контролёр
9076,Соучастник
9077,Невидимый
9078,Контролёр
9079,Контролёр
9080,Контролёр
9081,Контролёр
9082,Невидимый
9083,Контролёр
9084,Контролёр
9085,Контролёр
9086,Невидимый
9087,Контролёр
9088,Невидимый
9089,Соучастник
9090,Делегирующий
9091,Невидимый
9092,Невидимый
9093,Делегирующий
9094,Контролёр
9095,Делегирующий
9096,Невидимый
9097,Делегирующий
9098,Невидимый
9099,Делегирующий
9100,Невидимый
9101,Контролёр
9102,Контролёр
9103,Контролёр
9104,Соучастник
9105,Соучастник
9106,Невидимый
9107,Контролёр
9108,Невидимый
9109,Невидимый
9110,Невидимый
9111,Делегирующий
9112,Соучастник
9113,Контролёр
9114,Невидимый
9115,Контролёр
9116,Контролёр
9117,Контролёр
9118,Делегирующий
9119,Контролёр
9120,Невидимый
9121,Невидимый
9122,Контролёр
9123,Контролёр
9124,Невидимый
9125,Контролёр
9126,Делегирующий
9127,Контролёр
9128,Делегирующий
9129,Невидимый
9130,Соучастник
9131,Контролёр
9132,Невидимый
9133,Невидимый
9134,Контролёр
9135,Соучастник
9136,Делегирующий
9137,Невидимый
9138,Соучастник
9139,Соучастник
9140,Контролёр
9141,Соучастник
9142,Контролёр
9143,Контролёр
9144,Контролёр
9145,Невидимый
9146,Делегирующий
9147,Делегирующий
9148,Делегирующий
9149,Контролёр
9150,Невидимый
9151,Делегирующий
9152,Контролёр
9153,Контролёр
9154,Делегирующий
9155,Делегирующий
9156,Невидимый
9157,Невидимый
9158,Невидимый
9159,Невидимый
9160,Контролёр
9161,Невидимый
9162,Невидимый
9163,Невидимый
9164,Делегирующий
9165,Делегирующий
9166,Контролёр
9167,Невидимый
9168,Соучастник
9169,Невидимый
9170,Контролёр
9171,Контролёр
9172,Контролёр
9173,Контролёр
9174,Соучастник
9175,Невидимый
9176,Невидимый
9177,Контролёр
9178,Контролёр
9179,Контролёр
9180,Контролёр
9181,Контролёр
9182,Невидимый
9183,Контролёр
9184,Контролёр
9185,Контролёр
9186,Контролёр
9187,Контролёр
9188,Контролёр
9189,Соучастник
9190,Невидимый
9191,Невидимый
9192,Делегирующий
9193,Контролёр
9194,Контролёр
9195,Соучастник
9196,Контролёр
9197,Контролёр
9198,Невидимый
9199,Невидимый
9200,Делегирующий
9201,Невидимый
9202,Невидимый
9203,Невидимый
9204,Соучастник
9205,Контролёр
9206,Невидимый
9207,Контролёр
9208,Делегирующий
9209,Контролёр
9210,Невидимый
9211,Невидимый
9212,Невидимый
9213,Контролёр
9214,Невидимый
9215,Контролёр
9216,Соучастник
9217,Соучастник
9218,Делегирующий
9219,Невидимый
9220,Делегирующий
9221,Соучастник
9222,Делегирующий
9223,Делегирующий
9224,Контролёр
9225,Контролёр
9226,Контролёр
9227,Невидимый
9228,Контролёр
9229,Невидимый
9230,Соучастник
9231,Невидимый
9232,Соучастник
9233,Невидимый
9234,Делегирующий
9235,Делегирующий
9236,Невидимый
9237,Невидимый
9238,Соучастник
9239,Делегирующий
9240,Невидимый
9241,Делегирующий
9242,Невидимый
9243,Делегирующий
9244,Невидимый
9245,Невидимый
9246,Соучастник
9247,Контролёр
9248,Контролёр
9249,Контролёр
9250,Невидимый
9251,Делегирующий
9252,Делегирующий
9253,Невидимый
9254,Соучастник
9255,Контролёр
9256,Делегирующий
9257,Делегирующий
9258,Невидимый
9259,Делегирующий
9260,Соучастник
9261,Контролёр
9262,Контролёр
9263,Невидимый
9264,Делегирующий
9265,Делегирующий
9266,Невидимый
9267,Невидимый
9268,Невидимый
9269,Соучастник
9270,Невидимый
9271,Контролёр
9272,Контролёр
9273,Контролёр
9274,Контролёр
9275,Контролёр
9276,Контролёр
9277,Невидимый
9278,Контролёр
9279,Соучастник
9280,Контролёр
9281,Контролёр
9282,Невидимый
9283,Соучастник
9284,Делегирующий
9285,Соучастник
9286,Соучастник
9287,Невидимый
9288,Контролёр
9289,Делегирующий
9290,Контролёр
9291,Контролёр
9292,Контролёр
9293,Невидимый
9294,Невидимый
9295,Соучастник
9296,Невидимый
9297,Невидимый
9298,Невидимый
9299,Контролёр
9300,Невидимый
9301,Контролёр
9302,Делегирующий
9303,Делегирующий
9304,Соучастник
9305,Делегирующий
9306,Контролёр
9307,Контролёр
9308,Соучастник
9309,Делегирующий
9310,Контролёр
9311,Соучастник
9312,Невидимый
9313,Невидимый
9314,Контролёр
9315,Контролёр
9316,Невидимый
9317,Соучастник
9318,Контролёр
9319,Контролёр
9320,Невидимый
9321,Невидимый
9322,Контролёр
9323,Делегирующий
9324,Невидимый
9325,Невидимый
9326,Делегирующий
9327,Контролёр
9328,Невидимый
9329,Невидимый
9330,Делегирующий
9331,Соучастник
9332,Невидимый
9333,Контролёр
9334,Контролёр
9335,Невидимый
9336,Невидимый
9337,Невидимый
9338,Контролёр
9339,Делегирующий
9340,Контролёр
9341,Соучастник
9342,Невидимый
9343,Делегирующий
9344,Делегирующий
9345,Невидимый
9346,Контролёр
9347,Невидимый
9348,Невидимый
9349,Невидимый
9350,Контролёр
9351,Делегирующий
9352,Соучастник
9353,Невидимый
9354,Контролёр
9355,Контролёр
9356,Невидимый
9357,Невидимый
9358,Невидимый
9359,Контролёр
9360,Невидимый
9361,Невидимый
9362,Контролёр
9363,Соучастник
9364,Невидимый
9365,Соучастник
9366,Контролёр
9367,Невидимый
9368,Соучастник
9369,Контролёр
9370,Контролёр
9371,Контролёр
9372,Соучастник
9373,Делегирующий
9374,Невидимый
9375,Соучастник
9376,Соучастник
9377,Контролёр
9378,Контролёр
9379,Контролёр
9380,Невидимый
9381,Делегирующий
9382,Контролёр
9383,Контролёр
9384,Контролёр
9385,Контролёр
9386,Делегирующий
9387,Соучастник
9388,Контролёр
9389,Делегирующий
9390,Делегирующий
9391,Невидимый
9392,Контролёр
9393,Невидимый
9394,Контролёр
9395,Контролёр
9396,Делегирующий
9397,Контролёр
9398,Невидимый
9399,Контролёр
9400,Соучастник
9401,Контролёр
9402,Невидимый
9403,Контролёр
9404,Соучастник
9405,Соучастник
9406,Соучастник
9407,Контролёр
9408,Контролёр
9409,Делегирующий
9410,Невидимый
9411,Делегирующий
9412,Невидимый
9413,Соучастник
9414,Невидимый
9415,Контролёр
9416,Делегирующий
9417,Контролёр
9418,Контролёр
9419,Соучастник
9420,Делегирующий
9421,Контролёр
9422,Контролёр
9423,Контролёр
9424,Невидимый
9425,Невидимый
9426,Соучастник
9427,Контролёр
9428,Контролёр
9429,Делегирующий
9430,Невидимый
9431,Контролёр
9432,Делегирующий
9433,Контролёр
9434,Невидимый
9435,Контролёр
9436,Соучастник
9437,Контролёр
9438,Невидимый
9439,Делегирующий
9440,Невидимый
9441,Контролёр
9442,Контролёр
9443,Невидимый
9444,Контролёр
9445,Невидимый
9446,Делегирующий
9447,Невидимый
9448,Контролёр
9449,Невидимый
9450,Контролёр
9451,Невидимый
9452,Контролёр
9453,Соучастник
9454,Контролёр
9455,Невидимый
9456,Соучастник
9457,Делегирующий
9458,Контролёр
9459,Невидимый
9460,Соучастник
9461,Невидимый
9462,Контролёр
9463,Невидимый
9464,Контролёр
9465,Соучастник
9466,Невидимый
9467,Соучастник
9468,Невидимый
9469,Соучастник
9470,Контролёр
9471,Контролёр
9472,Соучастник
9473,Соучастник
9474,Невидимый
9475,Невидимый
9476,Соучастник
9477,Соучастник
9478,Соучастник
9479,Контролёр
9480,Контролёр
9481,Невидимый
9482,Соучастник
9483,Невидимый
9484,Невидимый
9485,Невидимый
9486,Контролёр
9487,Соучастник
9488,Невидимый
9489,Делегирующий
9490,Контролёр
9491,Невидимый
9492,Делегирующий
9493,Контролёр
9494,Контролёр
9495,Контролёр
9496,Контролёр
9497,Соучастник
9498,Контролёр
9499,Контролёр
9500,Контролёр
9501,Соучастник
9502,Контролёр
9503,Соучастник
9504,Невидимый
9505,Контролёр
9506,Контролёр
9507,Делегирующий
9508,Контролёр
9509,Контролёр
9510,Невидимый
9511,Делегирующий
9512,Контролёр
9513,Делегирующий
9514,Контролёр
9515,Невидимый
9516,Невидимый
9517,Делегирующий
9518,Соучастник
9519,Соучастник
9520,Невидимый
9521,Контролёр
9522,Невидимый
9523,Контролёр
9524,Невидимый
9525,Невидимый
9526,Делегирующий
9527,Соучастник
9528,Контролёр
9529,Невидимый
9530,Невидимый
9531,Соучастник
9532,Невидимый
9533,Делегирующий
9534,Контролёр
9535,Контролёр
9536,Делегирующий
9537,Делегирующий
9538,Невидимый
9539,Невидимый
9540,Контролёр
9541,Делегирующий
9542,Невидимый
9543,Соучастник
9544,Контролёр
9545,Контролёр
9546,Контролёр
9547,Делегирующий
9548,Контролёр
9549,Невидимый
9550,Контролёр
9551,Контролёр
9552,Контролёр
9553,Соучастник
9554,Невидимый
9555,Невидимый
9556,Контролёр
9557,Невидимый
9558,Контролёр
9559,Контролёр
9560,Делегирующий
9561,Делегирующий
9562,Невидимый
9563,Контролёр
9564,Соучастник
9565,Делегирующий
9566,Контролёр
9567,Контролёр
9568,Контролёр
9569,Делегирующий
9570,Соучастник
9571,Контролёр
9572,Соучастник
9573,Делегирующий
9574,Делегирующий
9575,Контролёр
9576,Делегирующий
9577,Контролёр
9578,Соучастник
9579,Делегирующий
9580,Соучастник
9581,Контролёр
9582,Соучастник
9583,Делегирующий
9584,Соучастник
9585,Невидимый
9586,Невидимый
9587,Контролёр
9588,Контролёр
9589,Соучастник
9590,Контролёр
9591,Невидимый
9592,Невидимый
9593,Невидимый
9594,Контролёр
9595,Соучастник
9596,Соучастник
9597,Контролёр
9598,Контролёр
9599,Делегирующий
9600,Делегирующий
9601,Контролёр
9602,Невидимый
9603,Контролёр
9604,Контролёр
9605,Контролёр
9606,Соучастник
9607,Соучастник
9608,Контролёр
9609,Невидимый
9610,Невидимый
9611,Делегирующий
9612,Контролёр
9613,Делегирующий
9614,Контролёр
9615,Невидимый
9616,Невидимый
9617,Делегирующий
9618,Невидимый
9619,Соучастник
9620,Невидимый
9621,Контролёр
9622,Невидимый
9623,Невидимый
9624,Невидимый
9625,Контролёр
9626,Делегирующий
9627,Делегирующий
9628,Делегирующий
9629,Невидимый
9630,Делегирующий
9631,Контролёр
9632,Контролёр
9633,Соучастник
9634,Контролёр
9635,Контролёр
9636,Контролёр
9637,Контролёр
9638,Контролёр
9639,Невидимый
9640,Соучастник
9641,Контролёр
9642,Контролёр
9643,Контролёр
9644,Делегирующий
9645,Делегирующий
9646,Невидимый
9647,Делегирующий
9648,Делегирующий
9649,Контролёр
9650,Невидимый
9651,Контролёр
9652,Невидимый
9653,Невидимый
9654,Контролёр
9655,Соучастник
9656,Делегирующий
9657,Контролёр
9658,Контролёр
9659,Контролёр
9660,Невидимый
9661,Невидимый
9662,Контролёр
9663,Невидимый
9664,Контролёр
9665,Контролёр
9666,Делегирующий
9667,Невидимый
9668,Соучастник
9669,Невидимый
9670,Невидимый
9671,Контролёр
9672,Делегирующий
9673,Невидимый
9674,Контролёр
9675,Невидимый
9676,Соучастник
9677,Невидимый
9678,Контролёр
9679,Контролёр
9680,Контролёр
9681,Делегирующий
9682,Контролёр
9683,Делегирующий
9684,Делегирующий
9685,Контролёр
9686,Невидимый
9687,Контролёр
9688,Контролёр
9689,Невидимый
9690,Невидимый
9691,Невидимый
9692,Невидимый
9693,Контролёр
9694,Делегирующий
9695,Невидимый
9696,Контролёр
9697,Контролёр
9698,Невидимый
9699,Контролёр
9700,Делегирующий
9701,Делегирующий
9702,Контролёр
9703,Контролёр
9704,Соучастник
9705,Контролёр
9706,Контролёр
9707,Невидимый
9708,Контролёр
9709,Контролёр
9710,Контролёр
9711,Делегирующий
9712,Делегирующий
9713,Делегирующий
9714,Делегирующий
9715,Контролёр
9716,Соучастник
9717,Делегирующий
9718,Невидимый
9719,Невидимый
9720,Делегирующий
9721,Невидимый
9722,Невидимый
9723,Делегирующий
9724,Делегирующий
9725,Невидимый
9726,Контролёр
9727,Соучастник
9728,Делегирующий
9729,Невидимый
9730,Соучастник
9731,Контролёр
9732,Делегирующий
9733,Соучастник
9734,Делегирующий
9735,Невидимый
9736,Соучастник
9737,Контролёр
9738,Невидимый
9739,Контролёр
9740,Невидимый
9741,Соучастник
9742,Контролёр
9743,Невидимый
9744,Контролёр
9745,Соучастник
9746,Контролёр
9747,Контролёр
9748,Контролёр
9749,Делегирующий
9750,Невидимый
9751,Невидимый
9752,Контролёр
9753,Контролёр
9754,Невидимый
9755,Делегирующий
9756,Невидимый
9757,Контролёр
9758,Соучастник
9759,Соучастник
9760,Невидимый
9761,Соучастник
9762,Соучастник
9763,Соучастник
9764,Контролёр
9765,Контролёр
9766,Делегирующий
9767,Делегирующий
9768,Соучастник
9769,Соучастник
9770,Контролёр
9771,Невидимый
9772,Контролёр
9773,Контролёр
9774,Контролёр
9775,Делегирующий
9776,Невидимый
9777,Делегирующий
9778,Соучастник
9779,Контролёр
9780,Делегирующий
9781,Контролёр
9782,Контролёр
9783,Делегирующий
9784,Соучастник
9785,Контролёр
9786,Делегирующий
9787,Соучастник
9788,Делегирующий
9789,Соучастник
9790,Делегирующий
9791,Контролёр
9792,Контролёр
9793,Делегирующий
9794,Контролёр
9795,Контролёр
9796,Контролёр
9797,Контролёр
9798,Соучастник
9799,Делегирующий
9800,Соучастник
9801,Контролёр
9802,Соучастник
9803,Контролёр
9804,Невидимый
9805,Невидимый
9806,Контролёр
9807,Контролёр
9808,Делегирующий
9809,Соучастник
9810,Делегирующий
9811,Делегирующий
9812,Контролёр
9813,Контролёр
9814,Контролёр
9815,Невидимый
9816,Соучастник
9817,Контролёр
9818,Невидимый
9819,Делегирующий
9820,Делегирующий
9821,Делегирующий
9822,Соучастник
9823,Делегирующий
9824,Контролёр
9825,Невидимый
9826,Соучастник
9827,Невидимый
9828,Невидимый
9829,Невидимый
9830,Контролёр
9831,Соучастник
9832,Делегирующий
9833,Делегирующий
9834,Делегирующий
9835,Невидимый
9836,Контролёр
9837,Невидимый
9838,Контролёр
9839,Невидимый
9840,Делегирующий
9841,Контролёр
9842,Делегирующий
9843,Делегирующий
9844,Делегирующий
9845,Контролёр
9846,Невидимый
9847,Делегирующий
9848,Невидимый
9849,Контролёр
9850,Соучастник
9851,Делегирующий
9852,Невидимый
9853,Контролёр
9854,Контролёр
9855,Контролёр
9856,Невидимый
9857,Соучастник
9858,Контролёр
9859,Делегирующий
9860,Контролёр
9861,Делегирующий
9862,Делегирующий
9863,Контролёр
9864,Невидимый
9865,Делегирующий
9866,Соучастник
9867,Контролёр
9868,Делегирующий
9869,Делегирующий
9870,Невидимый
9871,Делегирующий
9872,Контролёр
9873,Делегирующий
9874,Невидимый
9875,Невидимый
9876,Контролёр
9877,Контролёр
9878,Контролёр
9879,Делегирующий
9880,Контролёр
9881,Контролёр
9882,Соучастник
9883,Контролёр
9884,Контролёр
9885,Соучастник
9886,Невидимый
9887,Делегирующий
9888,Контролёр
9889,Невидимый
9890,Невидимый
9891,Контролёр
9892,Контролёр
9893,Контролёр
9894,Контролёр
9895,Контролёр
9896,Контролёр
9897,Контролёр
9898,Делегирующий
9899,Невидимый
9900,Соучастник
9901,Контролёр
9902,Соучастник
9903,Невидимый
9904,Контролёр
9905,Контролёр
9906,Делегирующий
9907,Делегирующий
9908,Контролёр
9909,Контролёр
9910,Невидимый
9911,Делегирующий
9912,Соучастник
9913,Делегирующий
9914,Контролёр
9915,Соучастник
9916,Контролёр
9917,Делегирующий
9918,Соучастник
9919,Контролёр
9920,Невидимый
9921,Контролёр
9922,Невидимый
9923,Контролёр
9924,Делегирующий
9925,Контролёр
9926,Контролёр
9927,Контролёр
9928,Соучастник
9929,Контролёр
9930,Невидимый
9931,Контролёр
9932,Контролёр
9933,Соучастник
9934,Контролёр
9935,Контролёр
9936,Соучастник
9937,Невидимый
9938,Соучастник
9939,Контролёр
9940,Делегирующий
9941,Невидимый
9942,Контролёр
9943,Делегирующий
9944,Соучастник
9945,Делегирующий
9946,Контролёр
9947,Невидимый
9948,Контролёр
9949,Делегирующий
9950,Делегирующий
9951,Невидимый
9952,Контролёр
9953,Невидимый
9954,Невидимый
9955,Контролёр
9956,Контролёр
9957,Соучастник
9958,Невидимый
9959,Невидимый
9960,Контролёр
9961,Невидимый
9962,Контролёр
9963,Контролёр
9964,Контролёр
9965,Делегирующий
9966,Делегирующий
9967,Контролёр
9968,Контролёр
9969,Делегирующий
9970,Делегирующий
9971,Контролёр
9972,Невидимый
9973,Делегирующий
9974,Контролёр
9975,Соучастник
9976,Невидимый
9977,Невидимый
9978,Контролёр
9979,Контролёр
9980,Контролёр
9981,Невидимый
9982,Невидимый
9983,Невидимый
9984,Невидимый
9985,Невидимый
9986,Контролёр
9987,Контролёр
9988,Контролёр
9989,Контролёр
9990,Соучастник
9991,Невидимый
9992,Невидимый
9993,Невидимый
9994,Делегирующий
9995,Контролёр
9996,Делегирующий
9997,Невидимый
9998,Контролёр
9999,Соучастник
10000,Контролёр
10001,Невидимый
10002,Делегирующий
10003,Контролёр
10004,Контролёр
10005,Делегирующий
10006,Контролёр
10007,Невидимый
10008,Соучастник
10009,Соучастник
10010,Контролёр
10011,Невидимый
10012,Делегирующий
10013,Контролёр
10014,Соучастник
10015,Невидимый
10016,Делегирующий
10017,Соучастник
10018,Невидимый
10019,Невидимый
10020,Соучастник
10021,Невидимый
10022,Соучастник
10023,Невидимый
10024,Делегирующий
10025,Соучастник
10026,Контролёр
10027,Контролёр
10028,Невидимый
10029,Контролёр
10030,Контролёр
10031,Невидимый
10032,Соучастник
10033,Невидимый
10034,Делегирующий
10035,Контролёр
10036,Контролёр
10037,Контролёр
10038,Контролёр
10039,Делегирующий
10040,Контролёр
10041,Невидимый
10042,Невидимый
10043,Контролёр
10044,Делегирующий
10045,Соучастник
10046,Соучастник
10047,Контролёр
10048,Контролёр
10049,Делегирующий
10050,Контролёр
10051,Контролёр
10052,Делегирующий
10053,Невидимый
10054,Делегирующий
10055,Невидимый
10056,Делегирующий
10057,Невидимый
10058,Контролёр
10059,Невидимый
10060,Невидимый
10061,Соучастник
10062,Контролёр
10063,Невидимый
10064,Контролёр
10065,Невидимый
10066,Невидимый
10067,Контролёр
10068,Невидимый
10069,Контролёр
10070,Контролёр
10071,Соучастник
10072,Соучастник
10073,Соучастник
10074,Делегирующий
10075,Невидимый
10076,Контролёр
10077,Контролёр
10078,Соучастник
10079,Соучастник
10080,Делегирующий
10081,Контролёр
10082,Делегирующий
10083,Контролёр
10084,Делегирующий
10085,Контролёр
10086,Соучастник
10087,Невидимый
10088,Соучастник
10089,Невидимый
10090,Контролёр
10091,Контролёр
10092,Делегирующий
10093,Соучастник
10094,Контролёр
10095,Контролёр
10096,Соучастник
10097,Соучастник
10098,Невидимый
10099,Контролёр
10100,Соучастник
10101,Невидимый
10102,Контролёр
10103,Невидимый
10104,Невидимый
10105,Невидимый
10106,Невидимый
10107,Делегирующий
10108,Невидимый
10109,Невидимый
10110,Невидимый
10111,Соучастник
10112,Контролёр
10113,Контролёр
10114,Делегирующий
10115,Контролёр
10116,Соучастник
10117,Невидимый
10118,Контролёр
10119,Невидимый
10120,Делегирующий
10121,Контролёр
10122,Делегирующий
10123,Контролёр
10124,Невидимый
10125,Невидимый
10126,Соучастник
10127,Невидимый
10128,Контролёр
10129,Делегирующий
10130,Контролёр
10131,Контролёр
10132,Соучастник
10133,Контролёр
10134,Контролёр
10135,Делегирующий
10136,Контролёр
10137,Контролёр
10138,Контролёр
10139,Невидимый
10140,Соучастник
10141,Невидимый
10142,Контролёр
10143,Соучастник
10144,Контролёр
10145,Делегирующий
10146,Соучастник
10147,Делегирующий
10148,Невидимый
10149,Контролёр
10150,Соучастник
10151,Невидимый
10152,Невидимый
10153,Контролёр
10154,Делегирующий
10155,Контролёр
10156,Соучастник
10157,Контролёр
10158,Делегирующий
10159,Соучастник
10160,Невидимый
10161,Соучастник
10162,Невидимый
10163,Невидимый
10164,Соучастник
10165,Контролёр
10166,Невидимый
10167,Невидимый
10168,Соучастник
10169,Невидимый
10170,Контролёр
10171,Соучастник
10172,Контролёр
10173,Невидимый
10174,Контролёр
10175,Контролёр
10176,Невидимый
10177,Контролёр
10178,Контролёр
10179,Невидимый
10180,Невидимый
10181,Контролёр
10182,Невидимый
10183,Контролёр
10184,Невидимый
10185,Соучастник
10186,Соучастник
10187,Делегирующий
10188,Делегирующий
10189,Делегирующий
10190,Контролёр
10191,Контролёр
10192,Соучастник
10193,Невидимый
10194,Контролёр
10195,Контролёр
10196,Контролёр
10197,Контролёр
10198,Невидимый
10199,Невидимый
10200,Контролёр
10201,Контролёр
10202,Делегирующий
10203,Невидимый
10204,Делегирующий
10205,Невидимый
10206,Контролёр
10207,Соучастник
10208,Соучастник
10209,Невидимый
10210,Контролёр
10211,Соучастник
10212,Соучастник
10213,Контролёр
10214,Контролёр
10215,Контролёр
10216,Контролёр
10217,Невидимый
10218,Соучастник
10219,Контролёр
10220,Невидимый
10221,Контролёр
10222,Контролёр
10223,Соучастник
10224,Контролёр
10225,Делегирующий
10226,Делегирующий
10227,Контролёр
10228,Контролёр
10229,Невидимый
10230,Соучастник
10231,Невидимый
10232,Контролёр
10233,Контролёр
10234,Контролёр
10235,Невидимый
10236,Соучастник
10237,Контролёр
10238,Контролёр
10239,Делегирующий
10240,Невидимый
10241,Контролёр
10242,Соучастник
10243,Контролёр
10244,Невидимый
10245,Невидимый
10246,Невидимый
10247,Контролёр
10248,Делегирующий
10249,Контролёр
10250,Невидимый
10251,Контролёр
10252,Контролёр
10253,Контролёр
10254,Контролёр
10255,Невидимый
10256,Контролёр
10257,Делегирующий
10258,Контролёр
10259,Невидимый
10260,Делегирующий
10261,Делегирующий
10262,Соучастник
10263,Контролёр
10264,Контролёр
10265,Соучастник
10266,Контролёр
10267,Невидимый
10268,Соучастник
10269,Невидимый
10270,Невидимый
10271,Делегирующий
10272,Невидимый
10273,Делегирующий
10274,Невидимый
10275,Невидимый
10276,Контролёр
10277,Делегирующий
10278,Контролёр
10279,Невидимый
10280,Делегирующий
10281,Контролёр
10282,Контролёр
10283,Соучастник
10284,Невидимый
10285,Делегирующий
10286,Контролёр
10287,Контролёр
10288,Контролёр
10289,Соучастник
10290,Контролёр
10291,Невидимый
10292,Делегирующий
10293,Невидимый
10294,Невидимый
10295,Делегирующий
10296,Невидимый
10297,Контролёр
10298,Контролёр
10299,Невидимый
10300,Невидимый
10301,Невидимый
10302,Невидимый
10303,Делегирующий
10304,Контролёр
10305,Контролёр
10306,Делегирующий
10307,Невидимый
10308,Делегирующий
10309,Контролёр
10310,Соучастник
10311,Контролёр
10312,Контролёр
10313,Невидимый
10314,Невидимый
10315,Невидимый
10316,Контролёр
10317,Контролёр
10318,Контролёр
10319,Контролёр
10320,Невидимый
10321,Контролёр
10322,Делегирующий
10323,Контролёр
10324,Контролёр
10325,Контролёр
10326,Соучастник
10327,Контролёр
10328,Делегирующий
10329,Соучастник
10330,Соучастник
10331,Делегирующий
10332,Делегирующий
10333,Невидимый
10334,Контролёр
10335,Невидимый
10336,Делегирующий
10337,Невидимый
10338,Соучастник
10339,Соучастник
10340,Контролёр
10341,Контролёр
10342,Контролёр
10343,Соучастник
10344,Соучастник
10345,Невидимый
10346,Невидимый
10347,Делегирующий
10348,Невидимый
10349,Контролёр
10350,Невидимый
10351,Невидимый
10352,Невидимый
10353,Контролёр
10354,Делегирующий
10355,Невидимый
10356,Контролёр
10357,Контролёр
10358,Контролёр
10359,Соучастник
10360,Невидимый
10361,Соучастник
10362,Невидимый
10363,Контролёр
10364,Делегирующий
10365,Контролёр
10366,Контролёр
10367,Невидимый
10368,Невидимый
10369,Контролёр
10370,Делегирующий
10371,Контролёр
10372,Контролёр
10373,Соучастник
10374,Соучастник
10375,Контролёр
10376,Соучастник
10377,Делегирующий
10378,Соучастник
10379,Контролёр
10380,Соучастник
10381,Делегирующий
10382,Контролёр
10383,Невидимый
10384,Невидимый
10385,Невидимый
10386,Невидимый
10387,Соучастник
10388,Делегирующий
10389,Невидимый
10390,Невидимый
10391,Делегирующий
10392,Делегирующий
10393,Контролёр
10394,Делегирующий
10395,Невидимый
10396,Невидимый
10397,Невидимый
10398,Контролёр
10399,Невидимый
10400,Контролёр
10401,Невидимый
10402,Контролёр
10403,Невидимый
10404,Контролёр
10405,Контролёр
10406,Делегирующий
10407,Делегирующий
10408,Контролёр
10409,Контролёр
10410,Контролёр
10411,Соучастник
10412,Соучастник
10413,Невидимый
10414,Контролёр
10415,Невидимый
10416,Невидимый
10417,Контролёр
10418,Контролёр
10419,Невидимый
10420,Делегирующий
10421,Соучастник
10422,Контролёр
10423,Невидимый
10424,Невидимый
10425,Соучастник
10426,Невидимый
10427,Невидимый
10428,Контролёр
10429,Делегирующий
10430,Контролёр
10431,Контролёр
10432,Соучастник
10433,Соучастник
10434,Контролёр
10435,Контролёр
10436,Контролёр
10437,Контролёр
10438,Контролёр
10439,Делегирующий
10440,Контролёр
10441,Невидимый
10442,Делегирующий
10443,Невидимый
10444,Делегирующий
10445,Невидимый
10446,Невидимый
10447,Делегирующий
10448,Невидимый
10449,Делегирующий
10450,Контролёр
10451,Делегирующий
10452,Контролёр
10453,Соучастник
10454,Делегирующий
10455,Невидимый
10456,Соучастник
10457,Соучастник
10458,Невидимый
10459,Контролёр
10460,Соучастник
10461,Контролёр
10462,Делегирующий
10463,Делегирующий
10464,Соучастник
10465,Контролёр
10466,Соучастник
10467,Контролёр
10468,Делегирующий
10469,Контролёр
10470,Невидимый
10471,Невидимый
10472,Невидимый
10473,Контролёр
10474,Соучастник
10475,Невидимый
10476,Контролёр
10477,Соучастник
10478,Делегирующий
10479,Делегирующий
10480,Контролёр
10481,Контролёр
10482,Делегирующий
10483,Невидимый
10484,Контролёр
10485,Делегирующий
10486,Делегирующий
10487,Невидимый
10488,Делегирующий
10489,Невидимый
10490,Делегирующий
10491,Невидимый
10492,Невидимый
10493,Контролёр
10494,Невидимый
10495,Контролёр
10496,Контролёр
10497,Контролёр
10498,Контролёр
10499,Невидимый
10500,Делегирующий
10501,Невидимый
10502,Контролёр
10503,Невидимый
10504,Контролёр
10505,Контролёр
10506,Делегирующий
10507,Контролёр
10508,Невидимый
10509,Делегирующий
10510,Контролёр
10511,Невидимый
10512,Невидимый
10513,Делегирующий
10514,Соучастник
10515,Невидимый
10516,Контролёр
10517,Контролёр
10518,Контролёр
10519,Контролёр
10520,Контролёр
10521,Соучастник
10522,Невидимый
10523,Соучастник
10524,Контролёр
10525,Соучастник
10526,Делегирующий
10527,Невидимый
10528,Делегирующий
10529,Делегирующий
10530,Делегирующий
10531,Делегирующий
10532,Контролёр
10533,Контролёр
10534,Контролёр
10535,Контролёр
10536,Контролёр
10537,Невидимый
10538,Невидимый
10539,Контролёр
10540,Контролёр
10541,Контролёр
10542,Контролёр
10543,Контролёр
10544,Невидимый
10545,Контролёр
10546,Контролёр
10547,Невидимый
10548,Контролёр
10549,Контролёр
10550,Соучастник
10551,Невидимый
10552,Контролёр
10553,Невидимый
10554,Невидимый
10555,Невидимый
10556,Невидимый
10557,Невидимый
10558,Контролёр
10559,Контролёр
10560,Невидимый
10561,Контролёр
10562,Контролёр
10563,Контролёр
10564,Делегирующий
10565,Делегирующий
10566,Соучастник
10567,Соучастник
10568,Делегирующий
10569,Контролёр
10570,Невидимый
10571,Соучастник
10572,Делегирующий
10573,Контролёр
10574,Контролёр
10575,Контролёр
10576,Делегирующий
10577,Невидимый
10578,Контролёр
10579,Невидимый
10580,Соучастник
10581,Соучастник
10582,Невидимый
10583,Невидимый
10584,Невидимый
10585,Соучастник
10586,Контролёр
10587,Контролёр
10588,Контролёр
10589,Контролёр
10590,Контролёр
10591,Контролёр
10592,Невидимый
10593,Контролёр
10594,Контролёр
10595,Невидимый
10596,Контролёр
10597,Делегирующий
10598,Контролёр
10599,Невидимый
10600,Невидимый
10601,Невидимый
10602,Невидимый
10603,Делегирующий
10604,Контролёр
10605,Контролёр
10606,Соучастник
10607,Делегирующий
10608,Невидимый
10609,Соучастник
10610,Невидимый
10611,Контролёр
10612,Контролёр
10613,Контролёр
10614,Контролёр
10615,Невидимый
10616,Контролёр
10617,Контролёр
10618,Соучастник
10619,Контролёр
10620,Делегирующий
10621,Невидимый
10622,Невидимый
10623,Соучастник
10624,Контролёр
10625,Делегирующий
10626,Делегирующий
10627,Соучастник
10628,Делегирующий
10629,Контролёр
10630,Делегирующий
10631,Невидимый
10632,Невидимый
10633,Невидимый
10634,Соучастник
10635,Делегирующий
10636,Соучастник
10637,Контролёр
10638,Контролёр
10639,Контролёр
10640,Невидимый
10641,Соучастник
10642,Контролёр
10643,Невидимый
10644,Соучастник
10645,Соучастник
10646,Контролёр
10647,Соучастник
10648,Контролёр
10649,Контролёр
10650,Контролёр
10651,Контролёр
10652,Соучастник
10653,Контролёр
10654,Делегирующий
10655,Контролёр
10656,Контролёр
10657,Контролёр
10658,Невидимый
10659,Делегирующий
10660,Невидимый
10661,Контролёр
10662,Контролёр
10663,Контролёр
10664,Соучастник
10665,Контролёр
10666,Соучастник
10667,Делегирующий
10668,Невидимый
10669,Контролёр
10670,Контролёр
10671,Делегирующий
10672,Делегирующий
10673,Контролёр
10674,Контролёр
10675,Соучастник
10676,Делегирующий
10677,Невидимый
10678,Невидимый
10679,Делегирующий
10680,Делегирующий
10681,Делегирующий
10682,Контролёр
10683,Невидимый
10684,Делегирующий
10685,Делегирующий
10686,Контролёр
10687,Делегирующий
10688,Невидимый
10689,Контролёр
10690,Контролёр
10691,Соучастник
10692,Невидимый
10693,Делегирующий
10694,Делегирующий
10695,Невидимый
10696,Контролёр
10697,Соучастник
10698,Контролёр
10699,Делегирующий
10700,Делегирующий
10701,Контролёр
10702,Контролёр
10703,Контролёр
10704,Контролёр
10705,Контролёр
10706,Невидимый
10707,Невидимый
10708,Невидимый
10709,Контролёр
10710,Контролёр
10711,Контролёр
10712,Контролёр
10713,Контролёр
10714,Контролёр
10715,Контролёр
10716,Невидимый
10717,Соучастник
10718,Невидимый
10719,Делегирующий
10720,Невидимый
10721,Контролёр
10722,Делегирующий
10723,Делегирующий
10724,Контролёр
10725,Делегирующий
10726,Делегирующий
10727,Делегирующий
10728,Контролёр
10729,Делегирующий
10730,Невидимый
10731,Невидимый
10732,Контролёр
10733,Невидимый
10734,Контролёр
10735,Соучастник
10736,Делегирующий
10737,Делегирующий
10738,Соучастник
10739,Контролёр
10740,Делегирующий
10741,Делегирующий
10742,Контролёр
10743,Невидимый
10744,Невидимый
10745,Невидимый
10746,Невидимый
10747,Невидимый
10748,Контролёр
10749,Контролёр
10750,Соучастник
10751,Делегирующий
10752,Контролёр
10753,Невидимый
10754,Невидимый
10755,Невидимый
10756,Невидимый
10757,Невидимый
10758,Контролёр
10759,Контролёр
10760,Контролёр
10761,Делегирующий
10762,Соучастник
10763,Соучастник
10764,Контролёр
10765,Контролёр
10766,Контролёр
10767,Невидимый
10768,Невидимый
10769,Контролёр
10770,Делегирующий
10771,Невидимый
10772,Невидимый
10773,Невидимый
10774,Невидимый
10775,Контролёр
10776,Невидимый
10777,Невидимый
10778,Контролёр
10779,Делегирующий
10780,Делегирующий
10781,Контролёр
10782,Невидимый
10783,Делегирующий
10784,Контролёр
10785,Соучастник
10786,Невидимый
10787,Делегирующий
10788,Делегирующий
10789,Контролёр
10790,Делегирующий
10791,Контролёр
10792,Контролёр
10793,Контролёр
10794,Невидимый
10795,Невидимый
10796,Невидимый
10797,Контролёр
10798,Делегирующий
10799,Невидимый
10800,Делегирующий
10801,Контролёр
10802,Делегирующий
10803,Делегирующий
10804,Контролёр
10805,Соучастник
10806,Делегирующий
10807,Невидимый
10808,Контролёр
10809,Контролёр
10810,Невидимый
10811,Невидимый
10812,Невидимый
10813,Невидимый
10814,Соучастник
10815,Соучастник
10816,Невидимый
10817,Контролёр
10818,Делегирующий
10819,Контролёр
10820,Контролёр
10821,Невидимый
10822,Невидимый
10823,Делегирующий
10824,Делегирующий
10825,Контролёр
10826,Делегирующий
10827,Контролёр
10828,Соучастник
10829,Контролёр
10830,Контролёр
10831,Невидимый
10832,Контролёр
10833,Невидимый
10834,Контролёр
10835,Невидимый
10836,Контролёр
10837,Контролёр
10838,Контролёр
10839,Контролёр
10840,Контролёр
10841,Контролёр
10842,Делегирующий
10843,Контролёр
10844,Делегирующий
10845,Контролёр
10846,Делегирующий
10847,Делегирующий
10848,Контролёр
10849,Контролёр
10850,Невидимый
10851,Контролёр
10852,Контролёр
10853,Соучастник
10854,Невидимый
10855,Делегирующий
10856,Контролёр
10857,Контролёр
10858,Контролёр
10859,Соучастник
10860,Невидимый
10861,Контролёр
10862,Соучастник
10863,Контролёр
10864,Контролёр
10865,Делегирующий
10866,Контролёр
10867,Контролёр
10868,Делегирующий
10869,Контролёр
10870,Невидимый
10871,Контролёр
10872,Делегирующий
10873,Невидимый
10874,Невидимый
10875,Контролёр
10876,Контролёр
10877,Контролёр
10878,Соучастник
10879,Невидимый
10880,Делегирующий
10881,Невидимый
10882,Соучастник
10883,Контролёр
10884,Контролёр
10885,Контролёр
10886,Невидимый
10887,Контролёр
10888,Контролёр
10889,Невидимый
10890,Контролёр
10891,Контролёр
10892,Контролёр
10893,Контролёр
10894,Контролёр
10895,Контролёр
10896,Соучастник
10897,Делегирующий
10898,Контролёр
10899,Контролёр
10900,Делегирующий
10901,Контролёр
10902,Делегирующий
10903,Соучастник
10904,Делегирующий
10905,Делегирующий
10906,Невидимый
10907,Контролёр
10908,Контролёр
10909,Контролёр
10910,Контролёр
10911,Невидимый
10912,Контролёр
10913,Делегирующий
10914,Соучастник
10915,Контролёр
10916,Делегирующий
10917,Контролёр
10918,Контролёр
10919,Невидимый
10920,Делегирующий
10921,Контролёр
10922,Контролёр
10923,Невидимый
10924,Невидимый
10925,Делегирующий
10926,Соучастник
10927,Контролёр
10928,Невидимый
10929,Соучастник
10930,Соучастник
10931,Делегирующий
10932,Соучастник
10933,Делегирующий
10934,Делегирующий
10935,Делегирующий
10936,Невидимый
10937,Соучастник
10938,Делегирующий
10939,Невидимый
10940,Невидимый
10941,Контролёр
10942,Контролёр
10943,Соучастник
10944,Невидимый
10945,Невидимый
10946,Невидимый
10947,Невидимый
10948,Невидимый
10949,Контролёр
10950,Соучастник
10951,Невидимый
10952,Контролёр
10953,Контролёр
10954,Делегирующий
10955,Делегирующий
10956,Соучастник
10957,Невидимый
10958,Невидимый
10959,Невидимый
10960,Контролёр
10961,Невидимый
10962,Контролёр
10963,Соучастник
10964,Делегирующий
10965,Контролёр
10966,Соучастник
10967,Соучастник
10968,Контролёр
10969,Контролёр
10970,Делегирующий
10971,Невидимый
10972,Невидимый
10973,Контролёр
10974,Контролёр
10975,Контролёр
10976,Соучастник
10977,Контролёр
10978,Контролёр
10979,Контролёр
10980,Невидимый
10981,Делегирующий
10982,Невидимый
10983,Соучастник
10984,Контролёр
10985,Контролёр
10986,Контролёр
10987,Соучастник
10988,Делегирующий
10989,Делегирующий
10990,Невидимый
10991,Невидимый
10992,Контролёр
10993,Контролёр
10994,Контролёр
10995,Соучастник
10996,Невидимый
10997,Соучастник
10998,Невидимый
10999,Делегирующий
11000,Соучастник
11001,Контролёр
11002,Контролёр
11003,Соучастник
11004,Делегирующий
11005,Контролёр
11006,Делегирующий
11007,Контролёр
11008,Невидимый
11009,Невидимый
11010,Невидимый
11011,Контролёр
11012,Невидимый
11013,Делегирующий
11014,Контролёр
11015,Невидимый
11016,Делегирующий
11017,Невидимый
11018,Соучастник
11019,Контролёр
11020,Соучастник
11021,Невидимый
11022,Контролёр
11023,Контролёр
11024,Невидимый
11025,Делегирующий
11026,Невидимый
11027,Контролёр
11028,Соучастник
11029,Контролёр
11030,Соучастник
11031,Соучастник
11032,Невидимый
11033,Соучастник
11034,Контролёр
11035,Соучастник
11036,Соучастник
11037,Делегирующий
11038,Невидимый
11039,Контролёр
11040,Невидимый
11041,Невидимый
11042,Невидимый
11043,Невидимый
11044,Контролёр
11045,Контролёр
11046,Делегирующий
11047,Делегирующий
11048,Контролёр
11049,Невидимый
11050,Невидимый
11051,Контролёр
11052,Невидимый
11053,Невидимый
11054,Контролёр
11055,Делегирующий
11056,Контролёр
11057,Контролёр
11058,Делегирующий
11059,Делегирующий
11060,Делегирующий
11061,Делегирующий
11062,Соучастник
11063,Контролёр
11064,Контролёр
11065,Контролёр
11066,Невидимый
11067,Контролёр
11068,Невидимый
11069,Контролёр
11070,Невидимый
11071,Контролёр
11072,Делегирующий
11073,Соучастник
11074,Контролёр
11075,Соучастник
11076,Невидимый
11077,Контролёр
11078,Соучастник
11079,Делегирующий
11080,Контролёр
11081,Делегирующий
11082,Контролёр
11083,Соучастник
11084,Контролёр
11085,Делегирующий
11086,Невидимый
11087,Делегирующий
11088,Делегирующий
11089,Контролёр
11090,Контролёр
11091,Соучастник
11092,Контролёр
11093,Делегирующий
11094,Невидимый
11095,Контролёр
11096,Соучастник
11097,Контролёр
11098,Контролёр
11099,Контролёр
11100,Контролёр
11101,Соучастник
11102,Соучастник
11103,Делегирующий
11104,Контролёр
11105,Контролёр
11106,Делегирующий
11107,Невидимый
11108,Делегирующий
11109,Контролёр
11110,Невидимый
11111,Контролёр
11112,Контролёр
11113,Контролёр
11114,Делегирующий
11115,Невидимый
11116,Контролёр
11117,Невидимый
11118,Соучастник
11119,Контролёр
11120,Контролёр
11121,Невидимый
11122,Соучастник
11123,Невидимый
11124,Невидимый
11125,Невидимый
11126,Контролёр
11127,Соучастник
11128,Делегирующий
11129,Невидимый
11130,Невидимый
11131,Контролёр
11132,Невидимый
11133,Контролёр
11134,Невидимый
11135,Соучастник
11136,Делегирующий
11137,Невидимый
11138,Соучастник
11139,Контролёр
11140,Невидимый
11141,Контролёр
11142,Соучастник
11143,Делегирующий
11144,Контролёр
11145,Делегирующий
11146,Соучастник
11147,Контролёр
11148,Делегирующий
11149,Контролёр
11150,Контролёр
11151,Контролёр
11152,Соучастник
11153,Делегирующий
11154,Контролёр
11155,Невидимый
11156,Делегирующий
11157,Соучастник
11158,Невидимый
11159,Невидимый
11160,Соучастник
11161,Делегирующий
11162,Невидимый
11163,Невидимый
11164,Контролёр
11165,Соучастник
11166,Контролёр
11167,Невидимый
11168,Делегирующий
11169,Делегирующий
11170,Контролёр
11171,Соучастник
11172,Делегирующий
11173,Контролёр
11174,Делегирующий
11175,Соучастник
11176,Невидимый
11177,Соучастник
11178,Соучастник
11179,Контролёр
11180,Контролёр
11181,Соучастник
11182,Контролёр
11183,Контролёр
11184,Соучастник
11185,Контролёр
11186,Невидимый
11187,Соучастник
11188,Соучастник
11189,Невидимый
11190,Контролёр
11191,Контролёр
11192,Невидимый
11193,Невидимый
11194,Контролёр
11195,Делегирующий
11196,Контролёр
11197,Соучастник
11198,Контролёр
11199,Невидимый
11200,Контролёр
11201,Делегирующий
11202,Невидимый
11203,Контролёр
11204,Контролёр
11205,Контролёр
11206,Невидимый
11207,Контролёр
11208,Невидимый
11209,Контролёр
11210,Делегирующий
11211,Соучастник
11212,Невидимый
11213,Невидимый
11214,Делегирующий
11215,Контролёр
11216,Соучастник
11217,Невидимый
11218,Соучастник
11219,Контролёр
11220,Контролёр
11221,Делегирующий
11222,Невидимый
11223,Соучастник
11224,Соучастник
11225,Невидимый
11226,Контролёр
11227,Делегирующий
11228,Делегирующий
11229,Невидимый
11230,Контролёр
11231,Контролёр
11232,Соучастник
11233,Контролёр
11234,Делегирующий
11235,Контролёр
11236,Контролёр
11237,Контролёр
11238,Контролёр
11239,Невидимый
11240,Невидимый
11241,Невидимый
11242,Контролёр
11243,Невидимый
11244,Невидимый
11245,Делегирующий
11246,Контролёр
11247,Соучастник
11248,Делегирующий
11249,Невидимый
11250,Невидимый
11251,Невидимый
11252,Делегирующий
11253,Контролёр
11254,Контролёр
11255,Делегирующий
11256,Делегирующий
11257,Невидимый
11258,Контролёр
11259,Невидимый
11260,Невидимый
11261,Контролёр
11262,Контролёр
11263,Контролёр
11264,Невидимый
11265,Невидимый
11266,Соучастник
11267,Соучастник
11268,Контролёр
11269,Соучастник
11270,Делегирующий
11271,Контролёр
11272,Невидимый
11273,Контролёр
11274,Невидимый
11275,Невидимый
11276,Соучастник
11277,Делегирующий
11278,Контролёр
11279,Контролёр
11280,Невидимый
11281,Контролёр
11282,Соучастник
11283,Невидимый
11284,Контролёр
11285,Делегирующий
11286,Контролёр
11287,Невидимый
11288,Соучастник
11289,Невидимый
11290,Соучастник
11291,Соучастник
11292,Невидимый
11293,Контролёр
11294,Контролёр
11295,Соучастник
11296,Контролёр
11297,Невидимый
11298,Делегирующий
11299,Контролёр
11300,Контролёр
11301,Контролёр
11302,Соучастник
11303,Контролёр
11304,Соучастник
11305,Невидимый
11306,Делегирующий
11307,Делегирующий
11308,Невидимый
11309,Невидимый
11310,Невидимый
11311,Невидимый
11312,Контролёр
11313,Контролёр
11314,Контролёр
11315,Соучастник
11316,Контролёр
11317,Контролёр
11318,Контролёр
11319,Делегирующий
11320,Делегирующий
11321,Делегирующий
11322,Контролёр
11323,Невидимый
11324,Контролёр
11325,Делегирующий
11326,Невидимый
11327,Делегирующий
11328,Контролёр
11329,Невидимый
11330,Невидимый
11331,Невидимый
11332,Невидимый
11333,Невидимый
11334,Невидимый
11335,Делегирующий
11336,Делегирующий
11337,Невидимый
11338,Контролёр
11339,Соучастник
11340,Невидимый
11341,Контролёр
11342,Делегирующий
11343,Контролёр
11344,Контролёр
11345,Контролёр
11346,Делегирующий
11347,Контролёр
11348,Делегирующий
11349,Контролёр
11350,Соучастник
11351,Невидимый
11352,Невидимый
11353,Контролёр
11354,Делегирующий
11355,Контролёр
11356,Соучастник
11357,Делегирующий
11358,Невидимый
11359,Контролёр
11360,Невидимый
11361,Невидимый
11362,Контролёр
11363,Невидимый
11364,Невидимый
11365,Невидимый
11366,Контролёр
11367,Невидимый
11368,Делегирующий
11369,Контролёр
11370,Контролёр
11371,Соучастник
11372,Невидимый
11373,Контролёр
11374,Контролёр
11375,Контролёр
11376,Делегирующий
11377,Невидимый
11378,Невидимый
11379,Делегирующий
11380,Невидимый
11381,Невидимый
11382,Невидимый
11383,Делегирующий
11384,Соучастник
11385,Делегирующий
11386,Невидимый
11387,Соучастник
11388,Невидимый
11389,Невидимый
11390,Делегирующий
11391,Контролёр
11392,Невидимый
11393,Соучастник
11394,Контролёр
11395,Контролёр
11396,Контролёр
11397,Делегирующий
11398,Контролёр
11399,Контролёр
11400,Невидимый
11401,Контролёр
11402,Делегирующий
11403,Невидимый
11404,Соучастник
11405,Невидимый
11406,Делегирующий
11407,Контролёр
11408,Делегирующий
11409,Невидимый
11410,Контролёр
11411,Невидимый
11412,Контролёр
11413,Невидимый
11414,Соучастник
11415,Контролёр
11416,Невидимый
11417,Делегирующий
11418,Делегирующий
11419,Соучастник
11420,Невидимый
11421,Невидимый
11422,Контролёр
11423,Соучастник
11424,Делегирующий
11425,Делегирующий
11426,Контролёр
11427,Контролёр
11428,Соучастник
11429,Соучастник
11430,Невидимый
11431,Невидимый
11432,Делегирующий
11433,Делегирующий
11434,Соучастник
11435,Контролёр
11436,Делегирующий
11437,Невидимый
11438,Контролёр
11439,Невидимый
11440,Делегирующий
11441,Делегирующий
11442,Невидимый
11443,Контролёр
11444,Соучастник
11445,Невидимый
11446,Соучастник
11447,Делегирующий
11448,Делегирующий
11449,Делегирующий
11450,Невидимый
11451,Делегирующий
11452,Невидимый
11453,Соучастник
11454,Невидимый
11455,Делегирующий
11456,Невидимый
11457,Невидимый
11458,Контролёр
11459,Невидимый
11460,Невидимый
11461,Соучастник
11462,Контролёр
11463,Невидимый
11464,Соучастник
11465,Контролёр
11466,Невидимый
11467,Невидимый
11468,Делегирующий
11469,Невидимый
11470,Невидимый
11471,Делегирующий
11472,Делегирующий
11473,Контролёр
11474,Невидимый
11475,Контролёр
11476,Соучастник
11477,Контролёр
11478,Делегирующий
11479,Невидимый
11480,Невидимый
11481,Контролёр
11482,Соучастник
11483,Соучастник
11484,Контролёр
11485,Соучастник
11486,Невидимый
11487,Невидимый
11488,Делегирующий
11489,Делегирующий
11490,Делегирующий
11491,Контролёр
11492,Контролёр
11493,Контролёр
11494,Контролёр
11495,Невидимый
11496,Невидимый
11497,Контролёр
11498,Невидимый
11499,Делегирующий
11500,Невидимый
11501,Контролёр
11502,Невидимый
11503,Невидимый
11504,Невидимый
11505,Соучастник
11506,Соучастник
11507,Невидимый
11508,Контролёр
11509,Соучастник
11510,Соучастник
11511,Соучастник
11512,Невидимый
11513,Контролёр
11514,Контролёр
11515,Соучастник
11516,Невидимый
11517,Контролёр
11518,Контролёр
11519,Контролёр
11520,Соучастник
11521,Делегирующий
11522,Невидимый
11523,Контролёр
11524,Невидимый
11525,Соучастник
11526,Делегирующий
11527,Делегирующий
11528,Невидимый
11529,Контролёр
11530,Контролёр
11531,Контролёр
11532,Невидимый
11533,Соучастник
11534,Контролёр
11535,Невидимый
11536,Контролёр
11537,Контролёр
11538,Невидимый
11539,Соучастник
11540,Делегирующий
11541,Делегирующий
11542,Контролёр
11543,Контролёр
11544,Контролёр
11545,Невидимый
11546,Невидимый
11547,Соучастник
11548,Невидимый
11549,Контролёр
11550,Делегирующий
11551,Невидимый
11552,Контролёр
11553,Контролёр
11554,Контролёр
11555,Делегирующий
11556,Контролёр
11557,Делегирующий
11558,Невидимый
11559,Невидимый
11560,Контролёр
11561,Невидимый
11562,Контролёр
11563,Соучастник
11564,Невидимый
11565,Соучастник
11566,Делегирующий
11567,Соучастник
11568,Невидимый
11569,Делегирующий
11570,Контролёр
11571,Контролёр
11572,Невидимый
11573,Соучастник
11574,Контролёр
11575,Контролёр
11576,Делегирующий
11577,Невидимый
11578,Делегирующий
11579,Соучастник
11580,Делегирующий
11581,Соучастник
11582,Делегирующий
11583,Делегирующий
11584,Невидимый
11585,Контролёр
11586,Невидимый
11587,Невидимый
11588,Соучастник
11589,Невидимый
11590,Контролёр
11591,Невидимый
11592,Контролёр
11593,Невидимый
11594,Невидимый
11595,Контролёр
11596,Контролёр
11597,Делегирующий
11598,Невидимый
11599,Невидимый
11600,Контролёр
11601,Контролёр
11602,Контролёр
11603,Контролёр
11604,Невидимый
11605,Делегирующий
11606,Невидимый
11607,Контролёр
11608,Делегирующий
11609,Невидимый
11610,Соучастник
11611,Контролёр
11612,Контролёр
11613,Делегирующий
11614,Невидимый
11615,Контролёр
11616,Делегирующий
11617,Соучастник
11618,Невидимый
11619,Невидимый
11620,Невидимый
11621,Делегирующий
11622,Контролёр
11623,Невидимый
11624,Невидимый
11625,Невидимый
11626,Соучастник
11627,Невидимый
11628,Невидимый
11629,Контролёр
11630,Контролёр
11631,Контролёр
11632,Контролёр
11633,Соучастник
11634,Делегирующий
11635,Делегирующий
11636,Невидимый
11637,Контролёр
11638,Невидимый
11639,Делегирующий
11640,Контролёр
11641,Невидимый
11642,Делегирующий
11643,Невидимый
11644,Невидимый
11645,Контролёр
11646,Контролёр
11647,Контролёр
11648,Контролёр
11649,Соучастник
11650,Контролёр
11651,Невидимый
11652,Невидимый
11653,Делегирующий
11654,Контролёр
11655,Контролёр
11656,Невидимый
11657,Соучастник
11658,Контролёр
11659,Контролёр
11660,Делегирующий
11661,Соучастник
11662,Соучастник
11663,Делегирующий
11664,Невидимый
11665,Соучастник
11666,Контролёр
11667,Контролёр
11668,Невидимый
11669,Контролёр
11670,Контролёр
11671,Невидимый
11672,Контролёр
11673,Невидимый
11674,Невидимый
11675,Контролёр
11676,Невидимый
11677,Соучастник
11678,Контролёр
11679,Делегирующий
11680,Невидимый
11681,Невидимый
11682,Соучастник
11683,Делегирующий
11684,Контролёр
11685,Делегирующий
11686,Невидимый
11687,Невидимый
11688,Контролёр
11689,Контролёр
11690,Делегирующий
11691,Делегирующий
11692,Контролёр
11693,Контролёр
11694,Соучастник
11695,Контролёр
11696,Делегирующий
11697,Невидимый
11698,Соучастник
11699,Невидимый
11700,Соучастник
11701,Контролёр
11702,Контролёр
11703,Невидимый
11704,Невидимый
11705,Невидимый
11706,Невидимый
11707,Контролёр
11708,Делегирующий
11709,Соучастник
11710,Соучастник
11711,Контролёр
11712,Контролёр
11713,Контролёр
11714,Контролёр
11715,Делегирующий
11716,Невидимый
11717,Контролёр
11718,Контролёр
11719,Невидимый
11720,Невидимый
11721,Контролёр
11722,Соучастник
11723,Невидимый
11724,Контролёр
11725,Контролёр
11726,Невидимый
11727,Контролёр
11728,Контролёр
11729,Невидимый
11730,Соучастник
11731,Невидимый
11732,Делегирующий
11733,Невидимый
11734,Контролёр
11735,Контролёр
11736,Контролёр
11737,Невидимый
11738,Делегирующий
11739,Невидимый
11740,Невидимый
11741,Невидимый
11742,Контролёр
11743,Делегирующий
11744,Контролёр
11745,Невидимый
11746,Контролёр
11747,Соучастник
11748,Контролёр
11749,Контролёр
11750,Контролёр
11751,Контролёр
11752,Контролёр
11753,Невидимый
11754,Делегирующий
11755,Делегирующий
11756,Невидимый
11757,Делегирующий
11758,Контролёр
11759,Невидимый
11760,Невидимый
11761,Делегирующий
11762,Соучастник
11763,Невидимый
11764,Контролёр
11765,Контролёр
11766,Невидимый
11767,Контролёр
11768,Контролёр
11769,Делегирующий
11770,Делегирующий
11771,Невидимый
11772,Невидимый
11773,Контролёр
11774,Делегирующий
11775,Контролёр
11776,Соучастник
11777,Невидимый
11778,Невидимый
11779,Соучастник
11780,Контролёр
11781,Невидимый
11782,Делегирующий
11783,Делегирующий
11784,Контролёр
11785,Невидимый
11786,Делегирующий
11787,Контролёр
11788,Соучастник
11789,Соучастник
11790,Невидимый
11791,Контролёр
11792,Контролёр
11793,Невидимый
11794,Контролёр
11795,Контролёр
11796,Невидимый
11797,Контролёр
11798,Контролёр
11799,Контролёр
11800,Контролёр
11801,Контролёр
11802,Контролёр
11803,Контролёр
11804,Невидимый
11805,Делегирующий
11806,Контролёр
11807,Соучастник
11808,Соучастник
11809,Контролёр
11810,Невидимый
11811,Невидимый
11812,Невидимый
11813,Невидимый
11814,Контролёр
11815,Соучастник
11816,Контролёр
11817,Делегирующий
11818,Невидимый
11819,Контролёр
11820,Контролёр
11821,Невидимый
11822,Контролёр
11823,Контролёр
11824,Делегирующий
11825,Невидимый
11826,Соучастник
11827,Контролёр
11828,Делегирующий
11829,Невидимый
11830,Контролёр
11831,Невидимый
11832,Контролёр
11833,Невидимый
11834,Контролёр
11835,Делегирующий
11836,Контролёр
11837,Делегирующий
11838,Контролёр
11839,Невидимый
11840,Контролёр
11841,Делегирующий
11842,Невидимый
11843,Контролёр
11844,Контролёр
11845,Контролёр
11846,Контролёр
11847,Контролёр
11848,Невидимый
11849,Контролёр
11850,Делегирующий
11851,Делегирующий
11852,Контролёр
11853,Контролёр
11854,Невидимый
11855,Контролёр
11856,Контролёр
11857,Соучастник
11858,Соучастник
11859,Невидимый
11860,Невидимый
11861,Невидимый
11862,Контролёр
11863,Невидимый
11864,Невидимый
11865,Невидимый
11866,Контролёр
11867,Делегирующий
11868,Делегирующий
11869,Контролёр
11870,Соучастник
11871,Делегирующий
11872,Контролёр
11873,Невидимый
11874,Контролёр
11875,Соучастник
11876,Контролёр
11877,Контролёр
11878,Соучастник
11879,Невидимый
11880,Делегирующий
11881,Контролёр
11882,Делегирующий
11883,Делегирующий
11884,Контролёр
11885,Контролёр
11886,Соучастник
11887,Контролёр
11888,Невидимый
11889,Делегирующий
11890,Невидимый
11891,Невидимый
11892,Невидимый
11893,Невидимый
11894,Делегирующий
11895,Делегирующий
11896,Делегирующий
11897,Делегирующий
11898,Контролёр
11899,Контролёр
11900,Делегирующий
11901,Контролёр
11902,Контролёр
11903,Контролёр
11904,Контролёр
11905,Делегирующий
11906,Делегирующий
11907,Делегирующий
11908,Контролёр
11909,Невидимый
11910,Контролёр
11911,Контролёр
11912,Невидимый
11913,Невидимый
11914,Делегирующий
11915,Невидимый
11916,Невидимый
11917,Невидимый
11918,Контролёр
11919,Соучастник
11920,Контролёр
11921,Соучастник
11922,Контролёр
11923,Делегирующий
11924,Невидимый
11925,Контролёр
11926,Делегирующий
11927,Контролёр
11928,Контролёр
11929,Контролёр
11930,Делегирующий
11931,Невидимый
11932,Соучастник
11933,Соучастник
11934,Контролёр
11935,Соучастник
11936,Контролёр
11937,Соучастник
11938,Невидимый
11939,Невидимый
11940,Невидимый
11941,Контролёр
11942,Делегирующий
11943,Невидимый
11944,Контролёр
11945,Соучастник
11946,Делегирующий
11947,Контролёр
11948,Невидимый
11949,Невидимый
11950,Невидимый
11951,Контролёр
11952,Невидимый
11953,Делегирующий
11954,Невидимый
11955,Контролёр
11956,Контролёр
11957,Контролёр
11958,Контролёр
11959,Невидимый
11960,Невидимый
11961,Невидимый
11962,Делегирующий
11963,Контролёр
11964,Контролёр
11965,Невидимый
11966,Контролёр
11967,Невидимый
11968,Контролёр
11969,Контролёр
11970,Контролёр
11971,Невидимый
11972,Контролёр
11973,Невидимый
11974,Невидимый
11975,Контролёр
11976,Соучастник
11977,Делегирующий
11978,Невидимый
11979,Контролёр
11980,Невидимый
11981,Соучастник
11982,Контролёр
11983,Делегирующий
11984,Невидимый
11985,Контролёр
11986,Невидимый
11987,Контролёр
11988,Делегирующий
11989,Контролёр
11990,Невидимый
11991,Соучастник
11992,Контролёр
11993,Невидимый
11994,Контролёр
11995,Невидимый
11996,Соучастник
11997,Контролёр
11998,Соучастник
11999,Контролёр
12000,Контролёр
12001,Невидимый
12002,Контролёр
12003,Делегирующий
12004,Невидимый
12005,Невидимый
12006,Контролёр
12007,Делегирующий
12008,Невидимый
12009,Невидимый
12010,Контролёр
12011,Контролёр
12012,Контролёр
12013,Контролёр
12014,Контролёр
12015,Соучастник
12016,Делегирующий
12017,Контролёр
12018,Контролёр
12019,Контролёр
12020,Соучастник
12021,Контролёр
12022,Невидимый
12023,Невидимый
12024,Невидимый
12025,Невидимый
12026,Соучастник
12027,Невидимый
12028,Невидимый
12029,Невидимый
12030,Делегирующий
12031,Соучастник
12032,Контролёр
12033,Соучастник
12034,Контролёр
12035,Контролёр
12036,Контролёр
12037,Невидимый
12038,Контролёр
12039,Невидимый
12040,Контролёр
12041,Соучастник
12042,Делегирующий
12043,Невидимый
12044,Делегирующий
12045,Контролёр
12046,Делегирующий
12047,Невидимый
12048,Контролёр
12049,Контролёр
12050,Соучастник
12051,Контролёр
12052,Невидимый
12053,Невидимый
12054,Делегирующий
12055,Контролёр
12056,Контролёр
12057,Делегирующий
12058,Соучастник
12059,Делегирующий
12060,Контролёр
12061,Невидимый
12062,Соучастник
12063,Контролёр
12064,Контролёр
12065,Невидимый
12066,Невидимый
12067,Делегирующий
12068,Невидимый
12069,Контролёр
12070,Делегирующий
12071,Невидимый
12072,Невидимый
12073,Делегирующий
12074,Контролёр
12075,Контролёр
12076,Невидимый
12077,Контролёр
12078,Контролёр
12079,Невидимый
12080,Невидимый
12081,Контролёр
12082,Невидимый
12083,Контролёр
12084,Соучастник
12085,Делегирующий
12086,Делегирующий
12087,Делегирующий
12088,Соучастник
12089,Контролёр
12090,Невидимый
12091,Делегирующий
12092,Невидимый
12093,Невидимый
12094,Делегирующий
12095,Контролёр
12096,Контролёр
12097,Делегирующий
12098,Соучастник
12099,Контролёр
12100,Контролёр
12101,Контролёр
12102,Невидимый
12103,Контролёр
12104,Контролёр
12105,Контролёр
12106,Делегирующий
12107,Невидимый
12108,Невидимый
12109,Делегирующий
12110,Контролёр
12111,Невидимый
12112,Невидимый
12113,Соучастник
12114,Делегирующий
12115,Контролёр
12116,Контролёр
12117,Соучастник
12118,Контролёр
12119,Невидимый
12120,Невидимый
12121,Невидимый
12122,Невидимый
12123,Контролёр
12124,Делегирующий
12125,Контролёр
12126,Невидимый
12127,Контролёр
12128,Контролёр
12129,Невидимый
12130,Контролёр
12131,Контролёр
12132,Невидимый
12133,Невидимый
12134,Контролёр
12135,Делегирующий
12136,Контролёр
12137,Невидимый
12138,Невидимый
12139,Контролёр
12140,Соучастник
12141,Невидимый
12142,Невидимый
12143,Невидимый
12144,Контролёр
12145,Невидимый
12146,Делегирующий
12147,Контролёр
12148,Делегирующий
12149,Невидимый
12150,Делегирующий
12151,Невидимый
12152,Контролёр
12153,Контролёр
12154,Контролёр
12155,Контролёр
12156,Контролёр
12157,Контролёр
12158,Делегирующий
12159,Делегирующий
12160,Делегирующий
12161,Делегирующий
12162,Контролёр
12163,Невидимый
12164,Делегирующий
12165,Делегирующий
12166,Соучастник
12167,Соучастник
12168,Невидимый
12169,Контролёр
12170,Невидимый
12171,Делегирующий
12172,Соучастник
12173,Невидимый
12174,Невидимый
12175,Контролёр
12176,Невидимый
12177,Соучастник
12178,Контролёр
12179,Соучастник
12180,Делегирующий
12181,Невидимый
12182,Контролёр
12183,Невидимый
12184,Контролёр
12185,Делегирующий
12186,Невидимый
12187,Делегирующий
12188,Невидимый
12189,Контролёр
12190,Контролёр
12191,Невидимый
12192,Невидимый
12193,Контролёр
12194,Невидимый
12195,Делегирующий
12196,Делегирующий
12197,Делегирующий
12198,Невидимый
12199,Контролёр
12200,Невидимый
12201,Контролёр
12202,Невидимый
12203,Невидимый
12204,Контролёр
12205,Контролёр
12206,Невидимый
12207,Соучастник
12208,Делегирующий
12209,Соучастник
12210,Невидимый
12211,Контролёр
12212,Контролёр
12213,Контролёр
12214,Контролёр
12215,Делегирующий
12216,Контролёр
12217,Невидимый
12218,Невидимый
12219,Делегирующий
12220,Делегирующий
12221,Контролёр
12222,Контролёр
12223,Делегирующий
12224,Невидимый
12225,Соучастник
12226,Контролёр
12227,Контролёр
12228,Делегирующий
12229,Соучастник
12230,Контролёр
12231,Контролёр
12232,Соучастник
12233,Невидимый
12234,Контролёр
12235,Контролёр
12236,Невидимый
12237,Соучастник
12238,Соучастник
12239,Соучастник
12240,Контролёр
12241,Делегирующий
12242,Соучастник
12243,Соучастник
12244,Невидимый
12245,Делегирующий
12246,Невидимый
12247,Контролёр
12248,Делегирующий
12249,Соучастник
12250,Соучастник
12251,Контролёр
12252,Делегирующий
12253,Контролёр
12254,Делегирующий
12255,Невидимый
12256,Делегирующий
12257,Невидимый
12258,Невидимый
12259,Невидимый
12260,Контролёр
12261,Контролёр
12262,Делегирующий
12263,Делегирующий
12264,Невидимый
12265,Контролёр
12266,Контролёр
12267,Контролёр
12268,Невидимый
12269,Контролёр
12270,Невидимый
12271,Делегирующий
12272,Невидимый
12273,Соучастник
12274,Контролёр
12275,Невидимый
12276,Контролёр
12277,Невидимый
12278,Контролёр
12279,Контролёр
12280,Делегирующий
12281,Невидимый
12282,Невидимый
12283,Делегирующий
12284,Невидимый
12285,Контролёр
12286,Контролёр
12287,Контролёр
12288,Соучастник
12289,Невидимый
12290,Контролёр
12291,Контролёр
12292,Невидимый
12293,Делегирующий
12294,Контролёр
12295,Соучастник
12296,Контролёр
12297,Невидимый
12298,Невидимый
12299,Невидимый
12300,Невидимый
12301,Невидимый
12302,Контролёр
12303,Невидимый
12304,Контролёр
12305,Контролёр
12306,Невидимый
12307,Контролёр
12308,Соучастник
12309,Невидимый
12310,Контролёр
12311,Делегирующий
12312,Контролёр
12313,Контролёр
12314,Контролёр
12315,Контролёр
12316,Контролёр
12317,Контролёр
12318,Контролёр
12319,Контролёр
12320,Невидимый
12321,Соучастник
12322,Контролёр
12323,Контролёр
12324,Соучастник
12325,Контролёр
12326,Контролёр
12327,Соучастник
12328,Делегирующий
12329,Контролёр
12330,Делегирующий
12331,Контролёр
12332,Невидимый
12333,Контролёр
12334,Делегирующий
12335,Соучастник
12336,Делегирующий
12337,Делегирующий
12338,Делегирующий
12339,Невидимый
12340,Невидимый
12341,Соучастник
12342,Невидимый
12343,Невидимый
12344,Делегирующий
12345,Контролёр
12346,Контролёр
12347,Невидимый
12348,Делегирующий
12349,Контролёр
12350,Невидимый
12351,Невидимый
12352,Соучастник
12353,Контролёр
12354,Невидимый
12355,Невидимый
12356,Контролёр
12357,Соучастник
12358,Соучастник
12359,Делегирующий
12360,Соучастник
12361,Соучастник
12362,Контролёр
12363,Невидимый
12364,Делегирующий
12365,Контролёр
12366,Контролёр
12367,Контролёр
12368,Контролёр
12369,Контролёр
12370,Соучастник
12371,Невидимый
12372,Невидимый
12373,Делегирующий
12374,Соучастник
12375,Невидимый
12376,Невидимый
12377,Контролёр
12378,Невидимый
12379,Невидимый
12380,Невидимый
12381,Контролёр
12382,Невидимый
12383,Соучастник
12384,Контролёр
12385,Контролёр
12386,Невидимый
12387,Делегирующий
12388,Невидимый
12389,Невидимый
12390,Невидимый
12391,Невидимый
12392,Контролёр
12393,Делегирующий
12394,Соучастник
12395,Соучастник
12396,Соучастник
12397,Соучастник
12398,Делегирующий
12399,Контролёр
12400,Невидимый
12401,Невидимый
12402,Соучастник
12403,Контролёр
12404,Невидимый
12405,Соучастник
12406,Соучастник
12407,Контролёр
12408,Невидимый
12409,Невидимый
12410,Контролёр
12411,Соучастник
12412,Невидимый
12413,Невидимый
12414,Делегирующий
12415,Делегирующий
12416,Делегирующий
12417,Контролёр
12418,Контролёр
12419,Делегирующий
12420,Соучастник
12421,Контролёр
12422,Контролёр
12423,Невидимый
12424,Невидимый
12425,Делегирующий
12426,Контролёр
12427,Соучастник
12428,Контролёр
12429,Делегирующий
12430,Контролёр
12431,Соучастник
12432,Невидимый
12433,Соучастник
12434,Невидимый
12435,Соучастник
12436,Контролёр
12437,Делегирующий
12438,Невидимый
12439,Контролёр
12440,Соучастник
12441,Делегирующий
12442,Делегирующий
12443,Контролёр
12444,Делегирующий
12445,Невидимый
12446,Контролёр
12447,Невидимый
12448,Контролёр
12449,Соучастник
12450,Невидимый
12451,Делегирующий
12452,Невидимый
12453,Контролёр
12454,Невидимый
12455,Контролёр
12456,Контролёр
12457,Невидимый
12458,Невидимый
12459,Делегирующий
12460,Контролёр
12461,Невидимый
12462,Делегирующий
12463,Контролёр
12464,Делегирующий
12465,Делегирующий
12466,Контролёр
12467,Невидимый
12468,Контролёр
12469,Соучастник
12470,Контролёр
12471,Соучастник
12472,Невидимый
12473,Соучастник
12474,Делегирующий
12475,Контролёр
12476,Контролёр
12477,Невидимый
12478,Невидимый
12479,Соучастник
12480,Контролёр
12481,Контролёр
12482,Соучастник
12483,Соучастник
12484,Невидимый
12485,Контролёр
12486,Соучастник
12487,Контролёр
12488,Невидимый
12489,Контролёр
12490,Контролёр
12491,Делегирующий
12492,Контролёр
12493,Невидимый
12494,Невидимый
12495,Соучастник
12496,Невидимый
12497,Делегирующий
12498,Невидимый
12499,Делегирующий
12500,Соучастник
12501,Невидимый
12502,Контролёр
12503,Делегирующий
12504,Делегирующий
12505,Невидимый
12506,Делегирующий
12507,Контролёр
12508,Делегирующий
12509,Невидимый
12510,Контролёр
12511,Контролёр
12512,Соучастник
12513,Контролёр
12514,Невидимый
12515,Невидимый
12516,Невидимый
12517,Невидимый
12518,Контролёр
12519,Контролёр
12520,Контролёр
12521,Невидимый
12522,Соучастник
12523,Невидимый
12524,Делегирующий
12525,Невидимый
12526,Невидимый
12527,Контролёр
12528,Делегирующий
12529,Невидимый
12530,Контролёр
12531,Делегирующий
12532,Делегирующий
12533,Контролёр
12534,Невидимый
12535,Соучастник
12536,Делегирующий
12537,Контролёр
12538,Контролёр
12539,Невидимый
12540,Соучастник
12541,Невидимый
12542,Невидимый
12543,Контролёр
12544,Контролёр
12545,Контролёр
12546,Невидимый
12547,Невидимый
12548,Невидимый
12549,Невидимый
12550,Контролёр
12551,Невидимый
12552,Делегирующий
12553,Соучастник
12554,Невидимый
12555,Невидимый
12556,Контролёр
12557,Невидимый
12558,Контролёр
12559,Невидимый
12560,Контролёр
12561,Контролёр
12562,Контролёр
12563,Соучастник
12564,Делегирующий
12565,Контролёр
12566,Контролёр
12567,Делегирующий
12568,Соучастник
12569,Контролёр
12570,Делегирующий
12571,Контролёр
12572,Невидимый
12573,Соучастник
12574,Контролёр
12575,Контролёр
12576,Делегирующий
12577,Невидимый
12578,Невидимый
12579,Делегирующий
12580,Невидимый
12581,Невидимый
12582,Делегирующий
12583,Делегирующий
12584,Контролёр
12585,Соучастник
12586,Соучастник
12587,Делегирующий
12588,Делегирующий
12589,Контролёр
12590,Делегирующий
12591,Невидимый
12592,Контролёр
12593,Контролёр
12594,Невидимый
12595,Невидимый
12596,Контролёр
12597,Невидимый
12598,Соучастник
12599,Соучастник
12600,Делегирующий
12601,Соучастник
12602,Невидимый
12603,Невидимый
12604,Контролёр
12605,Соучастник
12606,Соучастник
12607,Соучастник
12608,Делегирующий
12609,Делегирующий
12610,Контролёр
12611,Невидимый
12612,Делегирующий
12613,Невидимый
12614,Невидимый
12615,Контролёр
12616,Делегирующий
12617,Соучастник
12618,Контролёр
12619,Невидимый
12620,Делегирующий
12621,Контролёр
12622,Невидимый
12623,Невидимый
12624,Соучастник
12625,Невидимый
12626,Невидимый
12627,Соучастник
12628,Невидимый
12629,Контролёр
12630,Невидимый
12631,Делегирующий
12632,Контролёр
12633,Невидимый
12634,Контролёр
12635,Контролёр
12636,Контролёр
12637,Контролёр
12638,Невидимый
12639,Делегирующий
12640,Контролёр
12641,Делегирующий
12642,Соучастник
12643,Контролёр
12644,Контролёр
12645,Соучастник
12646,Невидимый
12647,Контролёр
12648,Делегирующий
12649,Невидимый
12650,Контролёр
12651,Невидимый
12652,Делегирующий
12653,Контролёр
12654,Невидимый
12655,Контролёр
12656,Контролёр
12657,Контролёр
12658,Невидимый
12659,Контролёр
12660,Контролёр
12661,Контролёр
12662,Контролёр
12663,Невидимый
12664,Соучастник
12665,Делегирующий
12666,Контролёр
12667,Делегирующий
12668,Контролёр
12669,Контролёр
12670,Невидимый
12671,Контролёр
12672,Соучастник
12673,Контролёр
12674,Делегирующий
12675,Соучастник
12676,Контролёр
12677,Делегирующий
12678,Контролёр
12679,Контролёр
12680,Контролёр
12681,Соучастник
12682,Невидимый
12683,Соучастник
12684,Невидимый
12685,Невидимый
12686,Невидимый
12687,Соучастник
12688,Контролёр
12689,Невидимый
12690,Невидимый
12691,Контролёр
12692,Делегирующий
12693,Соучастник
12694,Контролёр
12695,Контролёр
12696,Невидимый
12697,Контролёр
12698,Невидимый
12699,Делегирующий
12700,Невидимый
12701,Делегирующий
12702,Делегирующий
12703,Соучастник
12704,Невидимый
12705,Контролёр
12706,Делегирующий
12707,Соучастник
12708,Контролёр
12709,Контролёр
12710,Делегирующий
12711,Невидимый
12712,Контролёр
12713,Соучастник
12714,Невидимый
12715,Делегирующий
12716,Соучастник
12717,Делегирующий
12718,Делегирующий
12719,Невидимый
12720,Делегирующий
12721,Контролёр
12722,Делегирующий
12723,Невидимый
12724,Соучастник
12725,Контролёр
12726,Невидимый
12727,Невидимый
12728,Контролёр
12729,Делегирующий
12730,Соучастник
12731,Контролёр
12732,Делегирующий
12733,Соучастник
12734,Невидимый
12735,Невидимый
12736,Делегирующий
12737,Делегирующий
12738,Невидимый
12739,Делегирующий
12740,Соучастник
12741,Невидимый
12742,Соучастник
12743,Невидимый
12744,Невидимый
12745,Невидимый
12746,Контролёр
12747,Контролёр
12748,Контролёр
12749,Контролёр
12750,Контролёр
12751,Контролёр
12752,Делегирующий
12753,Соучастник
12754,Невидимый
12755,Делегирующий
12756,Соучастник
12757,Делегирующий
12758,Контролёр
12759,Контролёр
12760,Соучастник
12761,Контролёр
12762,Делегирующий
12763,Невидимый
12764,Контролёр
12765,Соучастник
12766,Соучастник
12767,Контролёр
12768,Невидимый
12769,Невидимый
12770,Невидимый
12771,Соучастник
12772,Соучастник
12773,Контролёр
12774,Контролёр
12775,Соучастник
12776,Контролёр
12777,Контролёр
12778,Невидимый
12779,Контролёр
12780,Делегирующий
12781,Делегирующий
12782,Соучастник
12783,Делегирующий
12784,Делегирующий
12785,Контролёр
12786,Соучастник
12787,Невидимый
12788,Контролёр
12789,Контролёр
12790,Контролёр
12791,Делегирующий
12792,Контролёр
12793,Контролёр
12794,Соучастник
12795,Невидимый
12796,Делегирующий
12797,Невидимый
12798,Контролёр
12799,Соучастник
12800,Контролёр
12801,Соучастник
12802,Невидимый
12803,Делегирующий
12804,Контролёр
12805,Невидимый
12806,Контролёр
12807,Невидимый
12808,Невидимый
12809,Контролёр
12810,Контролёр
12811,Контролёр
12812,Контролёр
12813,Соучастник
12814,Невидимый
12815,Контролёр
12816,Невидимый
12817,Невидимый
12818,Делегирующий
12819,Делегирующий
12820,Контролёр
12821,Контролёр
12822,Соучастник
12823,Делегирующий
12824,Контролёр
12825,Контролёр
12826,Невидимый
12827,Невидимый
12828,Контролёр
12829,Контролёр
12830,Делегирующий
12831,Контролёр
12832,Делегирующий
12833,Контролёр
12834,Невидимый
12835,Делегирующий
12836,Делегирующий
12837,Соучастник
12838,Делегирующий
12839,Делегирующий
12840,Контролёр
12841,Контролёр
12842,Контролёр
12843,Невидимый
12844,Соучастник
12845,Невидимый
12846,Контролёр
12847,Делегирующий
12848,Делегирующий
12849,Контролёр
12850,Соучастник
12851,Контролёр
12852,Невидимый
12853,Невидимый
12854,Контролёр
12855,Делегирующий
12856,Делегирующий
12857,Контролёр
12858,Контролёр
12859,Контролёр
12860,Контролёр
12861,Делегирующий
12862,Контролёр
12863,Невидимый
12864,Невидимый
12865,Контролёр
12866,Соучастник
12867,Невидимый
12868,Невидимый
12869,Соучастник
12870,Контролёр
12871,Невидимый
12872,Невидимый
12873,Делегирующий
12874,Делегирующий
12875,Соучастник
12876,Соучастник
12877,Контролёр
12878,Контролёр
12879,Контролёр
12880,Контролёр
12881,Невидимый
12882,Контролёр
12883,Невидимый
12884,Невидимый
12885,Делегирующий
12886,Невидимый
12887,Контролёр
12888,Контролёр
12889,Невидимый
12890,Контролёр
12891,Соучастник
12892,Соучастник
12893,Невидимый
12894,Невидимый
12895,Контролёр
12896,Контролёр
12897,Контролёр
12898,Невидимый
12899,Невидимый
12900,Делегирующий
12901,Делегирующий
12902,Контролёр
12903,Невидимый
12904,Невидимый
12905,Контролёр
12906,Контролёр
12907,Контролёр
12908,Контролёр
12909,Невидимый
12910,Невидимый
12911,Контролёр
12912,Соучастник
12913,Контролёр
12914,Соучастник
12915,Невидимый
12916,Делегирующий
12917,Контролёр
12918,Соучастник
12919,Соучастник
12920,Соучастник
12921,Делегирующий
12922,Невидимый
12923,Невидимый
12924,Контролёр
12925,Делегирующий
12926,Контролёр
12927,Невидимый
12928,Соучастник
12929,Контролёр
12930,Контролёр
12931,Соучастник
12932,Невидимый
12933,Делегирующий
12934,Невидимый
12935,Контролёр
12936,Соучастник
12937,Контролёр
12938,Контролёр
12939,Невидимый
12940,Невидимый
12941,Контролёр
12942,Соучастник
12943,Контролёр
12944,Делегирующий
12945,Контролёр
12946,Контролёр
12947,Контролёр
12948,Контролёр
12949,Невидимый
12950,Контролёр
12951,Контролёр
12952,Делегирующий
12953,Контролёр
12954,Невидимый
12955,Соучастник
12956,Невидимый
12957,Невидимый
12958,Контролёр
12959,Невидимый
12960,Соучастник
12961,Контролёр
12962,Контролёр
12963,Невидимый
12964,Делегирующий
12965,Невидимый
12966,Невидимый
12967,Соучастник
12968,Контролёр
12969,Делегирующий
12970,Невидимый
12971,Соучастник
12972,Делегирующий
12973,Соучастник
12974,Контролёр
12975,Контролёр
12976,Соучастник
12977,Делегирующий
12978,Невидимый
12979,Контролёр
12980,Делегирующий
12981,Соучастник
12982,Соучастник
12983,Невидимый
12984,Контролёр
12985,Невидимый
12986,Делегирующий
12987,Контролёр
12988,Делегирующий
12989,Контролёр
12990,Невидимый
12991,Делегирующий
12992,Контролёр
12993,Невидимый
12994,Соучастник
12995,Контролёр
12996,Контролёр
12997,Контролёр
12998,Невидимый
12999,Невидимый
13000,Невидимый
13001,Невидимый
13002,Контролёр
13003,Соучастник
13004,Соучастник
13005,Соучастник
13006,Контролёр
13007,Невидимый
13008,Контролёр
13009,Невидимый
13010,Делегирующий
13011,Невидимый
13012,Соучастник
13013,Делегирующий
13014,Невидимый
13015,Невидимый
13016,Делегирующий
13017,Контролёр
13018,Невидимый
13019,Контролёр
13020,Делегирующий
13021,Соучастник
13022,Контролёр
13023,Контролёр
13024,Контролёр
13025,Контролёр
13026,Соучастник
13027,Невидимый
13028,Контролёр
13029,Контролёр
13030,Контролёр
13031,Контролёр
13032,Делегирующий
13033,Делегирующий
13034,Контролёр
13035,Соучастник
13036,Контролёр
13037,Контролёр
13038,Делегирующий
13039,Невидимый
13040,Контролёр
13041,Контролёр
13042,Соучастник
13043,Делегирующий
13044,Невидимый
13045,Невидимый
13046,Соучастник
13047,Контролёр
13048,Невидимый
13049,Соучастник
13050,Контролёр
13051,Невидимый
13052,Контролёр
13053,Делегирующий
13054,Невидимый
13055,Контролёр
13056,Невидимый
13057,Соучастник
13058,Контролёр
13059,Контролёр
13060,Контролёр
13061,Контролёр
13062,Контролёр
13063,Невидимый
13064,Контролёр
13065,Невидимый
13066,Контролёр
13067,Соучастник
13068,Невидимый
13069,Контролёр
13070,Соучастник
13071,Соучастник
13072,Невидимый
13073,Делегирующий
13074,Делегирующий
13075,Контролёр
13076,Соучастник
13077,Контролёр
13078,Невидимый
13079,Делегирующий
13080,Невидимый
13081,Невидимый
13082,Делегирующий
13083,Делегирующий
13084,Соучастник
13085,Контролёр
13086,Невидимый
13087,Делегирующий
13088,Контролёр
13089,Контролёр
13090,Делегирующий
13091,Контролёр
13092,Контролёр
13093,Невидимый
13094,Невидимый
13095,Невидимый
13096,Делегирующий
13097,Контролёр
13098,Контролёр
13099,Делегирующий
13100,Делегирующий
13101,Соучастник
13102,Делегирующий
13103,Соучастник
13104,Контролёр
13105,Соучастник
13106,Контролёр
13107,Контролёр
13108,Невидимый
13109,Соучастник
13110,Делегирующий
13111,Невидимый
13112,Контролёр
13113,Контролёр
13114,Соучастник
13115,Контролёр
13116,Контролёр
13117,Контролёр
13118,Соучастник
13119,Соучастник
13120,Контролёр
13121,Соучастник
13122,Соучастник
13123,Соучастник
13124,Невидимый
13125,Контролёр
13126,Контролёр
13127,Невидимый
13128,Соучастник
13129,Контролёр
13130,Делегирующий
13131,Соучастник
13132,Соучастник
13133,Невидимый
13134,Контролёр
13135,Соучастник
13136,Контролёр
13137,Делегирующий
13138,Невидимый
13139,Контролёр
13140,Невидимый
13141,Контролёр
13142,Контролёр
13143,Делегирующий
13144,Делегирующий
13145,Контролёр
13146,Контролёр
13147,Контролёр
13148,Делегирующий
13149,Невидимый
13150,Невидимый
13151,Невидимый
13152,Соучастник
13153,Контролёр
13154,Делегирующий
13155,Контролёр
13156,Делегирующий
13157,Соучастник
13158,Контролёр
13159,Контролёр
13160,Невидимый
13161,Соучастник
13162,Невидимый
13163,Контролёр
13164,Контролёр
13165,Контролёр
13166,Контролёр
13167,Контролёр
13168,Контролёр
13169,Делегирующий
13170,Контролёр
13171,Контролёр
13172,Контролёр
13173,Контролёр
13174,Контролёр
13175,Соучастник
13176,Невидимый
13177,Делегирующий
13178,Делегирующий
13179,Соучастник
13180,Невидимый
13181,Контролёр
13182,Соучастник
13183,Делегирующий
13184,Невидимый
13185,Контролёр
13186,Соучастник
13187,Соучастник
13188,Невидимый
13189,Контролёр
13190,Контролёр
13191,Соучастник
13192,Контролёр
13193,Соучастник
13194,Контролёр
13195,Соучастник
13196,Делегирующий
13197,Невидимый
13198,Контролёр
13199,Соучастник
13200,Делегирующий
13201,Делегирующий
13202,Делегирующий
13203,Невидимый
13204,Невидимый
13205,Делегирующий
13206,Делегирующий
13207,Делегирующий
13208,Делегирующий
13209,Контролёр
13210,Контролёр
13211,Соучастник
13212,Делегирующий
13213,Делегирующий
13214,Контролёр
13215,Контролёр
13216,Соучастник
13217,Контролёр
13218,Контролёр
13219,Делегирующий
13220,Делегирующий
13221,Контролёр
13222,Невидимый
13223,Соучастник
13224,Контролёр
13225,Контролёр
13226,Невидимый
13227,Контролёр
13228,Соучастник
13229,Контролёр
13230,Контролёр
13231,Невидимый
13232,Контролёр
13233,Невидимый
13234,Контролёр
13235,Контролёр
13236,Контролёр
13237,Невидимый
13238,Невидимый
13239,Невидимый
13240,Делегирующий
13241,Контролёр
13242,Контролёр
13243,Делегирующий
13244,Делегирующий
13245,Контролёр
13246,Контролёр
13247,Соучастник
13248,Делегирующий
13249,Контролёр
13250,Невидимый
13251,Невидимый
13252,Контролёр
13253,Контролёр
13254,Соучастник
13255,Невидимый
13256,Контролёр
13257,Делегирующий
13258,Невидимый
13259,Соучастник
13260,Контролёр
13261,Контролёр
13262,Невидимый
13263,Невидимый
13264,Контролёр
13265,Делегирующий
13266,Невидимый
13267,Делегирующий
13268,Невидимый
13269,Контролёр
13270,Контролёр
13271,Невидимый
13272,Невидимый
13273,Соучастник
13274,Делегирующий
13275,Контролёр
13276,Невидимый
13277,Контролёр
13278,Делегирующий
13279,Контролёр
13280,Контролёр
13281,Делегирующий
13282,Соучастник
13283,Делегирующий
13284,Делегирующий
13285,Невидимый
13286,Контролёр
13287,Контролёр
13288,Невидимый
13289,Контролёр
13290,Соучастник
13291,Невидимый
13292,Соучастник
13293,Невидимый
13294,Невидимый
13295,Невидимый
13296,Контролёр
13297,Контролёр
13298,Делегирующий
13299,Соучастник
13300,Соучастник
13301,Контролёр
13302,Контролёр
13303,Невидимый
13304,Невидимый
13305,Контролёр
13306,Делегирующий
13307,Соучастник
13308,Контролёр
13309,Контролёр
13310,Невидимый
13311,Невидимый
13312,Невидимый
13313,Соучастник
13314,Контролёр
13315,Делегирующий
13316,Делегирующий
13317,Невидимый
13318,Контролёр
13319,Контролёр
13320,Невидимый
13321,Невидимый
13322,Невидимый
13323,Соучастник
13324,Невидимый
13325,Соучастник
13326,Контролёр
13327,Соучастник
13328,Невидимый
13329,Делегирующий
13330,Соучастник
13331,Невидимый
13332,Соучастник
13333,Контролёр
13334,Контролёр
13335,Невидимый
13336,Невидимый
13337,Контролёр
13338,Невидимый
13339,Соучастник
13340,Делегирующий
13341,Делегирующий
13342,Контролёр
13343,Делегирующий
13344,Невидимый
13345,Контролёр
13346,Соучастник
13347,Невидимый
13348,Невидимый
13349,Соучастник
13350,Делегирующий
13351,Невидимый
13352,Невидимый
13353,Невидимый
13354,Невидимый
13355,Невидимый
13356,Контролёр
13357,Контролёр
13358,Контролёр
13359,Делегирующий
13360,Соучастник
13361,Контролёр
13362,Соучастник
13363,Контролёр
13364,Невидимый
13365,Соучастник
13366,Делегирующий
13367,Соучастник
13368,Невидимый
13369,Делегирующий
13370,Невидимый
13371,Контролёр
13372,Делегирующий
13373,Невидимый
13374,Невидимый
13375,Невидимый
13376,Делегирующий
13377,Соучастник
13378,Контролёр
13379,Делегирующий
13380,Невидимый
13381,Невидимый
13382,Контролёр
13383,Невидимый
13384,Контролёр
13385,Соучастник
13386,Невидимый
13387,Невидимый
13388,Делегирующий
13389,Невидимый
13390,Контролёр
13391,Невидимый
13392,Соучастник
13393,Невидимый
13394,Невидимый
13395,Невидимый
13396,Контролёр
13397,Контролёр
13398,Контролёр
13399,Невидимый
13400,Контролёр
13401,Невидимый
13402,Соучастник
13403,Невидимый
13404,Невидимый
13405,Контролёр
13406,Контролёр
13407,Соучастник
13408,Невидимый
13409,Невидимый
13410,Делегирующий
13411,Делегирующий
13412,Невидимый
13413,Контролёр
13414,Делегирующий
13415,Невидимый
13416,Соучастник
13417,Контролёр
13418,Контролёр
13419,Невидимый
13420,Невидимый
13421,Контролёр
13422,Невидимый
13423,Контролёр
13424,Делегирующий
13425,Соучастник
13426,Соучастник
13427,Невидимый
13428,Невидимый
13429,Невидимый
13430,Контролёр
13431,Невидимый
13432,Контролёр
13433,Контролёр
13434,Соучастник
13435,Соучастник
13436,Контролёр
13437,Делегирующий
13438,Контролёр
13439,Делегирующий
13440,Контролёр
13441,Контролёр
13442,Невидимый
13443,Контролёр
13444,Соучастник
13445,Делегирующий
13446,Соучастник
13447,Контролёр
13448,Соучастник
13449,Контролёр
13450,Невидимый
13451,Контролёр
13452,Делегирующий
13453,Делегирующий
13454,Соучастник
13455,Соучастник
13456,Соучастник
13457,Невидимый
13458,Делегирующий
13459,Делегирующий
13460,Контролёр
13461,Контролёр
13462,Контролёр
13463,Контролёр
13464,Контролёр
13465,Невидимый
13466,Невидимый
13467,Делегирующий
13468,Соучастник
13469,Контролёр
13470,Невидимый
13471,Контролёр
13472,Контролёр
13473,Контролёр
13474,Контролёр
13475,Контролёр
13476,Контролёр
13477,Контролёр
13478,Контролёр
13479,Контролёр
13480,Невидимый
13481,Контролёр
13482,Контролёр
13483,Контролёр
13484,Невидимый
13485,Контролёр
13486,Делегирующий
13487,Контролёр
13488,Соучастник
13489,Невидимый
13490,Делегирующий
13491,Соучастник
13492,Контролёр
13493,Контролёр
13494,Делегирующий
13495,Невидимый
13496,Контролёр
13497,Делегирующий
13498,Контролёр
13499,Делегирующий
13500,Невидимый
13501,Делегирующий
13502,Соучастник
13503,Невидимый
13504,Невидимый
13505,Контролёр
13506,Невидимый
13507,Соучастник
13508,Контролёр
13509,Контролёр
13510,Контролёр
13511,Соучастник
13512,Соучастник
13513,Невидимый
13514,Контролёр
13515,Соучастник
13516,Контролёр
13517,Невидимый
13518,Контролёр
13519,Делегирующий
13520,Контролёр
13521,Невидимый
13522,Соучастник
13523,Соучастник
13524,Контролёр
13525,Контролёр
13526,Невидимый
13527,Контролёр
13528,Контролёр
13529,Делегирующий
13530,Невидимый
13531,Соучастник
13532,Невидимый
13533,Соучастник
13534,Контролёр
13535,Контролёр
13536,Контролёр
13537,Делегирующий
13538,Контролёр
13539,Контролёр
13540,Контролёр
13541,Контролёр
13542,Невидимый
13543,Контролёр
13544,Делегирующий
13545,Контролёр
13546,Делегирующий
13547,Соучастник
13548,Невидимый
13549,Невидимый
13550,Невидимый
13551,Делегирующий
13552,Контролёр
13553,Контролёр
13554,Контролёр
13555,Невидимый
13556,Контролёр
13557,Контролёр
13558,Невидимый
13559,Невидимый
13560,Соучастник
13561,Невидимый
13562,Соучастник
13563,Делегирующий
13564,Невидимый
13565,Соучастник
13566,Соучастник
13567,Соучастник
13568,Невидимый
13569,Невидимый
13570,Делегирующий
13571,Соучастник
13572,Контролёр
13573,Соучастник
13574,Делегирующий
13575,Невидимый
13576,Делегирующий
13577,Делегирующий
13578,Невидимый
13579,Контролёр
13580,Контролёр
13581,Невидимый
13582,Контролёр
13583,Невидимый
13584,Невидимый
13585,Контролёр
13586,Делегирующий
13587,Соучастник
13588,Невидимый
13589,Контролёр
13590,Контролёр
13591,Невидимый
13592,Соучастник
13593,Невидимый
13594,Контролёр
13595,Контролёр
13596,Контролёр
13597,Невидимый
13598,Делегирующий
13599,Контролёр
13600,Соучастник
13601,Контролёр
13602,Соучастник
13603,Соучастник
13604,Контролёр
13605,Контролёр
13606,Невидимый
13607,Невидимый
13608,Соучастник
13609,Соучастник
13610,Контролёр
13611,Контролёр
13612,Контролёр
13613,Невидимый
13614,Делегирующий
13615,Невидимый
13616,Невидимый
13617,Контролёр
13618,Невидимый
13619,Контролёр
13620,Невидимый
13621,Соучастник
13622,Невидимый
13623,Соучастник
13624,Делегирующий
13625,Контролёр
13626,Контролёр
13627,Соучастник
13628,Невидимый
13629,Делегирующий
13630,Невидимый
13631,Контролёр
13632,Невидимый
13633,Невидимый
13634,Делегирующий
13635,Невидимый
13636,Контролёр
13637,Делегирующий
13638,Невидимый
13639,Невидимый
13640,Делегирующий
13641,Невидимый
13642,Контролёр
13643,Контролёр
13644,Делегирующий
13645,Невидимый
13646,Контролёр
13647,Делегирующий
13648,Контролёр
13649,Контролёр
13650,Контролёр
13651,Контролёр
13652,Соучастник
13653,Невидимый
13654,Делегирующий
13655,Делегирующий
13656,Соучастник
13657,Невидимый
13658,Контролёр
13659,Контролёр
13660,Контролёр
13661,Делегирующий
13662,Контролёр
13663,Контролёр
13664,Невидимый
13665,Делегирующий
13666,Соучастник
13667,Делегирующий
13668,Контролёр
13669,Контролёр
13670,Контролёр
13671,Соучастник
13672,Контролёр
13673,Невидимый
13674,Соучастник
13675,Контролёр
13676,Контролёр
13677,Контролёр
13678,Контролёр
13679,Контролёр
13680,Соучастник
13681,Контролёр
13682,Контролёр
13683,Соучастник
13684,Соучастник
13685,Контролёр
13686,Контролёр
13687,Контролёр
13688,Контролёр
13689,Контролёр
13690,Невидимый
13691,Контролёр
13692,Делегирующий
13693,Делегирующий
13694,Контролёр
13695,Делегирующий
13696,Делегирующий
13697,Делегирующий
13698,Делегирующий
13699,Делегирующий
13700,Невидимый
13701,Делегирующий
13702,Невидимый
13703,Контролёр
13704,Соучастник
13705,Невидимый
13706,Контролёр
13707,Соучастник
13708,Невидимый
13709,Делегирующий
13710,Контролёр
13711,Соучастник
13712,Соучастник
13713,Невидимый
13714,Контролёр
13715,Невидимый
13716,Невидимый
13717,Контролёр
13718,Контролёр
13719,Соучастник
13720,Невидимый
13721,Контролёр
13722,Соучастник
13723,Контролёр
13724,Соучастник
13725,Соучастник
13726,Контролёр
13727,Делегирующий
13728,Невидимый
13729,Контролёр
13730,Контролёр
13731,Контролёр
13732,Соучастник
13733,Делегирующий
13734,Делегирующий
13735,Соучастник
13736,Невидимый
13737,Невидимый
13738,Невидимый
13739,Невидимый
13740,Соучастник
13741,Контролёр
13742,Невидимый
13743,Невидимый
13744,Соучастник
13745,Делегирующий
13746,Невидимый
13747,Соучастник
13748,Делегирующий
13749,Соучастник
13750,Невидимый
13751,Невидимый
13752,Делегирующий
13753,Делегирующий
13754,Соучастник
13755,Невидимый
13756,Контролёр
13757,Невидимый
13758,Соучастник
13759,Невидимый
13760,Невидимый
13761,Невидимый
13762,Контролёр
13763,Невидимый
13764,Невидимый
13765,Контролёр
13766,Невидимый
13767,Контролёр
13768,Контролёр
13769,Невидимый
13770,Делегирующий
13771,Невидимый
13772,Делегирующий
13773,Невидимый
13774,Контролёр
13775,Контролёр
13776,Делегирующий
13777,Невидимый
13778,Невидимый
13779,Делегирующий
13780,Контролёр
13781,Контролёр
13782,Делегирующий
13783,Контролёр
13784,Делегирующий
13785,Контролёр
13786,Контролёр
13787,Контролёр
13788,Контролёр
13789,Невидимый
13790,Контролёр
13791,Контролёр
13792,Невидимый
13793,Контролёр
13794,Контролёр
13795,Контролёр
13796,Контролёр
13797,Контролёр
13798,Делегирующий
13799,Контролёр
13800,Контролёр
13801,Контролёр
13802,Контролёр
13803,Контролёр
13804,Невидимый
13805,Соучастник
13806,Контролёр
13807,Соучастник
13808,Соучастник
13809,Невидимый
13810,Контролёр
13811,Контролёр
13812,Соучастник
13813,Делегирующий
13814,Соучастник
13815,Делегирующий
13816,Контролёр
13817,Невидимый
13818,Соучастник
13819,Соучастник
13820,Невидимый
13821,Невидимый
13822,Делегирующий
13823,Невидимый
13824,Делегирующий
13825,Делегирующий
13826,Соучастник
13827,Невидимый
13828,Невидимый
13829,Делегирующий
13830,Контролёр
13831,Контролёр
13832,Контролёр
13833,Соучастник
13834,Невидимый
13835,Контролёр
13836,Контролёр
13837,Контролёр
13838,Невидимый
13839,Контролёр
13840,Невидимый
13841,Невидимый
13842,Невидимый
13843,Контролёр
13844,Делегирующий
13845,Соучастник
13846,Делегирующий
13847,Контролёр
13848,Невидимый
13849,Делегирующий
13850,Контролёр
13851,Контролёр
13852,Контролёр
13853,Делегирующий
13854,Контролёр
13855,Невидимый
13856,Невидимый
13857,Контролёр
13858,Контролёр
13859,Невидимый
13860,Контролёр
13861,Невидимый
13862,Делегирующий
13863,Соучастник
13864,Невидимый
13865,Невидимый
13866,Контролёр
13867,Невидимый
13868,Контролёр
13869,Контролёр
13870,Контролёр
13871,Контролёр
13872,Контролёр
13873,Делегирующий
13874,Делегирующий
13875,Невидимый
13876,Невидимый
13877,Невидимый
13878,Делегирующий
13879,Контролёр
13880,Контролёр
13881,Контролёр
13882,Контролёр
13883,Делегирующий
13884,Соучастник
13885,Соучастник
13886,Невидимый
13887,Контролёр
13888,Невидимый
13889,Делегирующий
13890,Контролёр
13891,Невидимый
13892,Невидимый
13893,Контролёр
13894,Невидимый
13895,Делегирующий
13896,Невидимый
13897,Невидимый
13898,Делегирующий
13899,Невидимый
13900,Контролёр
13901,Невидимый
13902,Контролёр
13903,Контролёр
13904,Невидимый
13905,Контролёр
13906,Делегирующий
13907,Невидимый
13908,Соучастник
13909,Контролёр
13910,Делегирующий
13911,Невидимый
13912,Соучастник
13913,Контролёр
13914,Делегирующий
13915,Делегирующий
13916,Контролёр
13917,Контролёр
13918,Делегирующий
13919,Контролёр
13920,Невидимый
13921,Соучастник
13922,Контролёр
13923,Соучастник
13924,Невидимый
13925,Соучастник
13926,Контролёр
13927,Невидимый
13928,Контролёр
13929,Контролёр
13930,Невидимый
13931,Невидимый
13932,Невидимый
13933,Контролёр
13934,Контролёр
13935,Невидимый
13936,Контролёр
13937,Контролёр
13938,Делегирующий
13939,Невидимый
13940,Невидимый
13941,Соучастник
13942,Невидимый
13943,Соучастник
13944,Соучастник
13945,Делегирующий
13946,Соучастник
13947,Контролёр
13948,Контролёр
13949,Соучастник
13950,Контролёр
13951,Делегирующий
13952,Контролёр
13953,Делегирующий
13954,Контролёр
13955,Контролёр
13956,Невидимый
13957,Соучастник
13958,Невидимый
13959,Невидимый
13960,Невидимый
13961,Невидимый
13962,Контролёр
13963,Соучастник
13964,Делегирующий
13965,Невидимый
13966,Делегирующий
13967,Делегирующий
13968,Невидимый
13969,Соучастник
13970,Делегирующий
13971,Делегирующий
13972,Контролёр
13973,Контролёр
13974,Контролёр
13975,Контролёр
13976,Соучастник
13977,Контролёр
13978,Невидимый
13979,Невидимый
13980,Невидимый
13981,Невидимый
13982,Невидимый
13983,Соучастник
13984,Соучастник
13985,Невидимый
13986,Делегирующий
13987,Невидимый
13988,Контролёр
13989,Невидимый
13990,Контролёр
13991,Контролёр
13992,Невидимый
13993,Невидимый
13994,Контролёр
13995,Невидимый
13996,Контролёр
13997,Делегирующий
13998,Делегирующий
13999,Невидимый
14000,Невидимый
14001,Контролёр
14002,Контролёр
14003,Делегирующий
14004,Контролёр
14005,Контролёр
14006,Контролёр
14007,Невидимый
14008,Соучастник
14009,Невидимый
14010,Контролёр
14011,Соучастник
14012,Контролёр
14013,Соучастник
14014,Контролёр
14015,Невидимый
14016,Делегирующий
14017,Соучастник
14018,Контролёр
14019,Соучастник
14020,Соучастник
14021,Невидимый
14022,Соучастник
14023,Делегирующий
14024,Невидимый
14025,Делегирующий
14026,Делегирующий
14027,Соучастник
14028,Контролёр
14029,Соучастник
14030,Контролёр
14031,Контролёр
14032,Контролёр
14033,Делегирующий
14034,Делегирующий
14035,Соучастник
14036,Контролёр
14037,Соучастник
14038,Контролёр
14039,Невидимый
14040,Контролёр
14041,Соучастник
14042,Контролёр
14043,Соучастник
14044,Делегирующий
14045,Контролёр
14046,Контролёр
14047,Соучастник
14048,Контролёр
14049,Контролёр
14050,Соучастник
14051,Контролёр
14052,Невидимый
14053,Соучастник
14054,Невидимый
14055,Делегирующий
14056,Невидимый
14057,Невидимый
14058,Контролёр
14059,Невидимый
14060,Контролёр
14061,Контролёр
14062,Невидимый
14063,Контролёр
14064,Соучастник
14065,Соучастник
14066,Невидимый
14067,Соучастник
14068,Контролёр
14069,Контролёр
14070,Соучастник
14071,Невидимый
14072,Контролёр
14073,Контролёр
14074,Контролёр
14075,Делегирующий
14076,Контролёр
14077,Невидимый
14078,Контролёр
14079,Контролёр
14080,Делегирующий
14081,Невидимый
14082,Контролёр
14083,Контролёр
14084,Соучастник
14085,Невидимый
14086,Невидимый
14087,Невидимый
14088,Невидимый
14089,Соучастник
14090,Контролёр
14091,Соучастник
14092,Невидимый
14093,Контролёр
14094,Делегирующий
14095,Контролёр
14096,Невидимый
14097,Невидимый
14098,Делегирующий
14099,Делегирующий
14100,Контролёр
14101,Соучастник
14102,Контролёр
14103,Соучастник
14104,Контролёр
14105,Невидимый
14106,Делегирующий
14107,Контролёр
14108,Невидимый
14109,Контролёр
14110,Контролёр
14111,Невидимый
14112,Контролёр
14113,Контролёр
14114,Делегирующий
14115,Соучастник
14116,Делегирующий
14117,Невидимый
14118,Контролёр
14119,Соучастник
14120,Невидимый
14121,Контролёр
14122,Невидимый
14123,Контролёр
14124,Контролёр
14125,Контролёр
14126,Делегирующий
14127,Невидимый
14128,Соучастник
14129,Делегирующий
14130,Делегирующий
14131,Соучастник
14132,Невидимый
14133,Контролёр
14134,Контролёр
14135,Делегирующий
14136,Невидимый
14137,Невидимый
14138,Невидимый
14139,Контролёр
14140,Контролёр
14141,Контролёр
14142,Соучастник
14143,Контролёр
14144,Невидимый
14145,Соучастник
14146,Невидимый
14147,Делегирующий
14148,Соучастник
14149,Делегирующий
14150,Невидимый
14151,Соучастник
14152,Соучастник
14153,Невидимый
14154,Соучастник
14155,Контролёр
14156,Контролёр
14157,Контролёр
14158,Невидимый
14159,Контролёр
14160,Невидимый
14161,Соучастник
14162,Контролёр
14163,Соучастник
14164,Контролёр
14165,Невидимый
14166,Соучастник
14167,Контролёр
14168,Контролёр
14169,Контролёр
14170,Невидимый
14171,Соучастник
14172,Делегирующий
14173,Соучастник
14174,Невидимый
14175,Невидимый
14176,Соучастник
14177,Невидимый
14178,Контролёр
14179,Контролёр
14180,Невидимый
14181,Делегирующий
14182,Контролёр
14183,Делегирующий
14184,Контролёр
14185,Невидимый
14186,Контролёр
14187,Контролёр
14188,Контролёр
14189,Соучастник
14190,Невидимый
14191,Соучастник
14192,Контролёр
14193,Контролёр
14194,Соучастник
14195,Контролёр
14196,Контролёр
14197,Контролёр
14198,Невидимый
14199,Контролёр
14200,Контролёр
14201,Соучастник
14202,Контролёр
14203,Невидимый
14204,Делегирующий
14205,Невидимый
14206,Соучастник
14207,Невидимый
14208,Соучастник
14209,Соучастник
14210,Контролёр
14211,Делегирующий
14212,Контролёр
14213,Контролёр
14214,Невидимый
14215,Контролёр
14216,Соучастник
14217,Невидимый
14218,Невидимый
14219,Контролёр
14220,Контролёр
14221,Делегирующий
14222,Делегирующий
14223,Невидимый
14224,Делегирующий
14225,Невидимый
14226,Невидимый
14227,Невидимый
14228,Контролёр
14229,Контролёр
14230,Невидимый
14231,Невидимый
14232,Невидимый
14233,Делегирующий
14234,Соучастник
14235,Контролёр
14236,Контролёр
14237,Соучастник
14238,Делегирующий
14239,Контролёр
14240,Невидимый
14241,Контролёр
14242,Соучастник
14243,Контролёр
14244,Делегирующий
14245,Контролёр
14246,Контролёр
14247,Соучастник
14248,Делегирующий
14249,Соучастник
14250,Невидимый
14251,Соучастник
14252,Делегирующий
14253,Контролёр
14254,Делегирующий
14255,Соучастник
14256,Невидимый
14257,Контролёр
14258,Невидимый
14259,Соучастник
14260,Контролёр
14261,Контролёр
14262,Соучастник
14263,Контролёр
14264,Контролёр
14265,Контролёр
14266,Невидимый
14267,Невидимый
14268,Контролёр
14269,Делегирующий
14270,Делегирующий
14271,Контролёр
14272,Контролёр
14273,Соучастник
14274,Невидимый
14275,Невидимый
14276,Делегирующий
14277,Контролёр
14278,Невидимый
14279,Невидимый
14280,Соучастник
14281,Соучастник
14282,Делегирующий
14283,Контролёр
14284,Делегирующий
14285,Невидимый
14286,Делегирующий
14287,Делегирующий
14288,Контролёр
14289,Невидимый
14290,Невидимый
14291,Контролёр
14292,Невидимый
14293,Контролёр
14294,Контролёр
14295,Соучастник
14296,Соучастник
14297,Контролёр
14298,Контролёр
14299,Контролёр
14300,Контролёр
14301,Соучастник
14302,Невидимый
14303,Контролёр
14304,Контролёр
14305,Контролёр
14306,Соучастник
14307,Соучастник
14308,Невидимый
14309,Соучастник
14310,Соучастник
14311,Контролёр
14312,Соучастник
14313,Невидимый
14314,Невидимый
14315,Соучастник
14316,Невидимый
14317,Контролёр
14318,Делегирующий
14319,Невидимый
14320,Соучастник
14321,Контролёр
14322,Делегирующий
14323,Контролёр
14324,Контролёр
14325,Контролёр
14326,Делегирующий
14327,Контролёр
14328,Делегирующий
14329,Делегирующий
14330,Контролёр
14331,Соучастник
14332,Контролёр
14333,Невидимый
14334,Контролёр
14335,Соучастник
14336,Невидимый
14337,Соучастник
14338,Делегирующий
14339,Невидимый
14340,Делегирующий
14341,Невидимый
14342,Невидимый
14343,Невидимый
14344,Невидимый
14345,Невидимый
14346,Делегирующий
14347,Невидимый
14348,Соучастник
14349,Невидимый
14350,Невидимый
14351,Контролёр
14352,Контролёр
14353,Соучастник
14354,Контролёр
14355,Невидимый
14356,Контролёр
14357,Делегирующий
14358,Невидимый
14359,Соучастник
14360,Контролёр
14361,Соучастник
14362,Контролёр
14363,Делегирующий
14364,Соучастник
14365,Контролёр
14366,Контролёр
14367,Контролёр
14368,Контролёр
14369,Невидимый
14370,Делегирующий
14371,Контролёр
14372,Контролёр
14373,Контролёр
14374,Невидимый
14375,Контролёр
14376,Соучастник
14377,Делегирующий
14378,Контролёр
14379,Невидимый
14380,Контролёр
14381,Делегирующий
14382,Соучастник
14383,Контролёр
14384,Контролёр
14385,Невидимый
14386,Невидимый
14387,Контролёр
14388,Контролёр
14389,Невидимый
14390,Контролёр
14391,Невидимый
14392,Соучастник
14393,Невидимый
14394,Невидимый
14395,Контролёр
14396,Соучастник
14397,Невидимый
14398,Соучастник
14399,Невидимый
14400,Контролёр
14401,Делегирующий
14402,Соучастник
14403,Невидимый
14404,Контролёр
14405,Невидимый
14406,Невидимый
14407,Делегирующий
14408,Соучастник
14409,Контролёр
14410,Контролёр
14411,Невидимый
14412,Контролёр
14413,Соучастник
14414,Соучастник
14415,Невидимый
14416,Соучастник
14417,Невидимый
14418,Невидимый
14419,Невидимый
14420,Контролёр
14421,Контролёр
14422,Соучастник
14423,Контролёр
14424,Делегирующий
14425,Соучастник
14426,Контролёр
14427,Невидимый
14428,Невидимый
14429,Контролёр
14430,Контролёр
14431,Соучастник
14432,Делегирующий
14433,Контролёр
14434,Делегирующий
14435,Контролёр
14436,Контролёр
14437,Делегирующий
14438,Невидимый
14439,Невидимый
14440,Соучастник
14441,Делегирующий
14442,Контролёр
14443,Делегирующий
14444,Невидимый
14445,Делегирующий
14446,Делегирующий
14447,Делегирующий
14448,Контролёр
14449,Делегирующий
14450,Невидимый
14451,Соучастник
14452,Соучастник
14453,Соучастник
14454,Контролёр
14455,Делегирующий
14456,Контролёр
14457,Невидимый
14458,Невидимый
14459,Контролёр
14460,Контролёр
14461,Соучастник
14462,Контролёр
14463,Невидимый
14464,Контролёр
14465,Невидимый
14466,Невидимый
14467,Контролёр
14468,Контролёр
14469,Контролёр
14470,Невидимый
14471,Делегирующий
14472,Соучастник
14473,Контролёр
14474,Контролёр
14475,Невидимый
14476,Соучастник
14477,Невидимый
14478,Контролёр
14479,Невидимый
14480,Контролёр
14481,Невидимый
14482,Соучастник
14483,Соучастник
14484,Контролёр
14485,Невидимый
14486,Соучастник
14487,Невидимый
14488,Контролёр
14489,Невидимый
14490,Соучастник
14491,Невидимый
14492,Делегирующий
14493,Контролёр
14494,Невидимый
14495,Делегирующий
14496,Делегирующий
14497,Контролёр
14498,Невидимый
14499,Соучастник
14500,Невидимый
14501,Контролёр
14502,Соучастник
14503,Соучастник
14504,Невидимый
14505,Контролёр
14506,Делегирующий
14507,Соучастник
14508,Соучастник
14509,Делегирующий
14510,Соучастник
14511,Невидимый
14512,Делегирующий
14513,Делегирующий
14514,Контролёр
14515,Контролёр
14516,Контролёр
14517,Контролёр
14518,Контролёр
14519,Невидимый
14520,Невидимый
14521,Контролёр
14522,Соучастник
14523,Невидимый
14524,Невидимый
14525,Контролёр
14526,Контролёр
14527,Делегирующий
14528,Делегирующий
14529,Контролёр
14530,Контролёр
14531,Контролёр
14532,Контролёр
14533,Контролёр
14534,Контролёр
14535,Контролёр
14536,Невидимый
14537,Невидимый
14538,Невидимый
14539,Невидимый
14540,Соучастник
14541,Делегирующий
14542,Соучастник
14543,Невидимый
14544,Делегирующий
14545,Контролёр
14546,Контролёр
14547,Делегирующий
14548,Делегирующий
14549,Контролёр
14550,Контролёр
14551,Контролёр
14552,Невидимый
14553,Контролёр
14554,Делегирующий
14555,Делегирующий
14556,Соучастник
14557,Невидимый
14558,Контролёр
14559,Делегирующий
14560,Невидимый
14561,Невидимый
14562,Невидимый
14563,Невидимый
14564,Невидимый
14565,Контролёр
14566,Невидимый
14567,Соучастник
14568,Невидимый
14569,Контролёр
14570,Соучастник
14571,Делегирующий
14572,Соучастник
14573,Контролёр
14574,Контролёр
14575,Делегирующий
14576,Невидимый
14577,Невидимый
14578,Соучастник
14579,Контролёр
14580,Контролёр
14581,Невидимый
14582,Контролёр
14583,Соучастник
14584,Контролёр
14585,Контролёр
14586,Контролёр
14587,Контролёр
14588,Невидимый
14589,Делегирующий
14590,Соучастник
14591,Соучастник
14592,Контролёр
14593,Делегирующий
14594,Делегирующий
14595,Контролёр
14596,Контролёр
14597,Невидимый
14598,Контролёр
14599,Соучастник
14600,Делегирующий
14601,Невидимый
14602,Контролёр
14603,Контролёр
14604,Невидимый
14605,Невидимый
14606,Невидимый
14607,Контролёр
14608,Невидимый
14609,Соучастник
14610,Невидимый
14611,Соучастник
14612,Контролёр
14613,Соучастник
14614,Контролёр
14615,Делегирующий
14616,Контролёр
14617,Делегирующий
14618,Делегирующий
14619,Соучастник
14620,Делегирующий
14621,Контролёр
14622,Соучастник
14623,Соучастник
14624,Контролёр
14625,Контролёр
14626,Невидимый
14627,Соучастник
14628,Делегирующий
14629,Невидимый
14630,Невидимый
14631,Невидимый
14632,Контролёр
14633,Делегирующий
14634,Соучастник
14635,Соучастник
14636,Контролёр
14637,Невидимый
14638,Контролёр
14639,Невидимый
14640,Контролёр
14641,Контролёр
14642,Контролёр
14643,Контролёр
14644,Невидимый
14645,Контролёр
14646,Невидимый
14647,Невидимый
14648,Контролёр
14649,Невидимый
14650,Контролёр
14651,Делегирующий
14652,Соучастник
14653,Соучастник
14654,Контролёр
14655,Невидимый
14656,Невидимый
14657,Делегирующий
14658,Делегирующий
14659,Контролёр
14660,Делегирующий
14661,Контролёр
14662,Невидимый
14663,Невидимый
14664,Невидимый
14665,Соучастник
14666,Делегирующий
14667,Соучастник
14668,Контролёр
14669,Контролёр
14670,Невидимый
14671,Контролёр
14672,Контролёр
14673,Контролёр
14674,Контролёр
14675,Контролёр
14676,Невидимый
14677,Делегирующий
14678,Соучастник
14679,Контролёр
14680,Делегирующий
14681,Контролёр
14682,Делегирующий
14683,Делегирующий
14684,Делегирующий
14685,Контролёр
14686,Невидимый
14687,Контролёр
14688,Невидимый
14689,Контролёр
14690,Невидимый
14691,Контролёр
14692,Контролёр
14693,Соучастник
14694,Невидимый
14695,Контролёр
14696,Невидимый
14697,Соучастник
14698,Невидимый
14699,Делегирующий
14700,Контролёр
14701,Соучастник
14702,Контролёр
14703,Контролёр
14704,Делегирующий
14705,Невидимый
14706,Контролёр
14707,Делегирующий
14708,Невидимый
14709,Невидимый
14710,Невидимый
14711,Контролёр
14712,Невидимый
14713,Соучастник
14714,Контролёр
14715,Контролёр
14716,Делегирующий
14717,Контролёр
14718,Контролёр
14719,Контролёр
14720,Соучастник
14721,Невидимый
14722,Соучастник
14723,Невидимый
14724,Невидимый
14725,Соучастник
14726,Невидимый
14727,Соучастник
14728,Контролёр
14729,Контролёр
14730,Соучастник
14731,Делегирующий
14732,Невидимый
14733,Соучастник
14734,Невидимый
14735,Невидимый
14736,Контролёр
14737,Делегирующий
14738,Невидимый
14739,Делегирующий
14740,Невидимый
14741,Контролёр
14742,Невидимый
14743,Контролёр
14744,Делегирующий
14745,Невидимый
14746,Контролёр
14747,Делегирующий
14748,Контролёр
14749,Контролёр
14750,Контролёр
14751,Контролёр
14752,Делегирующий
14753,Невидимый
14754,Соучастник
14755,Невидимый
14756,Невидимый
14757,Контролёр
14758,Невидимый
14759,Соучастник
14760,Контролёр
14761,Делегирующий
14762,Невидимый
14763,Невидимый
14764,Контролёр
14765,Делегирующий
14766,Контролёр
14767,Соучастник
14768,Контролёр
14769,Невидимый
14770,Невидимый
14771,Невидимый
14772,Соучастник
14773,Контролёр
14774,Невидимый
14775,Невидимый
14776,Контролёр
14777,Делегирующий
14778,Невидимый
14779,Делегирующий
14780,Контролёр
14781,Соучастник
14782,Невидимый
14783,Соучастник
14784,Невидимый
14785,Контролёр
14786,Невидимый
14787,Соучастник
14788,Делегирующий
14789,Контролёр
14790,Невидимый
14791,Невидимый
14792,Контролёр
14793,Делегирующий
14794,Невидимый
14795,Соучастник
14796,Контролёр
14797,Невидимый
14798,Делегирующий
14799,Контролёр
14800,Контролёр
14801,Невидимый
14802,Соучастник
14803,Контролёр
14804,Контролёр
14805,Соучастник
14806,Делегирующий
14807,Невидимый
14808,Делегирующий
14809,Невидимый
14810,Контролёр
14811,Невидимый
14812,Контролёр
14813,Невидимый
14814,Соучастник
14815,Невидимый
14816,Невидимый
14817,Делегирующий
14818,Невидимый
14819,Контролёр
14820,Делегирующий
14821,Невидимый
14822,Контролёр
14823,Невидимый
14824,Невидимый
14825,Контролёр
14826,Контролёр
14827,Невидимый
14828,Контролёр
14829,Невидимый
14830,Контролёр
14831,Невидимый
14832,Соучастник
14833,Невидимый
14834,Делегирующий
14835,Делегирующий
14836,Контролёр
14837,Контролёр
14838,Делегирующий
14839,Невидимый
14840,Невидимый
14841,Соучастник
14842,Контролёр
14843,Соучастник
14844,Делегирующий
14845,Делегирующий
14846,Контролёр
14847,Делегирующий
14848,Невидимый
14849,Невидимый
14850,Контролёр
14851,Невидимый
14852,Соучастник
14853,Невидимый
14854,Контролёр
14855,Соучастник
14856,Делегирующий
14857,Делегирующий
14858,Делегирующий
14859,Невидимый
14860,Контролёр
14861,Делегирующий
14862,Невидимый
14863,Невидимый
14864,Контролёр
14865,Контролёр
14866,Делегирующий
14867,Делегирующий
14868,Соучастник
14869,Контролёр
14870,Контролёр
14871,Невидимый
14872,Невидимый
14873,Делегирующий
14874,Делегирующий
14875,Соучастник
14876,Делегирующий
14877,Контролёр
14878,Контролёр
14879,Делегирующий
14880,Невидимый
14881,Соучастник
14882,Соучастник
14883,Соучастник
14884,Соучастник
14885,Контролёр
14886,Контролёр
14887,Невидимый
14888,Соучастник
14889,Невидимый
14890,Соучастник
14891,Контролёр
14892,Соучастник
14893,Контролёр
14894,Невидимый
14895,Невидимый
14896,Контролёр
14897,Делегирующий
14898,Контролёр
14899,Невидимый
14900,Делегирующий
14901,Невидимый
14902,Контролёр
14903,Контролёр
14904,Соучастник
14905,Контролёр
14906,Соучастник
14907,Невидимый
14908,Невидимый
14909,Соучастник
14910,Соучастник
14911,Контролёр
14912,Невидимый
14913,Контролёр
14914,Соучастник
14915,Соучастник
14916,Контролёр
14917,Делегирующий
14918,Делегирующий
14919,Невидимый
14920,Контролёр
14921,Соучастник
14922,Соучастник
14923,Делегирующий
14924,Контролёр
14925,Невидимый
14926,Контролёр
14927,Контролёр
14928,Контролёр
14929,Соучастник
14930,Невидимый
14931,Контролёр
14932,Делегирующий
14933,Делегирующий
14934,Контролёр
14935,Соучастник
14936,Контролёр
14937,Невидимый
14938,Контролёр
14939,Делегирующий
14940,Невидимый
14941,Соучастник
14942,Соучастник
14943,Невидимый
14944,Невидимый
14945,Соучастник
14946,Невидимый
14947,Делегирующий
14948,Невидимый
14949,Контролёр
14950,Невидимый
14951,Контролёр
14952,Невидимый
14953,Невидимый
14954,Контролёр
14955,Соучастник
14956,Делегирующий
14957,Невидимый
14958,Делегирующий
14959,Невидимый
14960,Невидимый
14961,Невидимый
14962,Контролёр
14963,Контролёр
14964,Контролёр
14965,Делегирующий
14966,Контролёр
14967,Невидимый
14968,Контролёр
14969,Контролёр
14970,Контролёр
14971,Невидимый
14972,Делегирующий
14973,Контролёр
14974,Невидимый
14975,Соучастник
14976,Невидимый
14977,Невидимый
14978,Делегирующий
14979,Невидимый
14980,Соучастник
14981,Соучастник
14982,Контролёр
14983,Делегирующий
14984,Невидимый
14985,Контролёр
14986,Невидимый
14987,Контролёр
14988,Невидимый
14989,Невидимый
14990,Невидимый
14991,Соучастник
14992,Контролёр
14993,Невидимый
14994,Невидимый
14995,Невидимый
14996,Невидимый
14997,Контролёр
14998,Соучастник
14999,Соучастник
15000,Контролёр
15001,Контролёр
15002,Соучастник
15003,Невидимый
15004,Делегирующий
15005,Делегирующий
15006,Делегирующий
15007,Невидимый
15008,Невидимый
15009,Невидимый
15010,Контролёр
15011,Делегирующий
15012,Контролёр
15013,Контролёр
15014,Невидимый
15015,Невидимый
15016,Контролёр
15017,Контролёр
15018,Контролёр
15019,Соучастник
15020,Контролёр
15021,Невидимый
15022,Соучастник
15023,Делегирующий
15024,Соучастник
15025,Делегирующий
15026,Контролёр
15027,Делегирующий
15028,Соучастник
15029,Контролёр
15030,Соучастник
15031,Невидимый
15032,Соучастник
15033,Делегирующий
15034,Невидимый
15035,Невидимый
15036,Контролёр
15037,Невидимый
15038,Делегирующий
15039,Делегирующий
15040,Делегирующий
15041,Контролёр
15042,Делегирующий
15043,Невидимый
15044,Соучастник
15045,Соучастник
15046,Контролёр
15047,Контролёр
15048,Делегирующий
15049,Контролёр
15050,Невидимый
15051,Контролёр
15052,Контролёр
15053,Невидимый
15054,Соучастник
15055,Невидимый
15056,Контролёр
15057,Контролёр
15058,Невидимый
15059,Невидимый
15060,Соучастник
15061,Невидимый
15062,Контролёр
15063,Невидимый
15064,Невидимый
15065,Делегирующий
15066,Контролёр
15067,Контролёр
15068,Контролёр
15069,Соучастник
15070,Контролёр
15071,Контролёр
15072,Делегирующий
15073,Невидимый
15074,Соучастник
15075,Соучастник
15076,Делегирующий
15077,Делегирующий
15078,Невидимый
15079,Невидимый
15080,Контролёр
15081,Невидимый
15082,Невидимый
15083,Контролёр
15084,Соучастник
15085,Контролёр
15086,Делегирующий
15087,Контролёр
15088,Контролёр
15089,Делегирующий
15090,Соучастник
15091,Делегирующий
15092,Делегирующий
15093,Делегирующий
15094,Невидимый
15095,Делегирующий
15096,Делегирующий
15097,Невидимый
15098,Соучастник
15099,Контролёр
15100,Делегирующий
15101,Контролёр
15102,Соучастник
15103,Соучастник
15104,Контролёр
15105,Невидимый
15106,Соучастник
15107,Делегирующий
15108,Контролёр
15109,Невидимый
15110,Контролёр
15111,Контролёр
15112,Контролёр
15113,Делегирующий
15114,Невидимый
15115,Невидимый
15116,Контролёр
15117,Невидимый
15118,Невидимый
15119,Соучастник
15120,Делегирующий
15121,Невидимый
15122,Делегирующий
15123,Делегирующий
15124,Невидимый
15125,Делегирующий
15126,Контролёр
15127,Соучастник
15128,Невидимый
15129,Контролёр
15130,Невидимый
15131,Делегирующий
15132,Контролёр
15133,Невидимый
15134,Контролёр
15135,Делегирующий
15136,Соучастник
15137,Контролёр
15138,Контролёр
15139,Делегирующий
15140,Невидимый
15141,Контролёр
15142,Контролёр
15143,Делегирующий
15144,Контролёр
15145,Невидимый
15146,Невидимый
15147,Контролёр
15148,Соучастник
15149,Невидимый
15150,Делегирующий
15151,Невидимый
15152,Невидимый
15153,Невидимый
15154,Невидимый
15155,Контролёр
15156,Делегирующий
15157,Контролёр
15158,Контролёр
15159,Контролёр
15160,Невидимый
15161,Делегирующий
15162,Контролёр
15163,Соучастник
15164,Контролёр
15165,Делегирующий
15166,Контролёр
15167,Контролёр
15168,Контролёр
15169,Делегирующий
15170,Невидимый
15171,Невидимый
15172,Делегирующий
15173,Невидимый
15174,Контролёр
15175,Делегирующий
15176,Невидимый
15177,Контролёр
15178,Контролёр
15179,Соучастник
15180,Невидимый
15181,Делегирующий
15182,Контролёр
15183,Невидимый
15184,Невидимый
15185,Соучастник
15186,Невидимый
15187,Невидимый
15188,Невидимый
15189,Контролёр
15190,Делегирующий
15191,Делегирующий
15192,Контролёр
15193,Контролёр
15194,Контролёр
15195,Контролёр
15196,Соучастник
15197,Контролёр
15198,Контролёр
15199,Невидимый
15200,Контролёр
15201,Контролёр
15202,Контролёр
15203,Контролёр
15204,Соучастник
15205,Невидимый
15206,Соучастник
15207,Делегирующий
15208,Делегирующий
15209,Контролёр
15210,Невидимый
15211,Делегирующий
15212,Контролёр
15213,Невидимый
15214,Невидимый
15215,Соучастник
15216,Контролёр
15217,Делегирующий
15218,Невидимый
15219,Соучастник
15220,Невидимый
15221,Контролёр
15222,Невидимый
15223,Контролёр
15224,Делегирующий
15225,Делегирующий
15226,Контролёр
15227,Делегирующий
15228,Невидимый
15229,Делегирующий
15230,Контролёр
15231,Невидимый
15232,Контролёр
15233,Контролёр
15234,Контролёр
15235,Контролёр
15236,Невидимый
15237,Контролёр
15238,Невидимый
15239,Соучастник
15240,Контролёр
15241,Невидимый
15242,Контролёр
15243,Делегирующий
15244,Делегирующий
15245,Делегирующий
15246,Делегирующий
15247,Контролёр
15248,Контролёр
15249,Соучастник
15250,Контролёр
15251,Контролёр
15252,Невидимый
15253,Контролёр
15254,Контролёр
15255,Невидимый
15256,Контролёр
15257,Делегирующий
15258,Делегирующий
15259,Невидимый
15260,Делегирующий
15261,Контролёр
15262,Невидимый
15263,Контролёр
15264,Контролёр
15265,Делегирующий
15266,Контролёр
15267,Делегирующий
15268,Контролёр
15269,Контролёр
15270,Делегирующий
15271,Соучастник
15272,Соучастник
15273,Контролёр
15274,Контролёр
15275,Контролёр
15276,Делегирующий
15277,Соучастник
15278,Контролёр
15279,Невидимый
15280,Невидимый
15281,Контролёр
15282,Делегирующий
15283,Контролёр
15284,Контролёр
15285,Контролёр
15286,Невидимый
15287,Делегирующий
15288,Невидимый
15289,Соучастник
15290,Контролёр
15291,Невидимый
15292,Контролёр
15293,Соучастник
15294,Контролёр
15295,Невидимый
15296,Невидимый
15297,Невидимый
15298,Невидимый
15299,Контролёр
15300,Невидимый
15301,Контролёр
15302,Соучастник
15303,Делегирующий
15304,Контролёр
15305,Соучастник
15306,Контролёр
15307,Контролёр
15308,Соучастник
15309,Невидимый
15310,Делегирующий
15311,Контролёр
15312,Делегирующий
15313,Невидимый
15314,Невидимый
15315,Невидимый
15316,Невидимый
15317,Контролёр
15318,Контролёр
15319,Контролёр
15320,Контролёр
15321,Контролёр
15322,Невидимый
15323,Невидимый
15324,Невидимый
15325,Делегирующий
15326,Контролёр
15327,Невидимый
15328,Невидимый
15329,Соучастник
15330,Контролёр
15331,Контролёр
15332,Невидимый
15333,Делегирующий
15334,Делегирующий
15335,Контролёр
15336,Контролёр
15337,Невидимый
15338,Невидимый
15339,Делегирующий
15340,Контролёр
15341,Контролёр
15342,Делегирующий
15343,Невидимый
15344,Контролёр
15345,Соучастник
15346,Контролёр
15347,Контролёр
15348,Контролёр
15349,Контролёр
15350,Невидимый
15351,Контролёр
15352,Невидимый
15353,Невидимый
15354,Контролёр
15355,Невидимый
15356,Невидимый
15357,Невидимый
15358,Контролёр
15359,Делегирующий
15360,Соучастник
15361,Соучастник
15362,Делегирующий
15363,Контролёр
15364,Невидимый
15365,Невидимый
15366,Невидимый
15367,Делегирующий
15368,Соучастник
15369,Контролёр
15370,Контролёр
15371,Контролёр
15372,Делегирующий
15373,Невидимый
15374,Контролёр
15375,Невидимый
15376,Контролёр
15377,Соучастник
15378,Соучастник
15379,Контролёр
15380,Невидимый
15381,Невидимый
15382,Контролёр
15383,Контролёр
15384,Делегирующий
15385,Контролёр
15386,Невидимый
15387,Делегирующий
15388,Невидимый
15389,Контролёр
15390,Контролёр
15391,Соучастник
15392,Невидимый
15393,Невидимый
15394,Делегирующий
15395,Невидимый
15396,Контролёр
15397,Контролёр
15398,Невидимый
15399,Невидимый
15400,Делегирующий
15401,Невидимый
15402,Невидимый
15403,Контролёр
15404,Невидимый
15405,Делегирующий
15406,Контролёр
15407,Невидимый
15408,Контролёр
15409,Невидимый
15410,Контролёр
15411,Контролёр
15412,Соучастник
15413,Делегирующий
15414,Делегирующий
15415,Контролёр
15416,Невидимый
15417,Невидимый
15418,Контролёр
15419,Делегирующий
15420,Невидимый
15421,Делегирующий
15422,Невидимый
15423,Контролёр
15424,Невидимый
15425,Невидимый
15426,Контролёр
15427,Невидимый
15428,Контролёр
15429,Невидимый
15430,Соучастник
15431,Соучастник
15432,Контролёр
15433,Невидимый
15434,Соучастник
15435,Контролёр
15436,Контролёр
15437,Невидимый
15438,Контролёр
15439,Соучастник
15440,Делегирующий
15441,Невидимый
15442,Контролёр
15443,Невидимый
15444,Контролёр
15445,Контролёр
15446,Невидимый
15447,Контролёр
15448,Соучастник
15449,Невидимый
15450,Контролёр
15451,Делегирующий
15452,Невидимый
15453,Невидимый
15454,Контролёр
15455,Невидимый
15456,Соучастник
15457,Делегирующий
15458,Невидимый
15459,Невидимый
15460,Контролёр
15461,Делегирующий
15462,Невидимый
15463,Соучастник
15464,Делегирующий
15465,Контролёр
15466,Контролёр
15467,Делегирующий
15468,Делегирующий
15469,Делегирующий
15470,Невидимый
15471,Контролёр
15472,Контролёр
15473,Контролёр
15474,Невидимый
15475,Делегирующий
15476,Невидимый
15477,Делегирующий
15478,Невидимый
15479,Контролёр
15480,Контролёр
15481,Контролёр
15482,Контролёр
15483,Соучастник
15484,Контролёр
15485,Невидимый
15486,Невидимый
15487,Соучастник
15488,Делегирующий
15489,Невидимый
15490,Невидимый
15491,Контролёр
15492,Делегирующий
15493,Контролёр
15494,Невидимый
15495,Невидимый
15496,Невидимый
15497,Невидимый
15498,Делегирующий
15499,Контролёр
15500,Невидимый
15501,Делегирующий
15502,Контролёр
15503,Контролёр
15504,Контролёр
15505,Контролёр
15506,Невидимый
15507,Контролёр
15508,Делегирующий
15509,Делегирующий
15510,Соучастник
15511,Соучастник
15512,Невидимый
15513,Делегирующий
15514,Соучастник
15515,Невидимый
15516,Контролёр
15517,Невидимый
15518,Делегирующий
15519,Контролёр
15520,Контролёр
15521,Контролёр
15522,Контролёр
15523,Контролёр
15524,Невидимый
15525,Делегирующий
15526,Невидимый
15527,Невидимый
15528,Контролёр
15529,Контролёр
15530,Невидимый
15531,Делегирующий
15532,Невидимый
15533,Соучастник
15534,Контролёр
15535,Контролёр
15536,Контролёр
15537,Невидимый
15538,Контролёр
15539,Делегирующий
15540,Делегирующий
15541,Соучастник
15542,Соучастник
15543,Контролёр
15544,Делегирующий
15545,Делегирующий
15546,Невидимый
15547,Соучастник
15548,Соучастник
15549,Невидимый
15550,Контролёр
15551,Контролёр
15552,Контролёр
15553,Соучастник
15554,Контролёр
15555,Невидимый
15556,Делегирующий
15557,Контролёр
15558,Соучастник
15559,Невидимый
15560,Контролёр
15561,Контролёр
15562,Контролёр
15563,Контролёр
15564,Контролёр
15565,Делегирующий
15566,Невидимый
15567,Невидимый
15568,Контролёр
15569,Делегирующий
15570,Соучастник
15571,Невидимый
15572,Соучастник
15573,Делегирующий
15574,Контролёр
15575,Соучастник
15576,Контролёр
15577,Контролёр
15578,Невидимый
15579,Контролёр
15580,Контролёр
15581,Контролёр
15582,Контролёр
15583,Невидимый
15584,Контролёр
15585,Невидимый
15586,Контролёр
15587,Делегирующий
15588,Соучастник
15589,Невидимый
15590,Делегирующий
15591,Контролёр
15592,Невидимый
15593,Делегирующий
15594,Контролёр
15595,Делегирующий
15596,Контролёр
15597,Контролёр
15598,Контролёр
15599,Контролёр
15600,Соучастник
15601,Делегирующий
15602,Контролёр
15603,Контролёр
15604,Соучастник
15605,Делегирующий
15606,Невидимый
15607,Контролёр
15608,Соучастник
15609,Делегирующий
15610,Контролёр
15611,Невидимый
15612,Контролёр
15613,Соучастник
15614,Делегирующий
15615,Делегирующий
15616,Делегирующий
15617,Делегирующий
15618,Делегирующий
15619,Невидимый
15620,Делегирующий
15621,Соучастник
15622,Невидимый
15623,Соучастник
15624,Невидимый
15625,Контролёр
15626,Делегирующий
15627,Контролёр
15628,Делегирующий
15629,Соучастник
15630,Невидимый
15631,Делегирующий
15632,Невидимый
15633,Соучастник
15634,Невидимый
15635,Невидимый
15636,Делегирующий
15637,Невидимый
15638,Невидимый
15639,Невидимый
15640,Контролёр
15641,Контролёр
15642,Невидимый
15643,Делегирующий
15644,Контролёр
15645,Контролёр
15646,Контролёр
15647,Контролёр
15648,Соучастник
15649,Невидимый
15650,Делегирующий
15651,Соучастник
15652,Делегирующий
15653,Невидимый
15654,Соучастник
15655,Контролёр
15656,Контролёр
15657,Контролёр
15658,Делегирующий
15659,Невидимый
15660,Соучастник
15661,Соучастник
15662,Контролёр
15663,Невидимый
15664,Делегирующий
15665,Контролёр
15666,Невидимый
15667,Контролёр
15668,Невидимый
15669,Делегирующий
15670,Невидимый
15671,Контролёр
15672,Контролёр
15673,Делегирующий
15674,Контролёр
15675,Контролёр
15676,Невидимый
15677,Контролёр
15678,Контролёр
15679,Невидимый
15680,Делегирующий
15681,Соучастник
15682,Невидимый
15683,Контролёр
15684,Невидимый
15685,Невидимый
15686,Делегирующий
15687,Контролёр
15688,Невидимый
15689,Контролёр
15690,Контролёр
15691,Невидимый
15692,Контролёр
15693,Контролёр
15694,Невидимый
15695,Невидимый
15696,Невидимый
15697,Невидимый
15698,Контролёр
15699,Контролёр
15700,Соучастник
15701,Делегирующий
15702,Контролёр
15703,Соучастник
15704,Невидимый
15705,Контролёр
15706,Невидимый
15707,Невидимый
15708,Невидимый
15709,Делегирующий
15710,Соучастник
15711,Невидимый
15712,Невидимый
15713,Контролёр
15714,Делегирующий
15715,Соучастник
15716,Невидимый
15717,Невидимый
15718,Невидимый
15719,Контролёр
15720,Контролёр
15721,Контролёр
15722,Делегирующий
15723,Контролёр
15724,Контролёр
15725,Невидимый
15726,Невидимый
15727,Контролёр
15728,Делегирующий
15729,Контролёр
15730,Невидимый
15731,Контролёр
15732,Невидимый
15733,Контролёр
15734,Соучастник
15735,Делегирующий
15736,Невидимый
15737,Контролёр
15738,Соучастник
15739,Невидимый
15740,Соучастник
15741,Контролёр
15742,Контролёр
15743,Невидимый
15744,Соучастник
15745,Контролёр
15746,Делегирующий
15747,Делегирующий
15748,Контролёр
15749,Контролёр
15750,Невидимый
15751,Делегирующий
15752,Делегирующий
15753,Контролёр
15754,Невидимый
15755,Контролёр
15756,Контролёр
15757,Соучастник
15758,Невидимый
15759,Контролёр
15760,Невидимый
15761,Делегирующий
15762,Делегирующий
15763,Невидимый
15764,Контролёр
15765,Контролёр
15766,Контролёр
15767,Невидимый
15768,Контролёр
15769,Невидимый
15770,Делегирующий
15771,Делегирующий
15772,Невидимый
15773,Делегирующий
15774,Невидимый
15775,Контролёр
15776,Невидимый
15777,Делегирующий
15778,Делегирующий
15779,Невидимый
15780,Соучастник
15781,Контролёр
15782,Невидимый
15783,Контролёр
15784,Контролёр
15785,Делегирующий
15786,Соучастник
15787,Контролёр
15788,Невидимый
15789,Невидимый
15790,Невидимый
15791,Контролёр
15792,Соучастник
15793,Соучастник
15794,Делегирующий
15795,Контролёр
15796,Невидимый
15797,Контролёр
15798,Невидимый
15799,Контролёр
15800,Контролёр
15801,Соучастник
15802,Контролёр
15803,Делегирующий
15804,Контролёр
15805,Контролёр
15806,Невидимый
15807,Невидимый
15808,Делегирующий
15809,Контролёр
15810,Делегирующий
15811,Невидимый
15812,Контролёр
15813,Соучастник
15814,Невидимый
15815,Невидимый
15816,Соучастник
15817,Соучастник
15818,Невидимый
15819,Делегирующий
15820,Делегирующий
15821,Контролёр
15822,Контролёр
15823,Делегирующий
15824,Невидимый
15825,Невидимый
15826,Невидимый
15827,Соучастник
15828,Контролёр
15829,Невидимый
15830,Невидимый
15831,Делегирующий
15832,Делегирующий
15833,Соучастник
15834,Контролёр
15835,Контролёр
15836,Контролёр
15837,Соучастник
15838,Соучастник
15839,Невидимый
15840,Невидимый
15841,Соучастник
15842,Соучастник
15843,Соучастник
15844,Невидимый
15845,Соучастник
15846,Невидимый
15847,Соучастник
15848,Контролёр
15849,Контролёр
15850,Контролёр
15851,Делегирующий
15852,Невидимый
15853,Делегирующий
15854,Невидимый
15855,Контролёр
15856,Контролёр
15857,Невидимый
15858,Контролёр
15859,Невидимый
15860,Невидимый
15861,Невидимый
15862,Делегирующий
15863,Контролёр
15864,Невидимый
15865,Контролёр
15866,Контролёр
15867,Делегирующий
15868,Делегирующий
15869,Контролёр
15870,Невидимый
15871,Невидимый
15872,Делегирующий
15873,Невидимый
15874,Контролёр
15875,Соучастник
15876,Контролёр
15877,Делегирующий
15878,Делегирующий
15879,Делегирующий
15880,Делегирующий
15881,Контролёр
15882,Контролёр
15883,Контролёр
15884,Соучастник
15885,Контролёр
15886,Невидимый
15887,Невидимый
15888,Контролёр
15889,Соучастник
15890,Контролёр
15891,Контролёр
15892,Невидимый
15893,Делегирующий
15894,Контролёр
15895,Контролёр
15896,Контролёр
15897,Делегирующий
15898,Делегирующий
15899,Невидимый
15900,Невидимый
15901,Делегирующий
15902,Делегирующий
15903,Невидимый
15904,Соучастник
15905,Невидимый
15906,Соучастник
15907,Контролёр
15908,Контролёр
15909,Делегирующий
15910,Контролёр
15911,Невидимый
15912,Невидимый
15913,Соучастник
15914,Контролёр
15915,Невидимый
15916,Контролёр
15917,Контролёр
15918,Делегирующий
15919,Контролёр
15920,Контролёр
15921,Соучастник
15922,Контролёр
15923,Контролёр
15924,Невидимый
15925,Делегирующий
15926,Невидимый
15927,Делегирующий
15928,Невидимый
15929,Контролёр
15930,Невидимый
15931,Контролёр
15932,Контролёр
15933,Контролёр
15934,Невидимый
15935,Делегирующий
15936,Контролёр
15937,Контролёр
15938,Контролёр
15939,Делегирующий
15940,Контролёр
15941,Контролёр
15942,Контролёр
15943,Невидимый
15944,Делегирующий
15945,Контролёр
15946,Делегирующий
15947,Контролёр
15948,Контролёр
15949,Делегирующий
15950,Соучастник
15951,Делегирующий
15952,Соучастник
15953,Невидимый
15954,Контролёр
15955,Невидимый
15956,Контролёр
15957,Соучастник
15958,Контролёр
15959,Невидимый
15960,Соучастник
15961,Делегирующий
15962,Невидимый
15963,Невидимый
15964,Делегирующий
15965,Невидимый
15966,Контролёр
15967,Контролёр
15968,Контролёр
15969,Невидимый
15970,Контролёр
15971,Контролёр
15972,Контролёр
15973,Невидимый
15974,Контролёр
15975,Соучастник
15976,Контролёр
15977,Контролёр
15978,Невидимый
15979,Контролёр
15980,Контролёр
15981,Контролёр
15982,Контролёр
15983,Делегирующий
15984,Контролёр
15985,Контролёр
15986,Соучастник
15987,Контролёр
15988,Невидимый
15989,Контролёр
15990,Контролёр
15991,Соучастник
15992,Делегирующий
15993,Невидимый
15994,Контролёр
15995,Контролёр
15996,Делегирующий
15997,Невидимый
15998,Невидимый
15999,Невидимый
16000,Контролёр
16001,Соучастник
16002,Контролёр
16003,Контролёр
16004,Контролёр
16005,Соучастник
16006,Соучастник
16007,Контролёр
16008,Контролёр
16009,Контролёр
16010,Соучастник
16011,Контролёр
16012,Невидимый
16013,Невидимый
16014,Соучастник
16015,Невидимый
16016,Контролёр
16017,Невидимый
16018,Контролёр
16019,Невидимый
16020,Контролёр
16021,Контролёр
16022,Контролёр
16023,Контролёр
16024,Невидимый
16025,Делегирующий
16026,Контролёр
16027,Соучастник
16028,Невидимый
16029,Невидимый
16030,Соучастник
16031,Соучастник
16032,Невидимый
16033,Контролёр
16034,Невидимый
16035,Контролёр
16036,Контролёр
16037,Контролёр
16038,Соучастник
16039,Невидимый
16040,Невидимый
16041,Невидимый
16042,Невидимый
16043,Невидимый
16044,Невидимый
16045,Контролёр
16046,Делегирующий
16047,Невидимый
16048,Контролёр
16049,Контролёр
16050,Контролёр
16051,Контролёр
16052,Делегирующий
16053,Соучастник
16054,Контролёр
16055,Соучастник
16056,Контролёр
16057,Контролёр
16058,Контролёр
16059,Делегирующий
16060,Делегирующий
16061,Контролёр
16062,Контролёр
16063,Невидимый
16064,Невидимый
16065,Контролёр
16066,Контролёр
16067,Соучастник
16068,Контролёр
16069,Контролёр
16070,Невидимый
16071,Контролёр
16072,Контролёр
16073,Невидимый
16074,Невидимый
16075,Контролёр
16076,Соучастник
16077,Невидимый
16078,Невидимый
16079,Контролёр
16080,Невидимый
16081,Невидимый
16082,Невидимый
16083,Невидимый
16084,Невидимый
16085,Делегирующий
16086,Невидимый
16087,Контролёр
16088,Делегирующий
16089,Делегирующий
16090,Контролёр
16091,Контролёр
16092,Невидимый
16093,Контролёр
16094,Невидимый
16095,Невидимый
16096,Контролёр
16097,Контролёр
16098,Контролёр
16099,Соучастник
16100,Невидимый
16101,Соучастник
16102,Контролёр
16103,Невидимый
16104,Невидимый
16105,Контролёр
16106,Контролёр
16107,Невидимый
16108,Контролёр
16109,Делегирующий
16110,Невидимый
16111,Соучастник
16112,Невидимый
16113,Невидимый
16114,Делегирующий
16115,Контролёр
16116,Контролёр
16117,Контролёр
16118,Контролёр
16119,Соучастник
16120,Невидимый
16121,Невидимый
16122,Невидимый
16123,Контролёр
16124,Невидимый
16125,Невидимый
16126,Контролёр
16127,Невидимый
16128,Невидимый
16129,Соучастник
16130,Невидимый
16131,Делегирующий
16132,Невидимый
16133,Делегирующий
16134,Невидимый
16135,Соучастник
16136,Невидимый
16137,Делегирующий
16138,Невидимый
16139,Невидимый
16140,Контролёр
16141,Невидимый
16142,Невидимый
16143,Невидимый
16144,Делегирующий
16145,Контролёр
16146,Контролёр
16147,Соучастник
16148,Соучастник
16149,Соучастник
16150,Делегирующий
16151,Контролёр
16152,Контролёр
16153,Контролёр
16154,Невидимый
16155,Контролёр
16156,Контролёр
16157,Делегирующий
16158,Невидимый
16159,Соучастник
16160,Невидимый
16161,Невидимый
16162,Контролёр
16163,Контролёр
16164,Соучастник
16165,Делегирующий
16166,Контролёр
16167,Невидимый
16168,Невидимый
16169,Невидимый
16170,Невидимый
16171,Делегирующий
16172,Невидимый
16173,Невидимый
16174,Делегирующий
16175,Контролёр
16176,Соучастник
16177,Соучастник
16178,Делегирующий
16179,Делегирующий
16180,Контролёр
16181,Соучастник
16182,Контролёр
16183,Контролёр
16184,Делегирующий
16185,Соучастник
16186,Контролёр
16187,Контролёр
16188,Соучастник
16189,Контролёр
16190,Соучастник
16191,Невидимый
16192,Невидимый
16193,Делегирующий
16194,Невидимый
16195,Соучастник
16196,Соучастник
16197,Соучастник
16198,Соучастник
16199,Соучастник
16200,Делегирующий
16201,Контролёр
16202,Соучастник
16203,Контролёр
16204,Контролёр
16205,Соучастник
16206,Невидимый
16207,Невидимый
16208,Делегирующий
16209,Невидимый
16210,Делегирующий
16211,Контролёр
16212,Делегирующий
16213,Делегирующий
16214,Контролёр
16215,Невидимый
16216,Контролёр
16217,Контролёр
16218,Соучастник
16219,Контролёр
16220,Контролёр
16221,Делегирующий
16222,Невидимый
16223,Невидимый
16224,Невидимый
16225,Невидимый
16226,Контролёр
16227,Контролёр
16228,Делегирующий
16229,Контролёр
16230,Делегирующий
16231,Делегирующий
16232,Невидимый
16233,Невидимый
16234,Контролёр
16235,Контролёр
16236,Соучастник
16237,Контролёр
16238,Контролёр
16239,Делегирующий
16240,Делегирующий
16241,Контролёр
16242,Делегирующий
16243,Контролёр
16244,Контролёр
16245,Контролёр
16246,Контролёр
16247,Соучастник
16248,Делегирующий
16249,Невидимый
16250,Делегирующий
16251,Невидимый
16252,Делегирующий
16253,Контролёр
16254,Делегирующий
16255,Контролёр
16256,Контролёр
16257,Делегирующий
16258,Контролёр
16259,Невидимый
16260,Контролёр
16261,Невидимый
16262,Контролёр
16263,Контролёр
16264,Невидимый
16265,Невидимый
16266,Контролёр
16267,Контролёр
16268,Контролёр
16269,Невидимый
16270,Соучастник
16271,Делегирующий
16272,Невидимый
16273,Соучастник
16274,Соучастник
16275,Контролёр
16276,Контролёр
16277,Делегирующий
16278,Невидимый
16279,Невидимый
16280,Контролёр
16281,Невидимый
16282,Контролёр
16283,Невидимый
16284,Невидимый
16285,Контролёр
16286,Контролёр
16287,Контролёр
16288,Делегирующий
16289,Делегирующий
16290,Невидимый
16291,Делегирующий
16292,Делегирующий
16293,Контролёр
16294,Контролёр
16295,Контролёр
16296,Контролёр
16297,Контролёр
16298,Делегирующий
16299,Контролёр
16300,Невидимый
16301,Делегирующий
16302,Контролёр
16303,Делегирующий
16304,Делегирующий
16305,Делегирующий
16306,Невидимый
16307,Невидимый
16308,Делегирующий
16309,Соучастник
16310,Невидимый
16311,Невидимый
16312,Делегирующий
16313,Делегирующий
16314,Соучастник
16315,Соучастник
16316,Невидимый
16317,Невидимый
16318,Невидимый
16319,Невидимый
16320,Делегирующий
16321,Соучастник
16322,Контролёр
16323,Контролёр
16324,Невидимый
16325,Контролёр
16326,Невидимый
16327,Невидимый
16328,Соучастник
16329,Невидимый
16330,Контролёр
16331,Невидимый
16332,Контролёр
16333,Контролёр
16334,Соучастник
16335,Контролёр
16336,Соучастник
16337,Контролёр
16338,Контролёр
16339,Контролёр
16340,Контролёр
16341,Делегирующий
16342,Невидимый
16343,Контролёр
16344,Контролёр
16345,Делегирующий
16346,Невидимый
16347,Делегирующий
16348,Делегирующий
16349,Делегирующий
16350,Контролёр
16351,Делегирующий
16352,Контролёр
16353,Контролёр
16354,Контролёр
16355,Контролёр
16356,Соучастник
16357,Невидимый
16358,Делегирующий
16359,Невидимый
16360,Невидимый
16361,Невидимый
16362,Контролёр
16363,Контролёр
16364,Контролёр
16365,Соучастник
16366,Невидимый
16367,Делегирующий
16368,Контролёр
16369,Контролёр
16370,Невидимый
16371,Контролёр
16372,Контролёр
16373,Контролёр
16374,Контролёр
16375,Невидимый
16376,Делегирующий
16377,Делегирующий
16378,Соучастник
16379,Невидимый
16380,Делегирующий
16381,Невидимый
16382,Невидимый
16383,Контролёр
16384,Невидимый
16385,Контролёр
16386,Контролёр
16387,Делегирующий
16388,Контролёр
16389,Делегирующий
16390,Невидимый
16391,Соучастник
16392,Соучастник
16393,Соучастник
16394,Невидимый
16395,Делегирующий
16396,Контролёр
16397,Невидимый
16398,Делегирующий
16399,Контролёр
16400,Контролёр
16401,Контролёр
16402,Контролёр
16403,Контролёр
16404,Невидимый
16405,Делегирующий
16406,Соучастник
16407,Соучастник
16408,Делегирующий
16409,Невидимый
16410,Контролёр
16411,Контролёр
16412,Соучастник
16413,Невидимый
16414,Контролёр
16415,Невидимый
16416,Контролёр
16417,Соучастник
16418,Делегирующий
16419,Соучастник
16420,Контролёр
16421,Контролёр
16422,Невидимый
16423,Контролёр
16424,Соучастник
16425,Невидимый
16426,Контролёр
16427,Делегирующий
16428,Контролёр
16429,Контролёр
16430,Контролёр
16431,Контролёр
16432,Контролёр
16433,Делегирующий
16434,Невидимый
16435,Контролёр
16436,Делегирующий
16437,Невидимый
16438,Контролёр
16439,Контролёр
16440,Соучастник
16441,Соучастник
16442,Делегирующий
16443,Соучастник
16444,Соучастник
16445,Делегирующий
16446,Контролёр
16447,Соучастник
16448,Невидимый
16449,Контролёр
16450,Контролёр
16451,Соучастник
16452,Делегирующий
16453,Соучастник
16454,Делегирующий
16455,Невидимый
16456,Делегирующий
16457,Контролёр
16458,Контролёр
16459,Контролёр
16460,Делегирующий
16461,Контролёр
16462,Невидимый
16463,Соучастник
16464,Соучастник
16465,Невидимый
16466,Контролёр
16467,Делегирующий
16468,Соучастник
16469,Невидимый
16470,Контролёр
16471,Соучастник
16472,Соучастник
16473,Контролёр
16474,Контролёр
16475,Соучастник
16476,Соучастник
16477,Соучастник
16478,Контролёр
16479,Невидимый
16480,Делегирующий
16481,Соучастник
16482,Невидимый
16483,Делегирующий
16484,Соучастник
16485,Делегирующий
16486,Делегирующий
16487,Контролёр
16488,Невидимый
16489,Соучастник
16490,Невидимый
16491,Контролёр
16492,Контролёр
16493,Контролёр
16494,Соучастник
16495,Невидимый
16496,Контролёр
16497,Невидимый
16498,Невидимый
16499,Соучастник
16500,Контролёр
16501,Соучастник
16502,Невидимый
16503,Невидимый
16504,Контролёр
16505,Невидимый
16506,Контролёр
16507,Контролёр
16508,Соучастник
16509,Контролёр
16510,Делегирующий
16511,Делегирующий
16512,Контролёр
16513,Невидимый
16514,Контролёр
16515,Контролёр
16516,Контролёр
16517,Контролёр
16518,Делегирующий
16519,Контролёр
16520,Невидимый
16521,Соучастник
16522,Контролёр
16523,Контролёр
16524,Невидимый
16525,Контролёр
16526,Контролёр
16527,Соучастник
16528,Невидимый
16529,Делегирующий
16530,Контролёр
16531,Контролёр
16532,Невидимый
16533,Контролёр
16534,Контролёр
16535,Делегирующий
16536,Контролёр
16537,Невидимый
16538,Контролёр
16539,Делегирующий
16540,Делегирующий
16541,Контролёр
16542,Контролёр
16543,Соучастник
16544,Соучастник
16545,Контролёр
16546,Делегирующий
16547,Контролёр
16548,Делегирующий
16549,Соучастник
16550,Невидимый
16551,Соучастник
16552,Невидимый
16553,Невидимый
16554,Контролёр
16555,Контролёр
16556,Соучастник
16557,Делегирующий
16558,Контролёр
16559,Соучастник
16560,Контролёр
16561,Контролёр
16562,Соучастник
16563,Контролёр
16564,Делегирующий
16565,Контролёр
16566,Невидимый
16567,Контролёр
16568,Невидимый
16569,Контролёр
16570,Делегирующий
16571,Контролёр
16572,Делегирующий
16573,Невидимый
16574,Контролёр
16575,Контролёр
16576,Невидимый
16577,Контролёр
16578,Делегирующий
16579,Делегирующий
16580,Делегирующий
16581,Соучастник
16582,Контролёр
16583,Контролёр
16584,Соучастник
16585,Соучастник
16586,Делегирующий
16587,Невидимый
16588,Делегирующий
16589,Делегирующий
16590,Соучастник
16591,Невидимый
16592,Контролёр
16593,Контролёр
16594,Делегирующий
16595,Невидимый
16596,Соучастник
16597,Контролёр
16598,Делегирующий
16599,Соучастник
16600,Контролёр
16601,Контролёр
16602,Соучастник
16603,Контролёр
16604,Контролёр
16605,Контролёр
16606,Делегирующий
16607,Невидимый
16608,Соучастник
16609,Делегирующий
16610,Контролёр
16611,Контролёр
16612,Делегирующий
16613,Контролёр
16614,Соучастник
16615,Контролёр
16616,Невидимый
16617,Контролёр
16618,Соучастник
16619,Соучастник
16620,Делегирующий
16621,Контролёр
16622,Контролёр
16623,Невидимый
16624,Невидимый
16625,Делегирующий
16626,Контролёр
16627,Соучастник
16628,Делегирующий
16629,Контролёр
16630,Делегирующий
16631,Соучастник
16632,Невидимый
16633,Контролёр
16634,Контролёр
16635,Невидимый
16636,Соучастник
16637,Невидимый
16638,Невидимый
16639,Невидимый
16640,Соучастник
16641,Контролёр
16642,Делегирующий
16643,Контролёр
16644,Невидимый
16645,Контролёр
16646,Невидимый
16647,Контролёр
16648,Контролёр
16649,Делегирующий
16650,Контролёр
16651,Контролёр
16652,Делегирующий
16653,Соучастник
16654,Невидимый
16655,Делегирующий
16656,Контролёр
16657,Соучастник
16658,Контролёр
16659,Соучастник
16660,Контролёр
16661,Делегирующий
16662,Невидимый
16663,Контролёр
16664,Невидимый
16665,Контролёр
16666,Контролёр
16667,Соучастник
16668,Невидимый
16669,Невидимый
16670,Контролёр
16671,Соучастник
16672,Невидимый
16673,Невидимый
16674,Невидимый
16675,Невидимый
16676,Соучастник
16677,Контролёр
16678,Контролёр
16679,Невидимый
16680,Делегирующий
16681,Соучастник
16682,Невидимый
16683,Контролёр
16684,Делегирующий
16685,Контролёр
16686,Контролёр
16687,Невидимый
16688,Контролёр
16689,Контролёр
16690,Контролёр
16691,Невидимый
16692,Контролёр
16693,Невидимый
16694,Контролёр
16695,Контролёр
16696,Контролёр
16697,Невидимый
16698,Контролёр
16699,Контролёр
16700,Делегирующий
16701,Соучастник
16702,Контролёр
16703,Невидимый
16704,Невидимый
16705,Контролёр
16706,Контролёр
16707,Соучастник
16708,Невидимый
16709,Соучастник
16710,Контролёр
16711,Делегирующий
16712,Невидимый
16713,Контролёр
16714,Соучастник
16715,Соучастник
16716,Соучастник
16717,Делегирующий
16718,Невидимый
16719,Невидимый
16720,Соучастник
16721,Контролёр
16722,Контролёр
16723,Соучастник
16724,Невидимый
16725,Контролёр
16726,Делегирующий
16727,Контролёр
16728,Соучастник
16729,Делегирующий
16730,Контролёр
16731,Делегирующий
16732,Соучастник
16733,Соучастник
16734,Соучастник
16735,Делегирующий
16736,Контролёр
16737,Контролёр
16738,Контролёр
16739,Невидимый
16740,Соучастник
16741,Соучастник
16742,Невидимый
16743,Невидимый
16744,Невидимый
16745,Соучастник
16746,Невидимый
16747,Контролёр
16748,Невидимый
16749,Контролёр
16750,Контролёр
16751,Контролёр
16752,Невидимый
16753,Контролёр
16754,Контролёр
16755,Соучастник
16756,Делегирующий
16757,Невидимый
16758,Соучастник
16759,Невидимый
16760,Делегирующий
16761,Контролёр
16762,Контролёр
16763,Соучастник
16764,Делегирующий
16765,Делегирующий
16766,Делегирующий
16767,Соучастник
16768,Невидимый
16769,Делегирующий
16770,Невидимый
16771,Невидимый
16772,Контролёр
16773,Контролёр
16774,Контролёр
16775,Делегирующий
16776,Контролёр
16777,Делегирующий
16778,Контролёр
16779,Соучастник
16780,Невидимый
16781,Невидимый
16782,Невидимый
16783,Контролёр
16784,Контролёр
16785,Контролёр
16786,Контролёр
16787,Невидимый
16788,Делегирующий
16789,Невидимый
16790,Делегирующий
16791,Контролёр
16792,Контролёр
16793,Контролёр
16794,Невидимый
16795,Невидимый
16796,Контролёр
16797,Соучастник
16798,Невидимый
16799,Контролёр
16800,Невидимый
16801,Контролёр
16802,Невидимый
16803,Контролёр
16804,Невидимый
16805,Соучастник
16806,Делегирующий
16807,Невидимый
16808,Соучастник
16809,Соучастник
16810,Контролёр
16811,Делегирующий
16812,Невидимый
16813,Соучастник
16814,Соучастник
16815,Контролёр
16816,Невидимый
16817,Контролёр
16818,Делегирующий
16819,Контролёр
16820,Невидимый
16821,Невидимый
16822,Контролёр
16823,Контролёр
16824,Контролёр
16825,Контролёр
16826,Невидимый
16827,Невидимый
16828,Контролёр
16829,Делегирующий
16830,Невидимый
16831,Контролёр
16832,Контролёр
16833,Делегирующий
16834,Контролёр
16835,Соучастник
16836,Невидимый
16837,Невидимый
16838,Делегирующий
16839,Контролёр
16840,Невидимый
16841,Соучастник
16842,Контролёр
16843,Невидимый
16844,Невидимый
16845,Делегирующий
16846,Соучастник
16847,Делегирующий
16848,Контролёр
16849,Контролёр
16850,Соучастник
16851,Контролёр
16852,Соучастник
16853,Соучастник
16854,Невидимый
16855,Делегирующий
16856,Контролёр
16857,Соучастник
16858,Невидимый
16859,Контролёр
16860,Невидимый
16861,Контролёр
16862,Невидимый
16863,Контролёр
16864,Контролёр
16865,Соучастник
16866,Невидимый
16867,Невидимый
16868,Контролёр
16869,Контролёр
16870,Соучастник
16871,Соучастник
16872,Невидимый
16873,Контролёр
16874,Контролёр
16875,Соучастник
16876,Невидимый
16877,Контролёр
16878,Невидимый
16879,Контролёр
16880,Делегирующий
16881,Невидимый
16882,Контролёр
16883,Невидимый
16884,Соучастник
16885,Соучастник
16886,Соучастник
16887,Контролёр
16888,Невидимый
16889,Контролёр
16890,Контролёр
16891,Соучастник
16892,Соучастник
16893,Невидимый
16894,Соучастник
16895,Соучастник
16896,Невидимый
16897,Контролёр
16898,Невидимый
16899,Контролёр
16900,Соучастник
16901,Невидимый
16902,Невидимый
16903,Контролёр
16904,Контролёр
16905,Делегирующий
16906,Делегирующий
16907,Делегирующий
16908,Невидимый
16909,Соучастник
16910,Соучастник
16911,Контролёр
16912,Невидимый
16913,Контролёр
16914,Контролёр
16915,Контролёр
16916,Контролёр
16917,Контролёр
16918,Контролёр
16919,Делегирующий
16920,Делегирующий
16921,Контролёр
16922,Делегирующий
16923,Контролёр
16924,Соучастник
16925,Контролёр
16926,Невидимый
16927,Делегирующий
16928,Соучастник
16929,Невидимый
16930,Соучастник
16931,Соучастник
16932,Контролёр
16933,Контролёр
16934,Делегирующий
16935,Невидимый
16936,Контролёр
16937,Делегирующий
16938,Контролёр
16939,Невидимый
16940,Соучастник
16941,Контролёр
16942,Контролёр
16943,Контролёр
16944,Невидимый
16945,Соучастник
16946,Делегирующий
16947,Невидимый
16948,Делегирующий
16949,Невидимый
16950,Делегирующий
16951,Невидимый
16952,Соучастник
16953,Невидимый
16954,Делегирующий
16955,Контролёр
16956,Делегирующий
16957,Контролёр
16958,Делегирующий
16959,Контролёр
16960,Соучастник
16961,Невидимый
16962,Невидимый
16963,Контролёр
16964,Делегирующий
16965,Контролёр
16966,Контролёр
16967,Контролёр
16968,Контролёр
16969,Контролёр
16970,Контролёр
16971,Контролёр
16972,Невидимый
16973,Контролёр
16974,Невидимый
16975,Контролёр
16976,Контролёр
16977,Контролёр
16978,Контролёр
16979,Невидимый
16980,Невидимый
16981,Делегирующий
16982,Невидимый
16983,Делегирующий
16984,Контролёр
16985,Невидимый
16986,Контролёр
16987,Делегирующий
16988,Невидимый
16989,Соучастник
16990,Делегирующий
16991,Делегирующий
16992,Контролёр
16993,Контролёр
16994,Контролёр
16995,Контролёр
16996,Делегирующий
16997,Контролёр
16998,Контролёр
16999,Невидимый
17000,Соучастник
17001,Контролёр
17002,Контролёр
17003,Соучастник
17004,Делегирующий
17005,Делегирующий
17006,Контролёр
17007,Контролёр
17008,Контролёр
17009,Невидимый
17010,Контролёр
17011,Соучастник
17012,Контролёр
17013,Контролёр
17014,Контролёр
17015,Контролёр
17016,Контролёр
17017,Контролёр
17018,Делегирующий
17019,Невидимый
17020,Контролёр
17021,Контролёр
17022,Контролёр
17023,Контролёр
17024,Невидимый
17025,Невидимый
17026,Контролёр
17027,Контролёр
17028,Контролёр
17029,Невидимый
17030,Делегирующий
17031,Контролёр
17032,Делегирующий
17033,Невидимый
17034,Невидимый
17035,Контролёр
17036,Соучастник
17037,Невидимый
17038,Делегирующий
17039,Контролёр
17040,Невидимый
17041,Контролёр
17042,Контролёр
17043,Невидимый
17044,Невидимый
17045,Невидимый
17046,Невидимый
17047,Делегирующий
17048,Контролёр
17049,Соучастник
17050,Контролёр
17051,Невидимый
17052,Делегирующий
17053,Делегирующий
17054,Контролёр
17055,Невидимый
17056,Невидимый
17057,Невидимый
17058,Делегирующий
17059,Невидимый
17060,Контролёр
17061,Контролёр
17062,Контролёр
17063,Невидимый
17064,Невидимый
17065,Невидимый
17066,Соучастник
17067,Контролёр
17068,Делегирующий
17069,Контролёр
17070,Делегирующий
17071,Делегирующий
17072,Соучастник
17073,Делегирующий
17074,Соучастник
17075,Контролёр
17076,Невидимый
17077,Контролёр
17078,Невидимый
17079,Контролёр
17080,Соучастник
17081,Невидимый
17082,Соучастник
17083,Делегирующий
17084,Контролёр
17085,Контролёр
17086,Делегирующий
17087,Невидимый
17088,Контролёр
17089,Контролёр
17090,Невидимый
17091,Соучастник
17092,Контролёр
17093,Соучастник
17094,Соучастник
17095,Невидимый
17096,Делегирующий
17097,Контролёр
17098,Невидимый
17099,Делегирующий
17100,Контролёр
17101,Контролёр
17102,Соучастник
17103,Невидимый
17104,Контролёр
17105,Контролёр
17106,Делегирующий
17107,Контролёр
17108,Контролёр
17109,Контролёр
17110,Соучастник
17111,Соучастник
17112,Контролёр
17113,Невидимый
17114,Делегирующий
17115,Невидимый
17116,Делегирующий
17117,Невидимый
17118,Невидимый
17119,Невидимый
17120,Контролёр
17121,Невидимый
17122,Контролёр
17123,Контролёр
17124,Невидимый
17125,Невидимый
17126,Невидимый
17127,Делегирующий
17128,Контролёр
17129,Делегирующий
17130,Контролёр
17131,Контролёр
17132,Невидимый
17133,Невидимый
17134,Контролёр
17135,Контролёр
17136,Невидимый
17137,Контролёр
17138,Делегирующий
17139,Контролёр
17140,Делегирующий
17141,Контролёр
17142,Невидимый
17143,Делегирующий
17144,Невидимый
17145,Контролёр
17146,Контролёр
17147,Контролёр
17148,Делегирующий
17149,Контролёр
17150,Соучастник
17151,Контролёр
17152,Контролёр
17153,Контролёр
17154,Соучастник
17155,Контролёр
17156,Делегирующий
17157,Невидимый
17158,Невидимый
17159,Невидимый
17160,Контролёр
17161,Контролёр
17162,Делегирующий
17163,Невидимый
17164,Контролёр
17165,Невидимый
17166,Невидимый
17167,Невидимый
17168,Делегирующий
17169,Контролёр
17170,Контролёр
17171,Невидимый
17172,Делегирующий
17173,Контролёр
17174,Делегирующий
17175,Контролёр
17176,Контролёр
17177,Невидимый
17178,Невидимый
17179,Невидимый
17180,Невидимый
17181,Контролёр
17182,Делегирующий
17183,Делегирующий
17184,Невидимый
17185,Соучастник
17186,Контролёр
17187,Контролёр
17188,Делегирующий
17189,Невидимый
17190,Контролёр
17191,Контролёр
17192,Соучастник
17193,Соучастник
17194,Соучастник
17195,Делегирующий
17196,Контролёр
17197,Делегирующий
17198,Невидимый
17199,Контролёр
17200,Контролёр
17201,Соучастник
17202,Контролёр
17203,Соучастник
17204,Невидимый
17205,Делегирующий
17206,Контролёр
17207,Делегирующий
17208,Контролёр
17209,Контролёр
17210,Делегирующий
17211,Невидимый
17212,Делегирующий
17213,Контролёр
17214,Невидимый
17215,Контролёр
17216,Невидимый
17217,Соучастник
17218,Делегирующий
17219,Невидимый
17220,Контролёр
17221,Невидимый
17222,Невидимый
17223,Невидимый
17224,Контролёр
17225,Контролёр
17226,Невидимый
17227,Контролёр
17228,Невидимый
17229,Невидимый
17230,Контролёр
17231,Контролёр
17232,Контролёр
17233,Невидимый
17234,Контролёр
17235,Соучастник
17236,Невидимый
17237,Контролёр
17238,Контролёр
17239,Невидимый
17240,Невидимый
17241,Делегирующий
17242,Контролёр
17243,Невидимый
17244,Невидимый
17245,Контролёр
17246,Невидимый
17247,Контролёр
17248,Контролёр
17249,Контролёр
17250,Контролёр
17251,Делегирующий
17252,Контролёр
17253,Делегирующий
17254,Делегирующий
17255,Невидимый
17256,Контролёр
17257,Контролёр
17258,Делегирующий
17259,Невидимый
17260,Невидимый
17261,Делегирующий
17262,Контролёр
17263,Соучастник
17264,Невидимый
17265,Контролёр
17266,Контролёр
17267,Невидимый
17268,Невидимый
17269,Делегирующий
17270,Контролёр
17271,Невидимый
17272,Соучастник
17273,Невидимый
17274,Контролёр
17275,Невидимый
17276,Контролёр
17277,Соучастник
17278,Делегирующий
17279,Делегирующий
17280,Делегирующий
17281,Контролёр
17282,Невидимый
17283,Невидимый
17284,Делегирующий
17285,Контролёр
17286,Контролёр
17287,Контролёр
17288,Невидимый
17289,Делегирующий
17290,Контролёр
17291,Соучастник
17292,Делегирующий
17293,Невидимый
17294,Контролёр
17295,Делегирующий
17296,Невидимый
17297,Контролёр
17298,Контролёр
17299,Делегирующий
17300,Соучастник
17301,Невидимый
17302,Контролёр
17303,Делегирующий
17304,Соучастник
17305,Невидимый
17306,Соучастник
17307,Контролёр
17308,Контролёр
17309,Делегирующий
17310,Делегирующий
17311,Невидимый
17312,Соучастник
17313,Делегирующий
17314,Невидимый
17315,Контролёр
17316,Контролёр
17317,Невидимый
17318,Делегирующий
17319,Невидимый
17320,Контролёр
17321,Контролёр
17322,Делегирующий
17323,Невидимый
17324,Невидимый
17325,Делегирующий
17326,Невидимый
17327,Невидимый
17328,Контролёр
17329,Соучастник
17330,Контролёр
17331,Соучастник
17332,Контролёр
17333,Контролёр
17334,Невидимый
17335,Контролёр
17336,Делегирующий
17337,Делегирующий
17338,Невидимый
17339,Невидимый
17340,Контролёр
17341,Невидимый
17342,Соучастник
17343,Контролёр
17344,Делегирующий
17345,Контролёр
17346,Невидимый
17347,Контролёр
17348,Делегирующий
17349,Контролёр
17350,Невидимый
17351,Соучастник
17352,Невидимый
17353,Соучастник
17354,Делегирующий
17355,Контролёр
17356,Невидимый
17357,Контролёр
17358,Контролёр
17359,Делегирующий
17360,Контролёр
17361,Контролёр
17362,Соучастник
17363,Контролёр
17364,Невидимый
17365,Делегирующий
17366,Делегирующий
17367,Соучастник
17368,Делегирующий
17369,Контролёр
17370,Соучастник
17371,Контролёр
17372,Невидимый
17373,Невидимый
17374,Соучастник
17375,Делегирующий
17376,Невидимый
17377,Соучастник
17378,Контролёр
17379,Невидимый
17380,Невидимый
17381,Контролёр
17382,Невидимый
17383,Соучастник
17384,Невидимый
17385,Соучастник
17386,Невидимый
17387,Соучастник
17388,Делегирующий
17389,Невидимый
17390,Контролёр
17391,Невидимый
17392,Соучастник
17393,Невидимый
17394,Контролёр
17395,Делегирующий
17396,Невидимый
17397,Соучастник
17398,Делегирующий
17399,Невидимый
17400,Невидимый
17401,Делегирующий
17402,Контролёр
17403,Контролёр
17404,Соучастник
17405,Контролёр
17406,Соучастник
17407,Невидимый
17408,Делегирующий
17409,Невидимый
17410,Невидимый
17411,Соучастник
17412,Контролёр
17413,Контролёр
17414,Невидимый
17415,Контролёр
17416,Делегирующий
17417,Контролёр
17418,Контролёр
17419,Невидимый
17420,Контролёр
17421,Невидимый
17422,Невидимый
17423,Делегирующий
17424,Контролёр
17425,Делегирующий
17426,Соучастник
17427,Контролёр
17428,Контролёр
17429,Невидимый
17430,Невидимый
17431,Контролёр
17432,Невидимый
17433,Невидимый
17434,Соучастник
17435,Контролёр
17436,Делегирующий
17437,Соучастник
17438,Контролёр
17439,Соучастник
17440,Невидимый
17441,Соучастник
17442,Контролёр
17443,Невидимый
17444,Контролёр
17445,Контролёр
17446,Делегирующий
17447,Невидимый
17448,Делегирующий
17449,Контролёр
17450,Невидимый
17451,Соучастник
17452,Делегирующий
17453,Соучастник
17454,Контролёр
17455,Контролёр
17456,Делегирующий
17457,Соучастник
17458,Контролёр
17459,Делегирующий
17460,Контролёр
17461,Соучастник
17462,Контролёр
17463,Контролёр
17464,Делегирующий
17465,Соучастник
17466,Делегирующий
17467,Соучастник
17468,Невидимый
17469,Контролёр
17470,Невидимый
17471,Делегирующий
17472,Контролёр
17473,Невидимый
17474,Контролёр
17475,Контролёр
17476,Невидимый
17477,Контролёр
17478,Контролёр
17479,Контролёр
17480,Контролёр
17481,Невидимый
17482,Соучастник
17483,Невидимый
17484,Контролёр
17485,Невидимый
17486,Контролёр
17487,Делегирующий
17488,Контролёр
17489,Контролёр
17490,Соучастник
17491,Делегирующий
17492,Контролёр
17493,Соучастник
17494,Контролёр
17495,Невидимый
17496,Контролёр
17497,Контролёр
17498,Соучастник
17499,Невидимый
17500,Невидимый
17501,Невидимый
17502,Делегирующий
17503,Делегирующий
17504,Контролёр
17505,Контролёр
17506,Невидимый
17507,Контролёр
17508,Соучастник
17509,Делегирующий
17510,Делегирующий
17511,Делегирующий
17512,Соучастник
17513,Невидимый
17514,Делегирующий
17515,Делегирующий
17516,Контролёр
17517,Невидимый
17518,Контролёр
17519,Невидимый
17520,Невидимый
17521,Соучастник
17522,Контролёр
17523,Контролёр
17524,Контролёр
17525,Контролёр
17526,Контролёр
17527,Соучастник
17528,Невидимый
17529,Соучастник
17530,Контролёр
17531,Соучастник
17532,Невидимый
17533,Соучастник
17534,Контролёр
17535,Соучастник
17536,Невидимый
17537,Невидимый
17538,Соучастник
17539,Соучастник
17540,Делегирующий
17541,Контролёр
17542,Контролёр
17543,Контролёр
17544,Соучастник
17545,Контролёр
17546,Делегирующий
17547,Делегирующий
17548,Делегирующий
17549,Контролёр
17550,Контролёр
17551,Соучастник
17552,Контролёр
17553,Делегирующий
17554,Контролёр
17555,Соучастник
17556,Невидимый
17557,Невидимый
17558,Контролёр
17559,Невидимый
17560,Невидимый
17561,Контролёр
17562,Невидимый
17563,Контролёр
17564,Делегирующий
17565,Контролёр
17566,Контролёр
17567,Соучастник
17568,Контролёр
17569,Соучастник
17570,Невидимый
17571,Невидимый
17572,Делегирующий
17573,Контролёр
17574,Соучастник
17575,Контролёр
17576,Невидимый
17577,Невидимый
17578,Делегирующий
17579,Невидимый
17580,Контролёр
17581,Невидимый
17582,Контролёр
17583,Невидимый
17584,Невидимый
17585,Контролёр
17586,Невидимый
17587,Делегирующий
17588,Невидимый
17589,Соучастник
17590,Контролёр
17591,Невидимый
17592,Контролёр
17593,Соучастник
17594,Делегирующий
17595,Делегирующий
17596,Делегирующий
17597,Невидимый
17598,Делегирующий
17599,Соучастник
17600,Контролёр
17601,Делегирующий
17602,Невидимый
17603,Невидимый
17604,Невидимый
17605,Невидимый
17606,Делегирующий
17607,Делегирующий
17608,Невидимый
17609,Невидимый
17610,Контролёр
17611,Невидимый
17612,Соучастник
17613,Соучастник
17614,Контролёр
17615,Контролёр
17616,Контролёр
17617,Невидимый
17618,Делегирующий
17619,Делегирующий
17620,Делегирующий
17621,Контролёр
17622,Контролёр
17623,Невидимый
17624,Контролёр
17625,Делегирующий
17626,Невидимый
17627,Невидимый
17628,Невидимый
17629,Соучастник
17630,Делегирующий
17631,Контролёр
17632,Соучастник
17633,Невидимый
17634,Контролёр
17635,Соучастник
17636,Контролёр
17637,Контролёр
17638,Контролёр
17639,Невидимый
17640,Невидимый
17641,Невидимый
17642,Контролёр
17643,Делегирующий
17644,Делегирующий
17645,Соучастник
17646,Контролёр
17647,Контролёр
17648,Контролёр
17649,Невидимый
17650,Невидимый
17651,Соучастник
17652,Невидимый
17653,Контролёр
17654,Невидимый
17655,Контролёр
17656,Соучастник
17657,Невидимый
17658,Контролёр
17659,Контролёр
17660,Контролёр
17661,Контролёр
17662,Контролёр
17663,Контролёр
17664,Невидимый
17665,Невидимый
17666,Делегирующий
17667,Делегирующий
17668,Делегирующий
17669,Невидимый
17670,Контролёр
17671,Контролёр
17672,Контролёр
17673,Контролёр
17674,Делегирующий
17675,Невидимый
17676,Контролёр
17677,Соучастник
17678,Соучастник
17679,Невидимый
17680,Невидимый
17681,Соучастник
17682,Контролёр
17683,Соучастник
17684,Контролёр
17685,Невидимый
17686,Соучастник
17687,Делегирующий
17688,Делегирующий
17689,Контролёр
17690,Контролёр
17691,Невидимый
17692,Контролёр
17693,Невидимый
17694,Невидимый
17695,Контролёр
17696,Соучастник
17697,Контролёр
17698,Соучастник
17699,Делегирующий
17700,Невидимый
17701,Контролёр
17702,Контролёр
17703,Делегирующий
17704,Контролёр
17705,Делегирующий
17706,Делегирующий
17707,Делегирующий
17708,Контролёр
17709,Контролёр
17710,Невидимый
17711,Соучастник
17712,Контролёр
17713,Невидимый
17714,Невидимый
17715,Соучастник
17716,Невидимый
17717,Контролёр
17718,Контролёр
17719,Невидимый
17720,Делегирующий
17721,Контролёр
17722,Контролёр
17723,Делегирующий
17724,Контролёр
17725,Невидимый
17726,Соучастник
17727,Контролёр
17728,Невидимый
17729,Невидимый
17730,Невидимый
17731,Контролёр
17732,Соучастник
17733,Соучастник
17734,Невидимый
17735,Соучастник
17736,Невидимый
17737,Невидимый
17738,Невидимый
17739,Контролёр
17740,Контролёр
17741,Соучастник
17742,Невидимый
17743,Невидимый
17744,Контролёр
17745,Контролёр
17746,Делегирующий
17747,Контролёр
17748,Делегирующий
17749,Контролёр
17750,Соучастник
17751,Делегирующий
17752,Невидимый
17753,Невидимый
17754,Соучастник
17755,Контролёр
17756,Контролёр
17757,Контролёр
17758,Невидимый
17759,Делегирующий
17760,Контролёр
17761,Контролёр
17762,Контролёр
17763,Соучастник
17764,Контролёр
17765,Невидимый
17766,Контролёр
17767,Соучастник
17768,Соучастник
17769,Невидимый
17770,Делегирующий
17771,Делегирующий
17772,Контролёр
17773,Невидимый
17774,Контролёр
17775,Контролёр
17776,Контролёр
17777,Соучастник
17778,Контролёр
17779,Контролёр
17780,Невидимый
17781,Контролёр
17782,Невидимый
17783,Контролёр
17784,Невидимый
17785,Делегирующий
17786,Контролёр
17787,Соучастник
17788,Невидимый
17789,Невидимый
17790,Контролёр
17791,Соучастник
17792,Невидимый
17793,Делегирующий
17794,Делегирующий
17795,Контролёр
17796,Невидимый
17797,Невидимый
17798,Контролёр
17799,Делегирующий
17800,Делегирующий
17801,Делегирующий
17802,Контролёр
17803,Контролёр
17804,Контролёр
17805,Невидимый
17806,Контролёр
17807,Контролёр
17808,Контролёр
17809,Контролёр
17810,Невидимый
17811,Делегирующий
17812,Невидимый
17813,Контролёр
17814,Контролёр
17815,Контролёр
17816,Делегирующий
17817,Контролёр
17818,Контролёр
17819,Невидимый
17820,Невидимый
17821,Контролёр
17822,Контролёр
17823,Невидимый
17824,Невидимый
17825,Невидимый
17826,Соучастник
17827,Делегирующий
17828,Контролёр
17829,Невидимый
17830,Контролёр
17831,Соучастник
17832,Невидимый
17833,Невидимый
17834,Соучастник
17835,Делегирующий
17836,Контролёр
17837,Невидимый
17838,Контролёр
17839,Делегирующий
17840,Соучастник
17841,Контролёр
17842,Контролёр
17843,Невидимый
17844,Невидимый
17845,Делегирующий
17846,Невидимый
17847,Контролёр
17848,Делегирующий
17849,Невидимый
17850,Невидимый
17851,Невидимый
17852,Делегирующий
17853,Невидимый
17854,Контролёр
17855,Делегирующий
17856,Контролёр
17857,Контролёр
17858,Делегирующий
17859,Соучастник
17860,Контролёр
17861,Невидимый
17862,Невидимый
17863,Контролёр
17864,Невидимый
17865,Невидимый
17866,Контролёр
17867,Контролёр
17868,Невидимый
17869,Контролёр
17870,Контролёр
17871,Соучастник
17872,Невидимый
17873,Контролёр
17874,Соучастник
17875,Делегирующий
17876,Невидимый
17877,Невидимый
17878,Невидимый
17879,Контролёр
17880,Невидимый
17881,Соучастник
17882,Невидимый
17883,Делегирующий
17884,Невидимый
17885,Делегирующий
17886,Делегирующий
17887,Невидимый
17888,Контролёр
17889,Контролёр
17890,Контролёр
17891,Невидимый
17892,Невидимый
17893,Невидимый
17894,Соучастник
17895,Соучастник
17896,Контролёр
17897,Невидимый
17898,Контролёр
17899,Невидимый
17900,Невидимый
17901,Контролёр
17902,Невидимый
17903,Контролёр
17904,Невидимый
17905,Соучастник
17906,Невидимый
17907,Контролёр
17908,Контролёр
17909,Контролёр
17910,Контролёр
17911,Невидимый
17912,Делегирующий
17913,Соучастник
17914,Невидимый
17915,Делегирующий
17916,Невидимый
17917,Соучастник
17918,Контролёр
17919,Соучастник
17920,Контролёр
17921,Делегирующий
17922,Невидимый
17923,Соучастник
17924,Делегирующий
17925,Контролёр
17926,Невидимый
17927,Контролёр
17928,Невидимый
17929,Невидимый
17930,Контролёр
17931,Контролёр
17932,Делегирующий
17933,Соучастник
17934,Контролёр
17935,Невидимый
17936,Невидимый
17937,Невидимый
17938,Контролёр
17939,Делегирующий
17940,Невидимый
17941,Соучастник
17942,Контролёр
17943,Невидимый
17944,Делегирующий
17945,Делегирующий
17946,Контролёр
17947,Контролёр
17948,Контролёр
17949,Невидимый
17950,Контролёр
17951,Соучастник
17952,Контролёр
17953,Контролёр
17954,Невидимый
17955,Делегирующий
17956,Соучастник
17957,Контролёр
17958,Делегирующий
17959,Делегирующий
17960,Контролёр
17961,Соучастник
17962,Делегирующий
17963,Контролёр
17964,Соучастник
17965,Делегирующий
17966,Невидимый
17967,Контролёр
17968,Контролёр
17969,Контролёр
17970,Контролёр
17971,Контролёр
17972,Контролёр
17973,Невидимый
17974,Контролёр
17975,Соучастник
17976,Контролёр
17977,Контролёр
17978,Контролёр
17979,Контролёр
17980,Контролёр
17981,Контролёр
17982,Невидимый
17983,Делегирующий
17984,Контролёр
17985,Контролёр
17986,Контролёр
17987,Невидимый
17988,Контролёр
17989,Контролёр
17990,Невидимый
17991,Невидимый
17992,Контролёр
17993,Контролёр
17994,Невидимый
17995,Контролёр
17996,Делегирующий
17997,Делегирующий
17998,Контролёр
17999,Делегирующий
18000,Невидимый
18001,Соучастник
18002,Контролёр
18003,Делегирующий
18004,Контролёр
18005,Невидимый
18006,Соучастник
18007,Соучастник
18008,Контролёр
18009,Контролёр
18010,Соучастник
18011,Невидимый
18012,Невидимый
18013,Контролёр
18014,Контролёр
18015,Соучастник
18016,Контролёр
18017,Делегирующий
18018,Контролёр
18019,Контролёр
18020,Контролёр
18021,Соучастник
18022,Соучастник
18023,Контролёр
18024,Делегирующий
18025,Невидимый
18026,Невидимый
18027,Невидимый
18028,Невидимый
18029,Контролёр
18030,Контролёр
18031,Делегирующий
18032,Контролёр
18033,Делегирующий
18034,Соучастник
18035,Невидимый
18036,Делегирующий
18037,Контролёр
18038,Соучастник
18039,Контролёр
18040,Делегирующий
18041,Контролёр
18042,Невидимый
18043,Невидимый
18044,Делегирующий
18045,Контролёр
18046,Невидимый
18047,Невидимый
18048,Контролёр
18049,Соучастник
18050,Невидимый
18051,Контролёр
18052,Невидимый
18053,Соучастник
18054,Соучастник
18055,Делегирующий
18056,Невидимый
18057,Невидимый
18058,Невидимый
18059,Делегирующий
18060,Контролёр
18061,Невидимый
18062,Невидимый
18063,Контролёр
18064,Делегирующий
18065,Соучастник
18066,Делегирующий
18067,Контролёр
18068,Делегирующий
18069,Соучастник
18070,Контролёр
18071,Контролёр
18072,Контролёр
18073,Контролёр
18074,Контролёр
18075,Делегирующий
18076,Невидимый
18077,Контролёр
18078,Невидимый
18079,Невидимый
18080,Контролёр
18081,Невидимый
18082,Невидимый
18083,Делегирующий
18084,Контролёр
18085,Невидимый
18086,Контролёр
18087,Невидимый
18088,Невидимый
18089,Делегирующий
18090,Невидимый
18091,Соучастник
18092,Соучастник
18093,Невидимый
18094,Контролёр
18095,Соучастник
18096,Невидимый
18097,Невидимый
18098,Невидимый
18099,Делегирующий
18100,Контролёр
18101,Невидимый
18102,Невидимый
18103,Делегирующий
18104,Контролёр
18105,Невидимый
18106,Соучастник
18107,Контролёр
18108,Делегирующий
18109,Контролёр
18110,Невидимый
18111,Контролёр
18112,Контролёр
18113,Контролёр
18114,Делегирующий
18115,Контролёр
18116,Контролёр
18117,Контролёр
18118,Соучастник
18119,Соучастник
18120,Соучастник
18121,Контролёр
18122,Невидимый
18123,Делегирующий
18124,Соучастник
18125,Невидимый
18126,Соучастник
18127,Невидимый
18128,Контролёр
18129,Невидимый
18130,Соучастник
18131,Контролёр
18132,Контролёр
18133,Контролёр
18134,Контролёр
18135,Соучастник
18136,Делегирующий
18137,Делегирующий
18138,Невидимый
18139,Соучастник
18140,Делегирующий
18141,Контролёр
18142,Делегирующий
18143,Контролёр
18144,Контролёр
18145,Контролёр
18146,Контролёр
18147,Контролёр
18148,Делегирующий
18149,Невидимый
18150,Невидимый
18151,Соучастник
18152,Контролёр
18153,Делегирующий
18154,Невидимый
18155,Контролёр
18156,Соучастник
18157,Делегирующий
18158,Контролёр
18159,Контролёр
18160,Делегирующий
18161,Контролёр
18162,Контролёр
18163,Контролёр
18164,Соучастник
18165,Делегирующий
18166,Контролёр
18167,Соучастник
18168,Делегирующий
18169,Контролёр
18170,Невидимый
18171,Контролёр
18172,Соучастник
18173,Контролёр
18174,Соучастник
18175,Невидимый
18176,Невидимый
18177,Делегирующий
18178,Невидимый
18179,Делегирующий
18180,Соучастник
18181,Соучастник
18182,Соучастник
18183,Делегирующий
18184,Невидимый
18185,Невидимый
18186,Невидимый
18187,Контролёр
18188,Контролёр
18189,Делегирующий
18190,Невидимый
18191,Невидимый
18192,Контролёр
18193,Контролёр
18194,Контролёр
18195,Контролёр
18196,Контролёр
18197,Невидимый
18198,Невидимый
18199,Контролёр
18200,Невидимый
18201,Невидимый
18202,Невидимый
18203,Делегирующий
18204,Делегирующий
18205,Контролёр
18206,Контролёр
18207,Невидимый
18208,Невидимый
18209,Контролёр
18210,Невидимый
18211,Невидимый
18212,Соучастник
18213,Контролёр
18214,Соучастник
18215,Невидимый
18216,Делегирующий
18217,Контролёр
18218,Контролёр
18219,Контролёр
18220,Соучастник
18221,Контролёр
18222,Контролёр
18223,Контролёр
18224,Контролёр
18225,Соучастник
18226,Контролёр
18227,Невидимый
18228,Соучастник
18229,Делегирующий
18230,Невидимый
18231,Контролёр
18232,Контролёр
18233,Невидимый
18234,Соучастник
18235,Соучастник
18236,Невидимый
18237,Делегирующий
18238,Контролёр
18239,Соучастник
18240,Соучастник
18241,Делегирующий
18242,Соучастник
18243,Контролёр
18244,Делегирующий
18245,Невидимый
18246,Соучастник
18247,Соучастник
18248,Невидимый
18249,Делегирующий
18250,Делегирующий
18251,Невидимый
18252,Невидимый
18253,Делегирующий
18254,Контролёр
18255,Невидимый
18256,Делегирующий
18257,Контролёр
18258,Невидимый
18259,Контролёр
18260,Невидимый
18261,Контролёр
18262,Контролёр
18263,Контролёр
18264,Контролёр
18265,Соучастник
18266,Контролёр
18267,Контролёр
18268,Контролёр
18269,Невидимый
18270,Контролёр
18271,Контролёр
18272,Невидимый
18273,Контролёр
18274,Контролёр
18275,Невидимый
18276,Невидимый
18277,Контролёр
18278,Делегирующий
18279,Невидимый
18280,Делегирующий
18281,Соучастник
18282,Делегирующий
18283,Невидимый
18284,Делегирующий
18285,Невидимый
18286,Соучастник
18287,Контролёр
18288,Невидимый
18289,Делегирующий
18290,Невидимый
18291,Невидимый
18292,Соучастник
18293,Контролёр
18294,Контролёр
18295,Делегирующий
18296,Контролёр
18297,Контролёр
18298,Делегирующий
18299,Делегирующий
18300,Контролёр
18301,Контролёр
18302,Делегирующий
18303,Контролёр
18304,Контролёр
18305,Контролёр
18306,Контролёр
18307,Делегирующий
18308,Невидимый
18309,Невидимый
18310,Соучастник
18311,Невидимый
18312,Делегирующий
18313,Делегирующий
18314,Делегирующий
18315,Контролёр
18316,Невидимый
18317,Невидимый
18318,Контролёр
18319,Невидимый
18320,Делегирующий
18321,Делегирующий
18322,Контролёр
18323,Невидимый
18324,Делегирующий
18325,Соучастник
18326,Контролёр
18327,Невидимый
18328,Невидимый
18329,Контролёр
18330,Невидимый
18331,Невидимый
18332,Соучастник
18333,Делегирующий
18334,Невидимый
18335,Невидимый
18336,Соучастник
18337,Невидимый
18338,Делегирующий
18339,Контролёр
18340,Контролёр
18341,Соучастник
18342,Невидимый
18343,Делегирующий
18344,Контролёр
18345,Соучастник
18346,Невидимый
18347,Делегирующий
18348,Контролёр
18349,Делегирующий
18350,Контролёр
18351,Делегирующий
18352,Невидимый
18353,Соучастник
18354,Невидимый
18355,Делегирующий
18356,Контролёр
18357,Контролёр
18358,Делегирующий
18359,Делегирующий
18360,Невидимый
18361,Контролёр
18362,Делегирующий
18363,Невидимый
18364,Соучастник
18365,Контролёр
18366,Делегирующий
18367,Невидимый
18368,Соучастник
18369,Контролёр
18370,Соучастник
18371,Контролёр
18372,Делегирующий
18373,Соучастник
18374,Контролёр
18375,Контролёр
18376,Соучастник
18377,Невидимый
18378,Невидимый
18379,Невидимый
18380,Соучастник
18381,Невидимый
18382,Делегирующий
18383,Невидимый
18384,Невидимый
18385,Соучастник
18386,Контролёр
18387,Невидимый
18388,Контролёр
18389,Контролёр
18390,Делегирующий
18391,Невидимый
18392,Контролёр
18393,Контролёр
18394,Контролёр
18395,Невидимый
18396,Невидимый
18397,Контролёр
18398,Делегирующий
18399,Невидимый
18400,Контролёр
18401,Контролёр
18402,Соучастник
18403,Контролёр
18404,Делегирующий
18405,Соучастник
18406,Контролёр
18407,Соучастник
18408,Невидимый
18409,Контролёр
18410,Контролёр
18411,Невидимый
18412,Невидимый
18413,Контролёр
18414,Делегирующий
18415,Соучастник
18416,Невидимый
18417,Невидимый
18418,Соучастник
18419,Невидимый
18420,Делегирующий
18421,Контролёр
18422,Контролёр
18423,Контролёр
18424,Контролёр
18425,Делегирующий
18426,Контролёр
18427,Соучастник
18428,Контролёр
18429,Соучастник
18430,Соучастник
18431,Контролёр
18432,Контролёр
18433,Контролёр
18434,Контролёр
18435,Контролёр
18436,Невидимый
18437,Соучастник
18438,Невидимый
18439,Делегирующий
18440,Делегирующий
18441,Делегирующий
18442,Контролёр
18443,Делегирующий
18444,Делегирующий
18445,Контролёр
18446,Соучастник
18447,Контролёр
18448,Контролёр
18449,Соучастник
18450,Невидимый
18451,Невидимый
18452,Соучастник
18453,Делегирующий
18454,Невидимый
18455,Соучастник
18456,Контролёр
18457,Контролёр
18458,Контролёр
18459,Невидимый
18460,Контролёр
18461,Контролёр
18462,Соучастник
18463,Соучастник
18464,Контролёр
18465,Соучастник
18466,Контролёр
18467,Контролёр
18468,Соучастник
18469,Делегирующий
18470,Соучастник
18471,Делегирующий
18472,Невидимый
18473,Контролёр
18474,Контролёр
18475,Соучастник
18476,Соучастник
18477,Контролёр
18478,Контролёр
18479,Невидимый
18480,Контролёр
18481,Контролёр
18482,Невидимый
18483,Контролёр
18484,Делегирующий
18485,Контролёр
18486,Невидимый
18487,Делегирующий
18488,Невидимый
18489,Невидимый
18490,Контролёр
18491,Контролёр
18492,Делегирующий
18493,Невидимый
18494,Контролёр
18495,Соучастник
18496,Контролёр
18497,Контролёр
18498,Невидимый
18499,Невидимый
18500,Контролёр
18501,Контролёр
18502,Невидимый
18503,Невидимый
18504,Соучастник
18505,Контролёр
18506,Контролёр
18507,Контролёр
18508,Делегирующий
18509,Делегирующий
18510,Соучастник
18511,Контролёр
18512,Соучастник
18513,Контролёр
18514,Соучастник
18515,Контролёр
18516,Соучастник
18517,Контролёр
18518,Делегирующий
18519,Контролёр
18520,Соучастник
18521,Невидимый
18522,Делегирующий
18523,Контролёр
18524,Делегирующий
18525,Контролёр
18526,Соучастник
18527,Соучастник
18528,Невидимый
18529,Контролёр
18530,Контролёр
18531,Невидимый
18532,Контролёр
18533,Контролёр
18534,Невидимый
18535,Невидимый
18536,Невидимый
18537,Делегирующий
18538,Контролёр
18539,Делегирующий
18540,Невидимый
18541,Делегирующий
18542,Невидимый
18543,Делегирующий
18544,Контролёр
18545,Делегирующий
18546,Контролёр
18547,Контролёр
18548,Контролёр
18549,Контролёр
18550,Соучастник
18551,Соучастник
18552,Невидимый
18553,Невидимый
18554,Контролёр
18555,Соучастник
18556,Делегирующий
18557,Контролёр
18558,Контролёр
18559,Контролёр
18560,Контролёр
18561,Делегирующий
18562,Контролёр
18563,Делегирующий
18564,Контролёр
18565,Делегирующий
18566,Контролёр
18567,Контролёр
18568,Контролёр
18569,Соучастник
18570,Соучастник
18571,Невидимый
18572,Невидимый
18573,Невидимый
18574,Делегирующий
18575,Контролёр
18576,Невидимый
18577,Невидимый
18578,Невидимый
18579,Невидимый
18580,Невидимый
18581,Контролёр
18582,Невидимый
18583,Делегирующий
18584,Невидимый
18585,Невидимый
18586,Невидимый
18587,Делегирующий
18588,Контролёр
18589,Невидимый
18590,Невидимый
18591,Контролёр
18592,Делегирующий
18593,Контролёр
18594,Невидимый
18595,Делегирующий
18596,Контролёр
18597,Невидимый
18598,Соучастник
18599,Соучастник
18600,Контролёр
18601,Контролёр
18602,Делегирующий
18603,Делегирующий
18604,Делегирующий
18605,Делегирующий
18606,Контролёр
18607,Невидимый
18608,Делегирующий
18609,Контролёр
18610,Невидимый
18611,Невидимый
18612,Контролёр
18613,Соучастник
18614,Невидимый
18615,Контролёр
18616,Соучастник
18617,Делегирующий
18618,Невидимый
18619,Невидимый
18620,Соучастник
18621,Невидимый
18622,Делегирующий
18623,Контролёр
18624,Контролёр
18625,Контролёр
18626,Невидимый
18627,Соучастник
18628,Контролёр
18629,Контролёр
18630,Делегирующий
18631,Невидимый
18632,Делегирующий
18633,Контролёр
18634,Невидимый
18635,Невидимый
18636,Невидимый
18637,Невидимый
18638,Делегирующий
18639,Контролёр
18640,Невидимый
18641,Контролёр
18642,Контролёр
18643,Контролёр
18644,Контролёр
18645,Контролёр
18646,Делегирующий
18647,Невидимый
18648,Невидимый
18649,Невидимый
18650,Невидимый
18651,Контролёр
18652,Соучастник
18653,Контролёр
18654,Делегирующий
18655,Соучастник
18656,Делегирующий
18657,Невидимый
18658,Контролёр
18659,Контролёр
18660,Соучастник
18661,Невидимый
18662,Делегирующий
18663,Делегирующий
18664,Контролёр
18665,Соучастник
18666,Невидимый
18667,Соучастник
18668,Невидимый
18669,Контролёр
18670,Контролёр
18671,Делегирующий
18672,Делегирующий
18673,Невидимый
18674,Делегирующий
18675,Невидимый
18676,Соучастник
18677,Контролёр
18678,Соучастник
18679,Контролёр
18680,Контролёр
18681,Делегирующий
18682,Контролёр
18683,Невидимый
18684,Контролёр
18685,Соучастник
18686,Невидимый
18687,Невидимый
18688,Невидимый
18689,Контролёр
18690,Контролёр
18691,Контролёр
18692,Невидимый
18693,Делегирующий
18694,Соучастник
18695,Невидимый
18696,Невидимый
18697,Контролёр
18698,Контролёр
18699,Делегирующий
18700,Контролёр
18701,Невидимый
18702,Делегирующий
18703,Невидимый
18704,Контролёр
18705,Контролёр
18706,Соучастник
18707,Соучастник
18708,Соучастник
18709,Невидимый
18710,Контролёр
18711,Соучастник
18712,Невидимый
18713,Контролёр
18714,Невидимый
18715,Контролёр
18716,Невидимый
18717,Невидимый
18718,Невидимый
18719,Невидимый
18720,Контролёр
18721,Контролёр
18722,Делегирующий
18723,Невидимый
18724,Контролёр
18725,Невидимый
18726,Невидимый
18727,Делегирующий
18728,Контролёр
18729,Делегирующий
18730,Контролёр
18731,Контролёр
18732,Контролёр
18733,Невидимый
18734,Невидимый
18735,Контролёр
18736,Невидимый
18737,Делегирующий
18738,Делегирующий
18739,Невидимый
18740,Контролёр
18741,Невидимый
18742,Контролёр
18743,Делегирующий
18744,Контролёр
18745,Делегирующий
18746,Невидимый
18747,Соучастник
18748,Контролёр
18749,Делегирующий
18750,Контролёр
18751,Контролёр
18752,Контролёр
18753,Соучастник
18754,Контролёр
18755,Контролёр
18756,Невидимый
18757,Контролёр
18758,Контролёр
18759,Контролёр
18760,Невидимый
18761,Контролёр
18762,Контролёр
18763,Делегирующий
18764,Делегирующий
18765,Контролёр
18766,Соучастник
18767,Контролёр
18768,Делегирующий
18769,Невидимый
18770,Невидимый
18771,Невидимый
18772,Невидимый
18773,Контролёр
18774,Контролёр
18775,Невидимый
18776,Невидимый
18777,Контролёр
18778,Соучастник
18779,Соучастник
18780,Контролёр
18781,Делегирующий
18782,Невидимый
18783,Невидимый
18784,Соучастник
18785,Соучастник
18786,Контролёр
18787,Делегирующий
18788,Контролёр
18789,Делегирующий
18790,Контролёр
18791,Невидимый
18792,Невидимый
18793,Невидимый
18794,Контролёр
18795,Невидимый
18796,Контролёр
18797,Невидимый
18798,Невидимый
18799,Делегирующий
18800,Соучастник
18801,Невидимый
18802,Делегирующий
18803,Невидимый
18804,Соучастник
18805,Делегирующий
18806,Делегирующий
18807,Соучастник
18808,Делегирующий
18809,Делегирующий
18810,Контролёр
18811,Невидимый
18812,Контролёр
18813,Невидимый
18814,Делегирующий
18815,Контролёр
18816,Контролёр
18817,Контролёр
18818,Контролёр
18819,Контролёр
18820,Контролёр
18821,Контролёр
18822,Невидимый
18823,Невидимый
18824,Делегирующий
18825,Невидимый
18826,Делегирующий
18827,Делегирующий
18828,Контролёр
18829,Соучастник
18830,Контролёр
18831,Делегирующий
18832,Контролёр
18833,Невидимый
18834,Контролёр
18835,Контролёр
18836,Невидимый
18837,Невидимый
18838,Невидимый
18839,Контролёр
18840,Делегирующий
18841,Делегирующий
18842,Делегирующий
18843,Контролёр
18844,Контролёр
18845,Невидимый
18846,Контролёр
18847,Соучастник
18848,Контролёр
18849,Контролёр
18850,Делегирующий
18851,Делегирующий
18852,Соучастник
18853,Контролёр
18854,Контролёр
18855,Невидимый
18856,Невидимый
18857,Контролёр
18858,Невидимый
18859,Делегирующий
18860,Контролёр
18861,Контролёр
18862,Контролёр
18863,Невидимый
18864,Соучастник
18865,Невидимый
18866,Невидимый
18867,Контролёр
18868,Невидимый
18869,Контролёр
18870,Невидимый
18871,Невидимый
18872,Соучастник
18873,Контролёр
18874,Соучастник
18875,Делегирующий
18876,Невидимый
18877,Невидимый
18878,Контролёр
18879,Невидимый
18880,Делегирующий
18881,Соучастник
18882,Контролёр
18883,Невидимый
18884,Контролёр
18885,Соучастник
18886,Контролёр
18887,Делегирующий
18888,Контролёр
18889,Контролёр
18890,Невидимый
18891,Невидимый
18892,Невидимый
18893,Невидимый
18894,Невидимый
18895,Невидимый
18896,Делегирующий
18897,Соучастник
18898,Невидимый
18899,Соучастник
18900,Соучастник
18901,Соучастник
18902,Невидимый
18903,Контролёр
18904,Контролёр
18905,Контролёр
18906,Невидимый
18907,Контролёр
18908,Соучастник
18909,Контролёр
18910,Невидимый
18911,Контролёр
18912,Невидимый
18913,Невидимый
18914,Контролёр
18915,Контролёр
18916,Невидимый
18917,Контролёр
18918,Соучастник
18919,Контролёр
18920,Соучастник
18921,Контролёр
18922,Контролёр
18923,Соучастник
18924,Соучастник
18925,Контролёр
18926,Контролёр
18927,Делегирующий
18928,Делегирующий
18929,Невидимый
18930,Невидимый
18931,Контролёр
18932,Невидимый
18933,Делегирующий
18934,Контролёр
18935,Невидимый
18936,Контролёр
18937,Контролёр
18938,Делегирующий
18939,Контролёр
18940,Контролёр
18941,Делегирующий
18942,Контролёр
18943,Контролёр
18944,Контролёр
18945,Делегирующий
18946,Невидимый
18947,Соучастник
18948,Невидимый
18949,Соучастник
18950,Невидимый
18951,Соучастник
18952,Соучастник
18953,Контролёр
18954,Соучастник
18955,Невидимый
18956,Контролёр
18957,Контролёр
18958,Невидимый
18959,Невидимый
18960,Делегирующий
18961,Контролёр
18962,Контролёр
18963,Делегирующий
18964,Соучастник
18965,Невидимый
18966,Невидимый
18967,Соучастник
18968,Делегирующий
18969,Соучастник
18970,Соучастник
18971,Невидимый
18972,Контролёр
18973,Невидимый
18974,Контролёр
18975,Контролёр
18976,Невидимый
18977,Невидимый
18978,Невидимый
18979,Контролёр
18980,Контролёр
18981,Контролёр
18982,Контролёр
18983,Контролёр
18984,Контролёр
18985,Соучастник
18986,Контролёр
18987,Соучастник
18988,Делегирующий
18989,Делегирующий
18990,Контролёр
18991,Невидимый
18992,Невидимый
18993,Соучастник
18994,Делегирующий
18995,Невидимый
18996,Контролёр
18997,Невидимый
18998,Контролёр
18999,Контролёр
19000,Невидимый
19001,Контролёр
19002,Соучастник
19003,Невидимый
19004,Невидимый
19005,Делегирующий
19006,Невидимый
19007,Делегирующий
19008,Невидимый
19009,Делегирующий
19010,Делегирующий
19011,Контролёр
19012,Невидимый
19013,Невидимый
19014,Соучастник
19015,Контролёр
19016,Соучастник
19017,Контролёр
19018,Соучастник
19019,Делегирующий
19020,Контролёр
19021,Контролёр
19022,Невидимый
19023,Невидимый
19024,Контролёр
19025,Невидимый
19026,Невидимый
19027,Контролёр
19028,Контролёр
19029,Невидимый
19030,Невидимый
19031,Контролёр
19032,Соучастник
19033,Невидимый
19034,Контролёр
19035,Невидимый
19036,Делегирующий
19037,Контролёр
19038,Контролёр
19039,Делегирующий
19040,Невидимый
19041,Соучастник
19042,Невидимый
19043,Соучастник
19044,Делегирующий
19045,Делегирующий
19046,Делегирующий
19047,Контролёр
19048,Делегирующий
19049,Контролёр
19050,Соучастник
19051,Делегирующий
19052,Невидимый
19053,Контролёр
19054,Делегирующий
19055,Делегирующий
19056,Соучастник
19057,Невидимый
19058,Контролёр
19059,Делегирующий
19060,Контролёр
19061,Делегирующий
19062,Соучастник
19063,Делегирующий
19064,Контролёр
19065,Делегирующий
19066,Контролёр
19067,Делегирующий
19068,Невидимый
19069,Контролёр
19070,Контролёр
19071,Делегирующий
19072,Контролёр
19073,Невидимый
19074,Невидимый
19075,Контролёр
19076,Соучастник
19077,Невидимый
19078,Делегирующий
19079,Невидимый
19080,Невидимый
19081,Контролёр
19082,Контролёр
19083,Соучастник
19084,Контролёр
19085,Невидимый
19086,Соучастник
19087,Делегирующий
19088,Невидимый
19089,Невидимый
19090,Контролёр
19091,Невидимый
19092,Соучастник
19093,Контролёр
19094,Контролёр
19095,Невидимый
19096,Контролёр
19097,Контролёр
19098,Соучастник
19099,Невидимый
19100,Невидимый
19101,Контролёр
19102,Соучастник
19103,Контролёр
19104,Невидимый
19105,Контролёр
19106,Соучастник
19107,Невидимый
19108,Контролёр
19109,Соучастник
19110,Контролёр
19111,Контролёр
19112,Контролёр
19113,Соучастник
19114,Соучастник
19115,Невидимый
19116,Соучастник
19117,Невидимый
19118,Невидимый
19119,Соучастник
19120,Контролёр
19121,Делегирующий
19122,Делегирующий
19123,Невидимый
19124,Невидимый
19125,Невидимый
19126,Соучастник
19127,Невидимый
19128,Невидимый
19129,Невидимый
19130,Контролёр
19131,Контролёр
19132,Контролёр
19133,Соучастник
19134,Контролёр
19135,Соучастник
19136,Делегирующий
19137,Контролёр
19138,Невидимый
19139,Контролёр
19140,Контролёр
19141,Контролёр
19142,Делегирующий
19143,Контролёр
19144,Контролёр
19145,Невидимый
19146,Контролёр
19147,Соучастник
19148,Контролёр
19149,Контролёр
19150,Делегирующий
19151,Контролёр
19152,Невидимый
19153,Невидимый
19154,Делегирующий
19155,Соучастник
19156,Невидимый
19157,Контролёр
19158,Контролёр
19159,Контролёр
19160,Соучастник
19161,Делегирующий
19162,Невидимый
19163,Невидимый
19164,Контролёр
19165,Соучастник
19166,Невидимый
19167,Контролёр
19168,Контролёр
19169,Соучастник
19170,Невидимый
19171,Делегирующий
19172,Соучастник
19173,Невидимый
19174,Невидимый
19175,Соучастник
19176,Невидимый
19177,Соучастник
19178,Невидимый
19179,Контролёр
19180,Контролёр
19181,Невидимый
19182,Невидимый
19183,Контролёр
19184,Контролёр
19185,Делегирующий
19186,Соучастник
19187,Контролёр
19188,Контролёр
19189,Соучастник
19190,Невидимый
19191,Невидимый
19192,Соучастник
19193,Соучастник
19194,Невидимый
19195,Контролёр
19196,Невидимый
19197,Соучастник
19198,Контролёр
19199,Контролёр
19200,Невидимый
19201,Соучастник
19202,Делегирующий
19203,Контролёр
19204,Невидимый
19205,Невидимый
19206,Контролёр
19207,Невидимый
19208,Невидимый
19209,Соучастник
19210,Контролёр
19211,Невидимый
19212,Соучастник
19213,Соучастник
19214,Делегирующий
19215,Невидимый
19216,Невидимый
19217,Невидимый
19218,Делегирующий
19219,Невидимый
19220,Контролёр
19221,Делегирующий
19222,Контролёр
19223,Контролёр
19224,Невидимый
19225,Делегирующий
19226,Невидимый
19227,Невидимый
19228,Соучастник
19229,Контролёр
19230,Соучастник
19231,Контролёр
19232,Невидимый
19233,Делегирующий
19234,Соучастник
19235,Контролёр
19236,Контролёр
19237,Контролёр
19238,Невидимый
19239,Невидимый
19240,Соучастник
19241,Делегирующий
19242,Невидимый
19243,Контролёр
19244,Делегирующий
19245,Контролёр
19246,Невидимый
19247,Делегирующий
19248,Невидимый
19249,Соучастник
19250,Невидимый
19251,Делегирующий
19252,Делегирующий
19253,Контролёр
19254,Делегирующий
19255,Контролёр
19256,Соучастник
19257,Делегирующий
19258,Невидимый
19259,Соучастник
19260,Контролёр
19261,Контролёр
19262,Невидимый
19263,Контролёр
19264,Контролёр
19265,Невидимый
19266,Делегирующий
19267,Невидимый
19268,Контролёр
19269,Контролёр
19270,Невидимый
19271,Соучастник
19272,Делегирующий
19273,Делегирующий
19274,Контролёр
19275,Контролёр
19276,Невидимый
19277,Делегирующий
19278,Контролёр
19279,Контролёр
19280,Невидимый
19281,Невидимый
19282,Соучастник
19283,Невидимый
19284,Контролёр
19285,Невидимый
19286,Контролёр
19287,Делегирующий
19288,Контролёр
19289,Невидимый
19290,Соучастник
19291,Контролёр
19292,Контролёр
19293,Невидимый
19294,Невидимый
19295,Делегирующий
19296,Соучастник
19297,Контролёр
19298,Контролёр
19299,Делегирующий
19300,Невидимый
19301,Контролёр
19302,Невидимый
19303,Невидимый
19304,Делегирующий
19305,Соучастник
19306,Делегирующий
19307,Делегирующий
19308,Контролёр
19309,Невидимый
19310,Соучастник
19311,Соучастник
19312,Невидимый
19313,Делегирующий
19314,Соучастник
19315,Контролёр
19316,Контролёр
19317,Контролёр
19318,Контролёр
19319,Контролёр
19320,Контролёр
19321,Контролёр
19322,Невидимый
19323,Соучастник
19324,Делегирующий
19325,Контролёр
19326,Контролёр
19327,Невидимый
19328,Соучастник
19329,Соучастник
19330,Невидимый
19331,Невидимый
19332,Делегирующий
19333,Соучастник
19334,Контролёр
19335,Контролёр
19336,Делегирующий
19337,Делегирующий
19338,Невидимый
19339,Делегирующий
19340,Соучастник
19341,Невидимый
19342,Невидимый
19343,Контролёр
19344,Контролёр
19345,Делегирующий
19346,Контролёр
19347,Контролёр
19348,Контролёр
19349,Контролёр
19350,Контролёр
19351,Делегирующий
19352,Контролёр
19353,Невидимый
19354,Невидимый
19355,Контролёр
19356,Невидимый
19357,Невидимый
19358,Невидимый
19359,Делегирующий
19360,Контролёр
19361,Соучастник
19362,Соучастник
19363,Невидимый
19364,Контролёр
19365,Контролёр
19366,Контролёр
19367,Контролёр
19368,Соучастник
19369,Невидимый
19370,Контролёр
19371,Контролёр
19372,Контролёр
19373,Делегирующий
19374,Невидимый
19375,Контролёр
19376,Контролёр
19377,Делегирующий
19378,Соучастник
19379,Контролёр
19380,Делегирующий
19381,Невидимый
19382,Соучастник
19383,Делегирующий
19384,Соучастник
19385,Невидимый
19386,Контролёр
19387,Невидимый
19388,Невидимый
19389,Контролёр
19390,Невидимый
19391,Делегирующий
19392,Контролёр
19393,Контролёр
19394,Невидимый
19395,Контролёр
19396,Соучастник
19397,Соучастник
19398,Невидимый
19399,Контролёр
19400,Делегирующий
19401,Делегирующий
19402,Контролёр
19403,Контролёр
19404,Делегирующий
19405,Контролёр
19406,Делегирующий
19407,Невидимый
19408,Невидимый
19409,Невидимый
19410,Соучастник
19411,Контролёр
19412,Контролёр
19413,Контролёр
19414,Контролёр
19415,Соучастник
19416,Соучастник
19417,Контролёр
19418,Контролёр
19419,Контролёр
19420,Делегирующий
19421,Невидимый
19422,Невидимый
19423,Контролёр
19424,Невидимый
19425,Контролёр
19426,Контролёр
19427,Контролёр
19428,Делегирующий
19429,Контролёр
19430,Контролёр
19431,Контролёр
19432,Контролёр
19433,Соучастник
19434,Невидимый
19435,Делегирующий
19436,Невидимый
19437,Невидимый
19438,Контролёр
19439,Невидимый
19440,Соучастник
19441,Невидимый
19442,Невидимый
19443,Контролёр
19444,Делегирующий
19445,Делегирующий
19446,Соучастник
19447,Делегирующий
19448,Делегирующий
19449,Невидимый
19450,Контролёр
19451,Невидимый
19452,Контролёр
19453,Невидимый
19454,Делегирующий
19455,Контролёр
19456,Невидимый
19457,Невидимый
19458,Невидимый
19459,Соучастник
19460,Делегирующий
19461,Делегирующий
19462,Контролёр
19463,Делегирующий
19464,Делегирующий
19465,Контролёр
19466,Соучастник
19467,Контролёр
19468,Контролёр
19469,Делегирующий
19470,Контролёр
19471,Невидимый
19472,Соучастник
19473,Контролёр
19474,Невидимый
19475,Делегирующий
19476,Невидимый
19477,Делегирующий
19478,Контролёр
19479,Невидимый
19480,Делегирующий
19481,Невидимый
19482,Контролёр
19483,Делегирующий
19484,Контролёр
19485,Контролёр
19486,Невидимый
19487,Невидимый
19488,Контролёр
19489,Делегирующий
19490,Соучастник
19491,Невидимый
19492,Невидимый
19493,Соучастник
19494,Делегирующий
19495,Соучастник
19496,Невидимый
19497,Соучастник
19498,Контролёр
19499,Невидимый
19500,Невидимый
19501,Невидимый
19502,Контролёр
19503,Соучастник
19504,Невидимый
19505,Невидимый
19506,Невидимый
19507,Контролёр
19508,Соучастник
19509,Невидимый
19510,Контролёр
19511,Контролёр
19512,Невидимый
19513,Соучастник
19514,Делегирующий
19515,Невидимый
19516,Невидимый
19517,Невидимый
19518,Невидимый
19519,Контролёр
19520,Делегирующий
19521,Соучастник
19522,Невидимый
19523,Невидимый
19524,Невидимый
19525,Невидимый
19526,Соучастник
19527,Контролёр
19528,Соучастник
19529,Делегирующий
19530,Контролёр
19531,Контролёр
19532,Контролёр
19533,Соучастник
19534,Контролёр
19535,Контролёр
19536,Соучастник
19537,Невидимый
19538,Невидимый
19539,Соучастник
19540,Контролёр
19541,Контролёр
19542,Соучастник
19543,Делегирующий
19544,Соучастник
19545,Контролёр
19546,Контролёр
19547,Делегирующий
19548,Делегирующий
19549,Невидимый
19550,Невидимый
19551,Делегирующий
19552,Контролёр
19553,Контролёр
19554,Контролёр
19555,Соучастник
19556,Контролёр
19557,Контролёр
19558,Невидимый
19559,Контролёр
19560,Соучастник
19561,Контролёр
19562,Невидимый
19563,Контролёр
19564,Соучастник
19565,Делегирующий
19566,Невидимый
19567,Соучастник
19568,Невидимый
19569,Невидимый
19570,Делегирующий
19571,Контролёр
19572,Соучастник
19573,Контролёр
19574,Невидимый
19575,Невидимый
19576,Контролёр
19577,Контролёр
19578,Контролёр
19579,Соучастник
19580,Контролёр
19581,Соучастник
19582,Контролёр
19583,Контролёр
19584,Соучастник
19585,Делегирующий
19586,Контролёр
19587,Контролёр
19588,Невидимый
19589,Невидимый
19590,Делегирующий
19591,Делегирующий
19592,Соучастник
19593,Контролёр
19594,Контролёр
19595,Невидимый
19596,Делегирующий
19597,Невидимый
19598,Соучастник
19599,Невидимый
19600,Делегирующий
19601,Невидимый
19602,Соучастник
19603,Невидимый
19604,Соучастник
19605,Делегирующий
19606,Контролёр
19607,Невидимый
19608,Контролёр
19609,Контролёр
19610,Невидимый
19611,Контролёр
19612,Контролёр
19613,Невидимый
19614,Делегирующий
19615,Контролёр
19616,Контролёр
19617,Невидимый
19618,Контролёр
19619,Невидимый
19620,Контролёр
19621,Делегирующий
19622,Невидимый
19623,Невидимый
19624,Контролёр
19625,Невидимый
19626,Соучастник
19627,Невидимый
19628,Невидимый
19629,Невидимый
19630,Соучастник
19631,Контролёр
19632,Невидимый
19633,Соучастник
19634,Контролёр
19635,Контролёр
19636,Контролёр
19637,Контролёр
19638,Контролёр
19639,Делегирующий
19640,Невидимый
19641,Делегирующий
19642,Делегирующий
19643,Контролёр
19644,Контролёр
19645,Контролёр
19646,Невидимый
19647,Невидимый
19648,Делегирующий
19649,Контролёр
19650,Невидимый
19651,Контролёр
19652,Невидимый
19653,Контролёр
19654,Контролёр
19655,Делегирующий
19656,Контролёр
19657,Контролёр
19658,Контролёр
19659,Контролёр
19660,Контролёр
19661,Контролёр
19662,Контролёр
19663,Контролёр
19664,Контролёр
19665,Невидимый
19666,Контролёр
19667,Невидимый
19668,Соучастник
19669,Контролёр
19670,Соучастник
19671,Контролёр
19672,Контролёр
19673,Контролёр
19674,Невидимый
19675,Невидимый
19676,Соучастник
19677,Делегирующий
19678,Контролёр
19679,Невидимый
19680,Контролёр
19681,Контролёр
19682,Делегирующий
19683,Контролёр
19684,Невидимый
19685,Соучастник
19686,Невидимый
19687,Невидимый
19688,Делегирующий
19689,Невидимый
19690,Соучастник
19691,Соучастник
19692,Контролёр
19693,Контролёр
19694,Невидимый
19695,Соучастник
19696,Контролёр
19697,Невидимый
19698,Контролёр
19699,Делегирующий
19700,Делегирующий
19701,Контролёр
19702,Контролёр
19703,Невидимый
19704,Соучастник
19705,Соучастник
19706,Невидимый
19707,Делегирующий
19708,Делегирующий
19709,Контролёр
19710,Контролёр
19711,Контролёр
19712,Соучастник
19713,Невидимый
19714,Делегирующий
19715,Соучастник
19716,Невидимый
19717,Контролёр
19718,Невидимый
19719,Соучастник
19720,Контролёр
19721,Делегирующий
19722,Соучастник
19723,Делегирующий
19724,Делегирующий
19725,Соучастник
19726,Соучастник
19727,Делегирующий
19728,Делегирующий
19729,Контролёр
19730,Невидимый
19731,Делегирующий
19732,Соучастник
19733,Невидимый
19734,Контролёр
19735,Контролёр
19736,Делегирующий
19737,Контролёр
19738,Делегирующий
19739,Контролёр
19740,Контролёр
19741,Контролёр
19742,Делегирующий
19743,Контролёр
19744,Контролёр
19745,Невидимый
19746,Контролёр
19747,Контролёр
19748,Невидимый
19749,Контролёр
19750,Контролёр
19751,Невидимый
19752,Контролёр
19753,Соучастник
19754,Контролёр
19755,Делегирующий
19756,Контролёр
19757,Делегирующий
19758,Контролёр
19759,Контролёр
19760,Делегирующий
19761,Невидимый
19762,Контролёр
19763,Невидимый
19764,Делегирующий
19765,Соучастник
19766,Делегирующий
19767,Делегирующий
19768,Соучастник
19769,Контролёр
19770,Делегирующий
19771,Невидимый
19772,Невидимый
19773,Делегирующий
19774,Контролёр
19775,Контролёр
19776,Невидимый
19777,Соучастник
19778,Невидимый
19779,Делегирующий
19780,Контролёр
19781,Контролёр
19782,Контролёр
19783,Невидимый
19784,Делегирующий
19785,Делегирующий
19786,Контролёр
19787,Контролёр
19788,Делегирующий
19789,Соучастник
19790,Делегирующий
19791,Делегирующий
19792,Соучастник
19793,Соучастник
19794,Делегирующий
19795,Соучастник
19796,Невидимый
19797,Делегирующий
19798,Соучастник
19799,Соучастник
19800,Соучастник
19801,Невидимый
19802,Контролёр
19803,Соучастник
19804,Делегирующий
19805,Соучастник
19806,Делегирующий
19807,Контролёр
19808,Делегирующий
19809,Контролёр
19810,Соучастник
19811,Контролёр
19812,Контролёр
19813,Невидимый
19814,Контролёр
19815,Невидимый
19816,Невидимый
19817,Контролёр
19818,Контролёр
19819,Делегирующий
19820,Невидимый
19821,Контролёр
19822,Делегирующий
19823,Невидимый
19824,Контролёр
19825,Контролёр
19826,Невидимый
19827,Контролёр
19828,Контролёр
19829,Контролёр
19830,Контролёр
19831,Делегирующий
19832,Невидимый
19833,Невидимый
19834,Контролёр
19835,Невидимый
19836,Контролёр
19837,Делегирующий
19838,Контролёр
19839,Делегирующий
19840,Делегирующий
19841,Контролёр
19842,Контролёр
19843,Невидимый
19844,Делегирующий
19845,Контролёр
19846,Невидимый
19847,Контролёр
19848,Контролёр
19849,Соучастник
19850,Контролёр
19851,Невидимый
19852,Контролёр
19853,Контролёр
19854,Делегирующий
19855,Невидимый
19856,Невидимый
19857,Контролёр
19858,Делегирующий
19859,Контролёр
19860,Невидимый
19861,Контролёр
19862,Соучастник
19863,Контролёр
19864,Невидимый
19865,Невидимый
19866,Соучастник
19867,Контролёр
19868,Невидимый
19869,Невидимый
19870,Невидимый
19871,Невидимый
19872,Невидимый
19873,Невидимый
19874,Контролёр
19875,Делегирующий
19876,Контролёр
19877,Невидимый
19878,Контролёр
19879,Невидимый
19880,Невидимый
19881,Контролёр
19882,Контролёр
19883,Делегирующий
19884,Соучастник
19885,Контролёр
19886,Невидимый
19887,Контролёр
19888,Невидимый
19889,Контролёр
19890,Контролёр
19891,Невидимый
19892,Соучастник
19893,Контролёр
19894,Контролёр
19895,Невидимый
19896,Невидимый
19897,Невидимый
19898,Контролёр
19899,Делегирующий
19900,Соучастник
19901,Делегирующий
19902,Невидимый
19903,Невидимый
19904,Делегирующий
19905,Делегирующий
19906,Контролёр
19907,Невидимый
19908,Невидимый
19909,Делегирующий
19910,Делегирующий
19911,Невидимый
19912,Контролёр
19913,Контролёр
19914,Контролёр
19915,Контролёр
19916,Контролёр
19917,Контролёр
19918,Соучастник
19919,Контролёр
19920,Делегирующий
19921,Невидимый
19922,Контролёр
19923,Невидимый
19924,Контролёр
19925,Невидимый
19926,Невидимый
19927,Контролёр
19928,Делегирующий
19929,Невидимый
19930,Соучастник
19931,Невидимый
19932,Контролёр
19933,Делегирующий
19934,Контролёр
19935,Контролёр
19936,Невидимый
19937,Делегирующий
19938,Контролёр
19939,Контролёр
19940,Контролёр
19941,Невидимый
19942,Контролёр
19943,Соучастник
19944,Контролёр
19945,Соучастник
19946,Соучастник
19947,Невидимый
19948,Контролёр
19949,Контролёр
19950,Делегирующий
19951,Контролёр
19952,Контролёр
19953,Невидимый
19954,Невидимый
19955,Делегирующий
19956,Делегирующий
19957,Невидимый
19958,Контролёр
19959,Соучастник
19960,Соучастник
19961,Делегирующий
19962,Невидимый
19963,Контролёр
19964,Контролёр
19965,Невидимый
19966,Делегирующий
19967,Соучастник
19968,Невидимый
19969,Невидимый
19970,Контролёр
19971,Контролёр
19972,Соучастник
19973,Невидимый
19974,Невидимый
19975,Делегирующий
19976,Контролёр
19977,Контролёр
19978,Невидимый
19979,Контролёр
19980,Контролёр
19981,Контролёр
19982,Соучастник
19983,Соучастник
19984,Делегирующий
19985,Делегирующий
19986,Соучастник
19987,Невидимый
19988,Соучастник
19989,Контролёр
19990,Невидимый
19991,Контролёр
19992,Соучастник
19993,Контролёр
19994,Соучастник
19995,Делегирующий
19996,Соучастник
19997,Контролёр
19998,Невидимый
19999,Соучастник
20000,Контролёр
20001,Невидимый
20002,Делегирующий
20003,Соучастник
20004,Делегирующий
20005,Соучастник
20006,Контролёр
20007,Делегирующий
20008,Делегирующий
20009,Невидимый
20010,Контролёр
20011,Невидимый
20012,Невидимый
20013,Невидимый
20014,Контролёр
20015,Делегирующий
20016,Контролёр
20017,Контролёр
20018,Соучастник
20019,Невидимый
20020,Делегирующий
20021,Соучастник
20022,Невидимый
20023,Контролёр
20024,Соучастник
20025,Контролёр
20026,Контролёр
20027,Невидимый
20028,Контролёр
20029,Контролёр
20030,Контролёр
20031,Невидимый
20032,Контролёр
20033,Невидимый
20034,Невидимый
20035,Невидимый
20036,Контролёр
20037,Контролёр
20038,Невидимый
20039,Невидимый
20040,Контролёр
20041,Контролёр
20042,Делегирующий
20043,Контролёр
20044,Соучастник
20045,Контролёр
20046,Контролёр
20047,Соучастник
20048,Делегирующий
20049,Соучастник
20050,Соучастник
20051,Невидимый
20052,Контролёр
20053,Контролёр
20054,Контролёр
20055,Невидимый
20056,Соучастник
20057,Делегирующий
20058,Невидимый
20059,Соучастник
20060,Невидимый
20061,Соучастник
20062,Контролёр
20063,Контролёр
20064,Контролёр
20065,Контролёр
20066,Контролёр
20067,Невидимый
20068,Невидимый
20069,Невидимый
20070,Контролёр
20071,Невидимый
20072,Делегирующий
20073,Невидимый
20074,Делегирующий
20075,Делегирующий
20076,Контролёр
20077,Делегирующий
20078,Контролёр
20079,Контролёр
20080,Невидимый
20081,Невидимый
20082,Соучастник
20083,Контролёр
20084,Контролёр
20085,Контролёр
20086,Невидимый
20087,Невидимый
20088,Контролёр
20089,Контролёр
20090,Невидимый
20091,Контролёр
20092,Невидимый
20093,Делегирующий
20094,Невидимый
20095,Контролёр
20096,Делегирующий
20097,Соучастник
20098,Контролёр
20099,Соучастник
20100,Делегирующий
20101,Контролёр
20102,Невидимый
20103,Контролёр
20104,Соучастник
20105,Делегирующий
20106,Делегирующий
20107,Соучастник
20108,Контролёр
20109,Невидимый
20110,Делегирующий
20111,Невидимый
20112,Делегирующий
20113,Контролёр
20114,Контролёр
20115,Контролёр
20116,Невидимый
20117,Невидимый
20118,Контролёр
20119,Соучастник
20120,Контролёр
20121,Невидимый
20122,Делегирующий
20123,Контролёр
20124,Соучастник
20125,Невидимый
20126,Невидимый
20127,Контролёр
20128,Соучастник
20129,Соучастник
20130,Невидимый
20131,Делегирующий
20132,Делегирующий
20133,Невидимый
20134,Невидимый
20135,Контролёр
20136,Делегирующий
20137,Контролёр
20138,Невидимый
20139,Невидимый
20140,Соучастник
20141,Делегирующий
20142,Контролёр
20143,Делегирующий
20144,Делегирующий
20145,Делегирующий
20146,Невидимый
20147,Невидимый
20148,Соучастник
20149,Невидимый
20150,Делегирующий
20151,Делегирующий
20152,Невидимый
20153,Соучастник
20154,Невидимый
20155,Невидимый
20156,Невидимый
20157,Делегирующий
20158,Делегирующий
20159,Делегирующий
20160,Контролёр
20161,Делегирующий
20162,Соучастник
20163,Контролёр
20164,Делегирующий
20165,Контролёр
20166,Контролёр
20167,Контролёр
20168,Контролёр
20169,Контролёр
20170,Невидимый
20171,Соучастник
20172,Делегирующий
20173,Контролёр
20174,Контролёр
20175,Контролёр
20176,Соучастник
20177,Контролёр
20178,Соучастник
20179,Соучастник
20180,Невидимый
20181,Контролёр
20182,Контролёр
20183,Невидимый
20184,Соучастник
20185,Контролёр
20186,Контролёр
20187,Делегирующий
20188,Соучастник
20189,Невидимый
20190,Делегирующий
20191,Делегирующий
20192,Делегирующий
20193,Делегирующий
20194,Делегирующий
20195,Невидимый
20196,Невидимый
20197,Соучастник
20198,Невидимый
20199,Контролёр
20200,Контролёр
20201,Контролёр
20202,Делегирующий
20203,Контролёр
20204,Делегирующий
20205,Соучастник
20206,Невидимый
20207,Невидимый
20208,Контролёр
20209,Невидимый
20210,Невидимый
20211,Невидимый
20212,Контролёр
20213,Контролёр
20214,Невидимый
20215,Делегирующий
20216,Контролёр
20217,Невидимый
20218,Делегирующий
20219,Контролёр
20220,Невидимый
20221,Контролёр
20222,Соучастник
20223,Соучастник
20224,Делегирующий
20225,Делегирующий
20226,Контролёр
20227,Делегирующий
20228,Контролёр
20229,Невидимый
20230,Контролёр
20231,Контролёр
20232,Невидимый
20233,Контролёр
20234,Делегирующий
20235,Контролёр
20236,Невидимый
20237,Делегирующий
20238,Невидимый
20239,Делегирующий
20240,Невидимый
20241,Делегирующий
20242,Невидимый
20243,Соучастник
20244,Контролёр
20245,Делегирующий
20246,Соучастник
20247,Контролёр
20248,Делегирующий
20249,Контролёр
20250,Контролёр
20251,Контролёр
20252,Контролёр
20253,Контролёр
20254,Делегирующий
20255,Контролёр
20256,Делегирующий
20257,Невидимый
20258,Контролёр
20259,Делегирующий
20260,Делегирующий
20261,Невидимый
20262,Контролёр
20263,Невидимый
20264,Контролёр
20265,Контролёр
20266,Контролёр
20267,Контролёр
20268,Невидимый
20269,Делегирующий
20270,Контролёр
20271,Контролёр
20272,Контролёр
20273,Контролёр
20274,Контролёр
20275,Контролёр
20276,Делегирующий
20277,Невидимый
20278,Контролёр
20279,Невидимый
20280,Контролёр
20281,Контролёр
20282,Контролёр
20283,Контролёр
20284,Делегирующий
20285,Контролёр
20286,Контролёр
20287,Невидимый
20288,Контролёр
20289,Контролёр
20290,Контролёр
20291,Невидимый
20292,Невидимый
20293,Делегирующий
20294,Соучастник
20295,Контролёр
20296,Контролёр
20297,Невидимый
20298,Невидимый
20299,Соучастник
20300,Соучастник
20301,Соучастник
20302,Соучастник
20303,Невидимый
20304,Невидимый
20305,Невидимый
20306,Невидимый
20307,Соучастник
20308,Контролёр
20309,Контролёр
20310,Невидимый
20311,Контролёр
20312,Контролёр
20313,Контролёр
20314,Контролёр
20315,Делегирующий
20316,Невидимый
20317,Невидимый
20318,Делегирующий
20319,Контролёр
20320,Делегирующий
20321,Делегирующий
20322,Контролёр
20323,Соучастник
20324,Контролёр
20325,Соучастник
20326,Невидимый
20327,Невидимый
20328,Соучастник
20329,Контролёр
20330,Контролёр
20331,Невидимый
20332,Контролёр
20333,Делегирующий
20334,Соучастник
20335,Невидимый
20336,Невидимый
20337,Невидимый
20338,Контролёр
20339,Контролёр
20340,Делегирующий
20341,Соучастник
20342,Невидимый
20343,Контролёр
20344,Контролёр
20345,Невидимый
20346,Невидимый
20347,Невидимый
20348,Делегирующий
20349,Контролёр
20350,Невидимый
20351,Делегирующий
20352,Соучастник
20353,Контролёр
20354,Контролёр
20355,Делегирующий
20356,Контролёр
20357,Контролёр
20358,Контролёр
20359,Контролёр
20360,Делегирующий
20361,Соучастник
20362,Контролёр
20363,Соучастник
20364,Контролёр
20365,Делегирующий
20366,Контролёр
20367,Контролёр
20368,Делегирующий
20369,Невидимый
20370,Невидимый
20371,Делегирующий
20372,Невидимый
20373,Контролёр
20374,Контролёр
20375,Контролёр
20376,Соучастник
20377,Соучастник
20378,Невидимый
20379,Делегирующий
20380,Контролёр
20381,Соучастник
20382,Соучастник
20383,Контролёр
20384,Контролёр
20385,Соучастник
20386,Невидимый
20387,Соучастник
20388,Соучастник
20389,Невидимый
20390,Контролёр
20391,Делегирующий
20392,Контролёр
20393,Делегирующий
20394,Соучастник
20395,Контролёр
20396,Невидимый
20397,Невидимый
20398,Контролёр
20399,Невидимый
20400,Делегирующий
20401,Невидимый
20402,Контролёр
20403,Невидимый
20404,Невидимый
20405,Контролёр
20406,Соучастник
20407,Контролёр
20408,Контролёр
20409,Невидимый
20410,Делегирующий
20411,Невидимый
20412,Делегирующий
20413,Делегирующий
20414,Соучастник
20415,Делегирующий
20416,Делегирующий
20417,Делегирующий
20418,Контролёр
20419,Делегирующий
20420,Невидимый
20421,Делегирующий
20422,Контролёр
20423,Делегирующий
20424,Невидимый
20425,Делегирующий
20426,Соучастник
20427,Соучастник
20428,Невидимый
20429,Невидимый
20430,Контролёр
20431,Соучастник
20432,Контролёр
20433,Невидимый
20434,Невидимый
20435,Невидимый
20436,Невидимый
20437,Контролёр
20438,Невидимый
20439,Контролёр
20440,Контролёр
20441,Невидимый
20442,Контролёр
20443,Делегирующий
20444,Делегирующий
20445,Контролёр
20446,Контролёр
20447,Делегирующий
20448,Контролёр
20449,Соучастник
20450,Контролёр
20451,Невидимый
20452,Невидимый
20453,Соучастник
20454,Контролёр
20455,Делегирующий
20456,Невидимый
20457,Невидимый
20458,Невидимый
20459,Делегирующий
20460,Контролёр
20461,Делегирующий
20462,Делегирующий
20463,Контролёр
20464,Соучастник
20465,Контролёр
20466,Соучастник
20467,Невидимый
20468,Невидимый
20469,Контролёр
20470,Невидимый
20471,Невидимый
20472,Делегирующий
20473,Контролёр
20474,Невидимый
20475,Контролёр
20476,Делегирующий
20477,Контролёр
20478,Соучастник
20479,Невидимый
20480,Контролёр
20481,Невидимый
20482,Невидимый
20483,Соучастник
20484,Невидимый
20485,Контролёр
20486,Невидимый
20487,Контролёр
20488,Делегирующий
20489,Невидимый
20490,Контролёр
20491,Невидимый
20492,Соучастник
20493,Контролёр
20494,Контролёр
20495,Делегирующий
20496,Невидимый
20497,Невидимый
20498,Делегирующий
20499,Контролёр
20500,Контролёр
20501,Невидимый
20502,Контролёр
20503,Невидимый
20504,Делегирующий
20505,Контролёр
20506,Делегирующий
20507,Контролёр
20508,Невидимый
20509,Невидимый
20510,Соучастник
20511,Контролёр
20512,Контролёр
20513,Невидимый
20514,Соучастник
20515,Невидимый
20516,Контролёр
20517,Невидимый
20518,Невидимый
20519,Соучастник
20520,Контролёр
20521,Контролёр
20522,Невидимый
20523,Контролёр
20524,Контролёр
20525,Делегирующий
20526,Делегирующий
20527,Делегирующий
20528,Контролёр
20529,Делегирующий
20530,Невидимый
20531,Невидимый
20532,Контролёр
20533,Контролёр
20534,Соучастник
20535,Невидимый
20536,Невидимый
20537,Контролёр
20538,Невидимый
20539,Невидимый
20540,Делегирующий
20541,Контролёр
20542,Невидимый
20543,Делегирующий
20544,Контролёр
20545,Невидимый
20546,Делегирующий
20547,Контролёр
20548,Контролёр
20549,Невидимый
20550,Делегирующий
20551,Невидимый
20552,Невидимый
20553,Невидимый
20554,Невидимый
20555,Делегирующий
20556,Контролёр
20557,Контролёр
20558,Контролёр
20559,Соучастник
20560,Невидимый
20561,Делегирующий
20562,Невидимый
20563,Контролёр
20564,Невидимый
20565,Соучастник
20566,Невидимый
20567,Контролёр
20568,Контролёр
20569,Невидимый
20570,Невидимый
20571,Невидимый
20572,Делегирующий
20573,Контролёр
20574,Невидимый
20575,Контролёр
20576,Соучастник
20577,Контролёр
20578,Невидимый
20579,Невидимый
20580,Делегирующий
20581,Контролёр
20582,Соучастник
20583,Контролёр
20584,Невидимый
20585,Контролёр
20586,Невидимый
20587,Невидимый
20588,Невидимый
20589,Делегирующий
20590,Контролёр
20591,Контролёр
20592,Невидимый
20593,Контролёр
20594,Невидимый
20595,Контролёр
20596,Делегирующий
20597,Контролёр
20598,Делегирующий
20599,Контролёр
20600,Контролёр
20601,Соучастник
20602,Невидимый
20603,Соучастник
20604,Невидимый
20605,Невидимый
20606,Невидимый
20607,Соучастник
20608,Контролёр
20609,Контролёр
20610,Контролёр
20611,Невидимый
20612,Контролёр
20613,Невидимый
20614,Невидимый
20615,Контролёр
20616,Соучастник
20617,Контролёр
20618,Контролёр
20619,Делегирующий
20620,Невидимый
20621,Контролёр
20622,Контролёр
20623,Делегирующий
20624,Контролёр
20625,Невидимый
20626,Делегирующий
20627,Делегирующий
20628,Невидимый
20629,Контролёр
20630,Невидимый
20631,Контролёр
20632,Контролёр
20633,Невидимый
20634,Контролёр
20635,Невидимый
20636,Контролёр
20637,Соучастник
20638,Контролёр
20639,Контролёр
20640,Контролёр
20641,Контролёр
20642,Контролёр
20643,Соучастник
20644,Контролёр
20645,Контролёр
20646,Делегирующий
20647,Делегирующий
20648,Невидимый
20649,Контролёр
20650,Невидимый
20651,Невидимый
20652,Контролёр
20653,Соучастник
20654,Невидимый
20655,Контролёр
20656,Контролёр
20657,Контролёр
20658,Контролёр
20659,Делегирующий
20660,Контролёр
20661,Контролёр
20662,Контролёр
20663,Контролёр
20664,Делегирующий
20665,Контролёр
20666,Контролёр
20667,Контролёр
20668,Контролёр
20669,Контролёр
20670,Контролёр
20671,Контролёр
20672,Делегирующий
20673,Делегирующий
20674,Контролёр
20675,Делегирующий
20676,Контролёр
20677,Невидимый
20678,Невидимый
20679,Делегирующий
20680,Контролёр
20681,Контролёр
20682,Соучастник
20683,Контролёр
20684,Контролёр
20685,Контролёр
20686,Соучастник
20687,Контролёр
20688,Контролёр
20689,Контролёр
20690,Невидимый
20691,Невидимый
20692,Невидимый
20693,Соучастник
20694,Невидимый
20695,Контролёр
20696,Делегирующий
20697,Контролёр
20698,Соучастник
20699,Делегирующий
20700,Невидимый
20701,Соучастник
20702,Невидимый
20703,Контролёр
20704,Невидимый
20705,Контролёр
20706,Невидимый
20707,Соучастник
20708,Контролёр
20709,Соучастник
20710,Соучастник
20711,Контролёр
20712,Невидимый
20713,Контролёр
20714,Делегирующий
20715,Невидимый
20716,Соучастник
20717,Контролёр
20718,Невидимый
20719,Невидимый
20720,Контролёр
20721,Контролёр
20722,Контролёр
20723,Делегирующий
20724,Контролёр
20725,Соучастник
20726,Невидимый
20727,Делегирующий
20728,Невидимый
20729,Делегирующий
20730,Невидимый
20731,Невидимый
20732,Делегирующий
20733,Контролёр
20734,Невидимый
20735,Соучастник
20736,Невидимый
20737,Контролёр
20738,Делегирующий
20739,Невидимый
20740,Соучастник
20741,Невидимый
20742,Контролёр
20743,Контролёр
20744,Делегирующий
20745,Делегирующий
20746,Контролёр
20747,Соучастник
20748,Невидимый
20749,Контролёр
20750,Делегирующий
20751,Делегирующий
20752,Невидимый
20753,Соучастник
20754,Делегирующий
20755,Невидимый
20756,Контролёр
20757,Контролёр
20758,Контролёр
20759,Соучастник
20760,Контролёр
20761,Соучастник
20762,Невидимый
20763,Невидимый
20764,Невидимый
20765,Невидимый
20766,Делегирующий
20767,Делегирующий
20768,Контролёр
20769,Делегирующий
20770,Делегирующий
20771,Делегирующий
20772,Соучастник
20773,Контролёр
20774,Невидимый
20775,Невидимый
20776,Контролёр
20777,Делегирующий
20778,Соучастник
20779,Контролёр
20780,Невидимый
20781,Контролёр
20782,Контролёр
20783,Соучастник
20784,Соучастник
20785,Делегирующий
20786,Контролёр
20787,Контролёр
20788,Делегирующий
20789,Соучастник
20790,Контролёр
20791,Контролёр
20792,Контролёр
20793,Контролёр
20794,Невидимый
20795,Соучастник
20796,Контролёр
20797,Соучастник
20798,Соучастник
20799,Контролёр
20800,Контролёр
20801,Соучастник
20802,Контролёр
20803,Невидимый
20804,Невидимый
20805,Контролёр
20806,Контролёр
20807,Соучастник
20808,Контролёр
20809,Контролёр
20810,Контролёр
20811,Делегирующий
20812,Контролёр
20813,Невидимый
20814,Контролёр
20815,Контролёр
20816,Соучастник
20817,Делегирующий
20818,Невидимый
20819,Соучастник
20820,Контролёр
20821,Контролёр
20822,Невидимый
20823,Невидимый
20824,Делегирующий
20825,Делегирующий
20826,Контролёр
20827,Соучастник
20828,Невидимый
20829,Контролёр
20830,Контролёр
20831,Контролёр
20832,Контролёр
20833,Контролёр
20834,Контролёр
20835,Контролёр
20836,Контролёр
20837,Делегирующий
20838,Контролёр
20839,Контролёр
20840,Контролёр
20841,Невидимый
20842,Контролёр
20843,Контролёр
20844,Контролёр
20845,Делегирующий
20846,Контролёр
20847,Делегирующий
20848,Контролёр
20849,Контролёр
20850,Соучастник
20851,Контролёр
20852,Контролёр
20853,Делегирующий
20854,Контролёр
20855,Соучастник
20856,Контролёр
20857,Контролёр
20858,Контролёр
20859,Контролёр
20860,Делегирующий
20861,Невидимый
20862,Невидимый
20863,Соучастник
20864,Невидимый
20865,Контролёр
20866,Невидимый
20867,Контролёр
20868,Соучастник
20869,Контролёр
20870,Контролёр
20871,Контролёр
20872,Контролёр
20873,Невидимый
20874,Контролёр
20875,Делегирующий
20876,Делегирующий
20877,Контролёр
20878,Невидимый
20879,Контролёр
20880,Невидимый
20881,Соучастник
20882,Делегирующий
20883,Контролёр
20884,Соучастник
20885,Невидимый
20886,Контролёр
20887,Делегирующий
20888,Невидимый
20889,Контролёр
20890,Невидимый
20891,Делегирующий
20892,Делегирующий
20893,Контролёр
20894,Контролёр
20895,Делегирующий
20896,Невидимый
20897,Невидимый
20898,Невидимый
20899,Контролёр
20900,Соучастник
20901,Невидимый
20902,Делегирующий
20903,Контролёр
20904,Контролёр
20905,Невидимый
20906,Невидимый
20907,Делегирующий
20908,Контролёр
20909,Делегирующий
20910,Контролёр
20911,Контролёр
20912,Контролёр
20913,Контролёр
20914,Невидимый
20915,Соучастник
20916,Невидимый
20917,Невидимый
20918,Контролёр
20919,Невидимый
20920,Контролёр
20921,Соучастник
20922,Контролёр
20923,Контролёр
20924,Соучастник
20925,Невидимый
20926,Невидимый
20927,Соучастник
20928,Контролёр
20929,Невидимый
20930,Делегирующий
20931,Контролёр
20932,Контролёр
20933,Контролёр
20934,Соучастник
20935,Невидимый
20936,Контролёр
20937,Контролёр
20938,Контролёр
20939,Невидимый
20940,Контролёр
20941,Контролёр
20942,Невидимый
20943,Невидимый
20944,Контролёр
20945,Контролёр
20946,Делегирующий
20947,Соучастник
20948,Невидимый
20949,Невидимый
20950,Контролёр
20951,Невидимый
20952,Делегирующий
20953,Контролёр
20954,Делегирующий
20955,Контролёр
20956,Делегирующий
20957,Контролёр
20958,Контролёр
20959,Контролёр
20960,Делегирующий
20961,Контролёр
20962,Делегирующий
20963,Невидимый
20964,Соучастник
20965,Контролёр
20966,Невидимый
20967,Контролёр
20968,Невидимый
20969,Контролёр
20970,Контролёр
20971,Контролёр
20972,Контролёр
20973,Контролёр
20974,Контролёр
20975,Невидимый
20976,Делегирующий
20977,Контролёр
20978,Невидимый
20979,Делегирующий
20980,Контролёр
20981,Контролёр
20982,Контролёр
20983,Невидимый
20984,Невидимый
20985,Невидимый
20986,Контролёр
20987,Контролёр
20988,Контролёр
20989,Контролёр
20990,Невидимый
20991,Соучастник
20992,Контролёр
20993,Делегирующий
20994,Контролёр
20995,Соучастник
20996,Невидимый
20997,Делегирующий
20998,Соучастник
20999,Делегирующий
21000,Невидимый
21001,Контролёр
21002,Делегирующий
21003,Контролёр
21004,Невидимый
21005,Контролёр
21006,Контролёр
21007,Невидимый
21008,Невидимый
21009,Контролёр
21010,Невидимый
21011,Невидимый
21012,Невидимый
21013,Соучастник
21014,Контролёр
21015,Невидимый
21016,Невидимый
21017,Соучастник
21018,Делегирующий
21019,Контролёр
21020,Контролёр
21021,Контролёр
21022,Невидимый
21023,Соучастник
21024,Невидимый
21025,Контролёр
21026,Невидимый
21027,Соучастник
21028,Контролёр
21029,Делегирующий
21030,Контролёр
21031,Невидимый
21032,Контролёр
21033,Контролёр
21034,Контролёр
21035,Делегирующий
21036,Невидимый
21037,Контролёр
21038,Невидимый
21039,Делегирующий
21040,Делегирующий
21041,Делегирующий
21042,Делегирующий
21043,Делегирующий
21044,Невидимый
21045,Невидимый
21046,Контролёр
21047,Контролёр
21048,Делегирующий
21049,Контролёр
21050,Контролёр
21051,Контролёр
21052,Соучастник
21053,Невидимый
21054,Контролёр
21055,Контролёр
21056,Контролёр
21057,Контролёр
21058,Делегирующий
21059,Контролёр
21060,Соучастник
21061,Контролёр
21062,Контролёр
21063,Делегирующий
21064,Контролёр
21065,Контролёр
21066,Делегирующий
21067,Делегирующий
21068,Делегирующий
21069,Невидимый
21070,Контролёр
21071,Контролёр
21072,Соучастник
21073,Невидимый
21074,Соучастник
21075,Контролёр
21076,Невидимый
21077,Делегирующий
21078,Соучастник
21079,Невидимый
21080,Контролёр
21081,Контролёр
21082,Соучастник
21083,Контролёр
21084,Контролёр
21085,Невидимый
21086,Контролёр
21087,Делегирующий
21088,Делегирующий
21089,Контролёр
21090,Контролёр
21091,Делегирующий
21092,Контролёр
21093,Контролёр
21094,Невидимый
21095,Делегирующий
21096,Делегирующий
21097,Невидимый
21098,Контролёр
21099,Контролёр
21100,Невидимый
21101,Контролёр
21102,Соучастник
21103,Невидимый
21104,Делегирующий
21105,Контролёр
21106,Делегирующий
21107,Невидимый
21108,Контролёр
21109,Делегирующий
21110,Контролёр
21111,Контролёр
21112,Контролёр
21113,Невидимый
21114,Контролёр
21115,Невидимый
21116,Контролёр
21117,Контролёр
21118,Невидимый
21119,Невидимый
21120,Делегирующий
21121,Делегирующий
21122,Контролёр
21123,Невидимый
21124,Контролёр
21125,Невидимый
21126,Невидимый
21127,Контролёр
21128,Контролёр
21129,Невидимый
21130,Соучастник
21131,Контролёр
21132,Делегирующий
21133,Соучастник
21134,Контролёр
21135,Невидимый
21136,Невидимый
21137,Контролёр
21138,Делегирующий
21139,Невидимый
21140,Контролёр
21141,Невидимый
21142,Соучастник
21143,Контролёр
21144,Делегирующий
21145,Невидимый
21146,Контролёр
21147,Контролёр
21148,Делегирующий
21149,Контролёр
21150,Невидимый
21151,Делегирующий
21152,Невидимый
21153,Невидимый
21154,Невидимый
21155,Делегирующий
21156,Делегирующий
21157,Делегирующий
21158,Делегирующий
21159,Невидимый
21160,Контролёр
21161,Контролёр
21162,Контролёр
21163,Делегирующий
21164,Контролёр
21165,Контролёр
21166,Контролёр
21167,Контролёр
21168,Контролёр
21169,Делегирующий
21170,Невидимый
21171,Невидимый
21172,Контролёр
21173,Невидимый
21174,Контролёр
21175,Контролёр
21176,Делегирующий
21177,Контролёр
21178,Невидимый
21179,Невидимый
21180,Делегирующий
21181,Контролёр
21182,Невидимый
21183,Контролёр
21184,Контролёр
21185,Делегирующий
21186,Контролёр
21187,Контролёр
21188,Невидимый
21189,Делегирующий
21190,Контролёр
21191,Контролёр
21192,Делегирующий
21193,Контролёр
21194,Контролёр
21195,Контролёр
21196,Соучастник
21197,Контролёр
21198,Контролёр
21199,Невидимый
21200,Делегирующий
21201,Соучастник
21202,Контролёр
21203,Контролёр
21204,Контролёр
21205,Делегирующий
21206,Контролёр
21207,Соучастник
21208,Невидимый
21209,Контролёр
21210,Невидимый
21211,Контролёр
21212,Делегирующий
21213,Невидимый
21214,Делегирующий
21215,Контролёр
21216,Делегирующий
21217,Невидимый
21218,Контролёр
21219,Контролёр
21220,Контролёр
21221,Невидимый
21222,Невидимый
21223,Контролёр
21224,Контролёр
21225,Невидимый
21226,Делегирующий
21227,Невидимый
21228,Делегирующий
21229,Делегирующий
21230,Контролёр
21231,Делегирующий
21232,Контролёр
21233,Невидимый
21234,Невидимый
21235,Соучастник
21236,Невидимый
21237,Невидимый
21238,Контролёр
21239,Невидимый
21240,Соучастник
21241,Делегирующий
21242,Соучастник
21243,Контролёр
21244,Контролёр
21245,Делегирующий
21246,Невидимый
21247,Делегирующий
21248,Контролёр
21249,Соучастник
21250,Невидимый
21251,Делегирующий
21252,Невидимый
21253,Делегирующий
21254,Делегирующий
21255,Невидимый
21256,Невидимый
21257,Невидимый
21258,Невидимый
21259,Невидимый
21260,Контролёр
21261,Соучастник
21262,Контролёр
21263,Невидимый
21264,Контролёр
21265,Контролёр
21266,Контролёр
21267,Делегирующий
21268,Контролёр
21269,Невидимый
21270,Контролёр
21271,Делегирующий
21272,Невидимый
21273,Соучастник
21274,Контролёр
21275,Контролёр
21276,Контролёр
21277,Невидимый
21278,Контролёр
21279,Невидимый
21280,Контролёр
21281,Невидимый
21282,Соучастник
21283,Невидимый
21284,Делегирующий
21285,Невидимый
21286,Контролёр
21287,Соучастник
21288,Соучастник
21289,Невидимый
21290,Соучастник
21291,Делегирующий
21292,Контролёр
21293,Соучастник
21294,Невидимый
21295,Соучастник
21296,Невидимый
21297,Контролёр
21298,Соучастник
21299,Контролёр
21300,Контролёр
21301,Контролёр
21302,Делегирующий
21303,Невидимый
21304,Контролёр
21305,Контролёр
21306,Соучастник
21307,Невидимый
21308,Контролёр
21309,Контролёр
21310,Делегирующий
21311,Соучастник
21312,Делегирующий
21313,Контролёр
21314,Невидимый
21315,Делегирующий
21316,Контролёр
21317,Контролёр
21318,Делегирующий
21319,Соучастник
21320,Соучастник
21321,Делегирующий
21322,Невидимый
21323,Делегирующий
21324,Контролёр
21325,Невидимый
21326,Невидимый
21327,Контролёр
21328,Контролёр
21329,Контролёр
21330,Делегирующий
21331,Контролёр
21332,Невидимый
21333,Делегирующий
21334,Делегирующий
21335,Контролёр
21336,Контролёр
21337,Делегирующий
21338,Контролёр
21339,Невидимый
21340,Контролёр
21341,Контролёр
21342,Соучастник
21343,Делегирующий
21344,Контролёр
21345,Невидимый
21346,Контролёр
21347,Контролёр
21348,Невидимый
21349,Делегирующий
21350,Контролёр
21351,Контролёр
21352,Контролёр
21353,Соучастник
21354,Делегирующий
21355,Контролёр
21356,Невидимый
21357,Невидимый
21358,Невидимый
21359,Соучастник
21360,Соучастник
21361,Контролёр
21362,Контролёр
21363,Контролёр
21364,Контролёр
21365,Делегирующий
21366,Соучастник
21367,Соучастник
21368,Контролёр
21369,Соучастник
21370,Контролёр
21371,Соучастник
21372,Соучастник
21373,Невидимый
21374,Невидимый
21375,Контролёр
21376,Делегирующий
21377,Делегирующий
21378,Невидимый
21379,Невидимый
21380,Невидимый
21381,Контролёр
21382,Соучастник
21383,Невидимый
21384,Контролёр
21385,Контролёр
21386,Контролёр
21387,Контролёр
21388,Делегирующий
21389,Делегирующий
21390,Невидимый
21391,Невидимый
21392,Невидимый
21393,Делегирующий
21394,Соучастник
21395,Невидимый
21396,Соучастник
21397,Контролёр
21398,Контролёр
21399,Невидимый
21400,Невидимый
21401,Контролёр
21402,Соучастник
21403,Делегирующий
21404,Невидимый
21405,Соучастник
21406,Делегирующий
21407,Делегирующий
21408,Невидимый
21409,Невидимый
21410,Соучастник
21411,Контролёр
21412,Соучастник
21413,Контролёр
21414,Контролёр
21415,Невидимый
21416,Делегирующий
21417,Контролёр
21418,Невидимый
21419,Делегирующий
21420,Делегирующий
21421,Контролёр
21422,Делегирующий
21423,Соучастник
21424,Невидимый
21425,Контролёр
21426,Невидимый
21427,Невидимый
21428,Контролёр
21429,Контролёр
21430,Невидимый
21431,Невидимый
21432,Невидимый
21433,Контролёр
21434,Делегирующий
21435,Делегирующий
21436,Невидимый
21437,Контролёр
21438,Невидимый
21439,Делегирующий
21440,Делегирующий
21441,Делегирующий
21442,Делегирующий
21443,Невидимый
21444,Соучастник
21445,Контролёр
21446,Делегирующий
21447,Соучастник
21448,Невидимый
21449,Делегирующий
21450,Невидимый
21451,Контролёр
21452,Контролёр
21453,Соучастник
21454,Делегирующий
21455,Контролёр
21456,Делегирующий
21457,Контролёр
21458,Делегирующий
21459,Контролёр
21460,Делегирующий
21461,Соучастник
21462,Невидимый
21463,Соучастник
21464,Делегирующий
21465,Соучастник
21466,Контролёр
21467,Невидимый
21468,Соучастник
21469,Контролёр
21470,Соучастник
21471,Делегирующий
21472,Делегирующий
21473,Делегирующий
21474,Невидимый
21475,Невидимый
21476,Соучастник
21477,Контролёр
21478,Делегирующий
21479,Контролёр
21480,Невидимый
21481,Невидимый
21482,Контролёр
21483,Делегирующий
21484,Контролёр
21485,Соучастник
21486,Невидимый
21487,Контролёр
21488,Контролёр
21489,Невидимый
21490,Делегирующий
21491,Контролёр
21492,Невидимый
21493,Невидимый
21494,Соучастник
21495,Контролёр
21496,Делегирующий
21497,Контролёр
21498,Контролёр
21499,Невидимый
21500,Контролёр
21501,Контролёр
21502,Делегирующий
21503,Контролёр
21504,Соучастник
21505,Невидимый
21506,Невидимый
21507,Соучастник
21508,Контролёр
21509,Невидимый
21510,Соучастник
21511,Невидимый
21512,Контролёр
21513,Контролёр
21514,Контролёр
21515,Невидимый
21516,Контролёр
21517,Соучастник
21518,Невидимый
21519,Делегирующий
21520,Контролёр
21521,Соучастник
21522,Делегирующий
21523,Соучастник
21524,Контролёр
21525,Невидимый
21526,Контролёр
21527,Делегирующий
21528,Контролёр
21529,Контролёр
21530,Соучастник
21531,Делегирующий
21532,Невидимый
21533,Делегирующий
21534,Контролёр
21535,Невидимый
21536,Контролёр
21537,Контролёр
21538,Невидимый
21539,Контролёр
21540,Соучастник
21541,Невидимый
21542,Контролёр
21543,Невидимый
21544,Контролёр
21545,Невидимый
21546,Делегирующий
21547,Соучастник
21548,Контролёр
21549,Контролёр
21550,Невидимый
21551,Невидимый
21552,Контролёр
21553,Делегирующий
21554,Контролёр
21555,Контролёр
21556,Невидимый
21557,Невидимый
21558,Соучастник
21559,Контролёр
21560,Контролёр
21561,Соучастник
21562,Невидимый
21563,Невидимый
21564,Делегирующий
21565,Соучастник
21566,Соучастник
21567,Контролёр
21568,Контролёр
21569,Контролёр
21570,Соучастник
21571,Невидимый
21572,Делегирующий
21573,Контролёр
21574,Невидимый
21575,Контролёр
21576,Соучастник
21577,Невидимый
21578,Контролёр
21579,Контролёр
21580,Соучастник
21581,Соучастник
21582,Невидимый
21583,Контролёр
21584,Соучастник
21585,Соучастник
21586,Невидимый
21587,Делегирующий
21588,Контролёр
21589,Соучастник
21590,Контролёр
21591,Делегирующий
21592,Контролёр
21593,Контролёр
21594,Невидимый
21595,Невидимый
21596,Соучастник
21597,Невидимый
21598,Делегирующий
21599,Невидимый
21600,Контролёр
21601,Контролёр
21602,Контролёр
21603,Контролёр
21604,Невидимый
21605,Контролёр
21606,Невидимый
21607,Невидимый
21608,Соучастник
21609,Делегирующий
21610,Контролёр
21611,Контролёр
21612,Контролёр
21613,Контролёр
21614,Контролёр
21615,Контролёр
21616,Контролёр
21617,Контролёр
21618,Невидимый
21619,Делегирующий
21620,Невидимый
21621,Контролёр
21622,Соучастник
21623,Контролёр
21624,Делегирующий
21625,Невидимый
21626,Делегирующий
21627,Контролёр
21628,Невидимый
21629,Контролёр
21630,Контролёр
21631,Делегирующий
21632,Невидимый
21633,Контролёр
21634,Невидимый
21635,Контролёр
21636,Контролёр
21637,Контролёр
21638,Контролёр
21639,Контролёр
21640,Контролёр
21641,Невидимый
21642,Делегирующий
21643,Невидимый
21644,Невидимый
21645,Невидимый
21646,Невидимый
21647,Контролёр
21648,Контролёр
21649,Делегирующий
21650,Делегирующий
21651,Соучастник
21652,Контролёр
21653,Соучастник
21654,Контролёр
21655,Контролёр
21656,Невидимый
21657,Контролёр
21658,Соучастник
21659,Контролёр
21660,Невидимый
21661,Соучастник
21662,Контролёр
21663,Контролёр
21664,Делегирующий
21665,Делегирующий
21666,Контролёр
21667,Невидимый
21668,Контролёр
21669,Невидимый
21670,Невидимый
21671,Невидимый
21672,Невидимый
21673,Контролёр
21674,Соучастник
21675,Контролёр
21676,Контролёр
21677,Контролёр
21678,Контролёр
21679,Соучастник
21680,Контролёр
21681,Невидимый
21682,Контролёр
21683,Делегирующий
21684,Соучастник
21685,Делегирующий
21686,Делегирующий
21687,Контролёр
21688,Соучастник
21689,Контролёр
21690,Делегирующий
21691,Контролёр
21692,Соучастник
21693,Контролёр
21694,Контролёр
21695,Невидимый
21696,Делегирующий
21697,Невидимый
21698,Невидимый
21699,Контролёр
21700,Контролёр
21701,Делегирующий
21702,Соучастник
21703,Невидимый
21704,Контролёр
21705,Контролёр
21706,Контролёр
21707,Контролёр
21708,Контролёр
21709,Невидимый
21710,Невидимый
21711,Контролёр
21712,Контролёр
21713,Делегирующий
21714,Невидимый
21715,Контролёр
21716,Невидимый
21717,Контролёр
21718,Невидимый
21719,Невидимый
21720,Делегирующий
21721,Контролёр
21722,Контролёр
21723,Соучастник
21724,Делегирующий
21725,Делегирующий
21726,Контролёр
21727,Контролёр
21728,Невидимый
21729,Невидимый
21730,Контролёр
21731,Соучастник
21732,Невидимый
21733,Невидимый
21734,Контролёр
21735,Контролёр
21736,Невидимый
21737,Невидимый
21738,Делегирующий
21739,Невидимый
21740,Контролёр
21741,Контролёр
21742,Невидимый
21743,Соучастник
21744,Невидимый
21745,Делегирующий
21746,Делегирующий
21747,Невидимый
21748,Невидимый
21749,Невидимый
21750,Невидимый
21751,Соучастник
21752,Контролёр
21753,Невидимый
21754,Невидимый
21755,Контролёр
21756,Делегирующий
21757,Невидимый
21758,Контролёр
21759,Контролёр
21760,Контролёр
21761,Контролёр
21762,Контролёр
21763,Делегирующий
21764,Невидимый
21765,Делегирующий
21766,Контролёр
21767,Делегирующий
21768,Контролёр
21769,Невидимый
21770,Делегирующий
21771,Контролёр
21772,Контролёр
21773,Делегирующий
21774,Контролёр
21775,Невидимый
21776,Контролёр
21777,Невидимый
21778,Невидимый
21779,Невидимый
21780,Контролёр
21781,Делегирующий
21782,Соучастник
21783,Контролёр
21784,Соучастник
21785,Делегирующий
21786,Невидимый
21787,Делегирующий
21788,Делегирующий
21789,Контролёр
21790,Делегирующий
21791,Соучастник
21792,Невидимый
21793,Делегирующий
21794,Делегирующий
21795,Контролёр
21796,Невидимый
21797,Контролёр
21798,Делегирующий
21799,Соучастник
21800,Контролёр
21801,Невидимый
21802,Соучастник
21803,Делегирующий
21804,Невидимый
21805,Контролёр
21806,Делегирующий
21807,Делегирующий
21808,Контролёр
21809,Невидимый
21810,Невидимый
21811,Контролёр
21812,Невидимый
21813,Невидимый
21814,Контролёр
21815,Делегирующий
21816,Невидимый
21817,Контролёр
21818,Делегирующий
21819,Делегирующий
21820,Невидимый
21821,Контролёр
21822,Невидимый
21823,Делегирующий
21824,Контролёр
21825,Соучастник
21826,Контролёр
21827,Делегирующий
21828,Соучастник
21829,Контролёр
21830,Невидимый
21831,Невидимый
21832,Контролёр
21833,Контролёр
21834,Невидимый
21835,Делегирующий
21836,Контролёр
21837,Контролёр
21838,Делегирующий
21839,Делегирующий
21840,Делегирующий
21841,Соучастник
21842,Делегирующий
21843,Делегирующий
21844,Соучастник
21845,Делегирующий
21846,Контролёр
21847,Невидимый
21848,Контролёр
21849,Контролёр
21850,Делегирующий
21851,Делегирующий
21852,Делегирующий
21853,Невидимый
21854,Невидимый
21855,Делегирующий
21856,Делегирующий
21857,Контролёр
21858,Делегирующий
21859,Контролёр
21860,Соучастник
21861,Делегирующий
21862,Невидимый
21863,Делегирующий
21864,Невидимый
21865,Невидимый
21866,Делегирующий
21867,Делегирующий
21868,Делегирующий
21869,Делегирующий
21870,Соучастник
21871,Делегирующий
21872,Соучастник
21873,Соучастник
21874,Соучастник
21875,Соучастник
21876,Контролёр
21877,Контролёр
21878,Контролёр
21879,Контролёр
21880,Контролёр
21881,Невидимый
21882,Контролёр
21883,Делегирующий
21884,Делегирующий
21885,Делегирующий
21886,Невидимый
21887,Соучастник
21888,Делегирующий
21889,Делегирующий
21890,Невидимый
21891,Делегирующий
21892,Делегирующий
21893,Невидимый
21894,Контролёр
21895,Невидимый
21896,Невидимый
21897,Контролёр
21898,Контролёр
21899,Невидимый
21900,Контролёр
21901,Невидимый
21902,Делегирующий
21903,Контролёр
21904,Соучастник
21905,Делегирующий
21906,Делегирующий
21907,Невидимый
21908,Делегирующий
21909,Контролёр
21910,Контролёр
21911,Невидимый
21912,Невидимый
21913,Соучастник
21914,Невидимый
21915,Делегирующий
21916,Контролёр
21917,Соучастник
21918,Контролёр
21919,Невидимый
21920,Делегирующий
21921,Невидимый
21922,Контролёр
21923,Соучастник
21924,Соучастник
21925,Контролёр
21926,Невидимый
21927,Невидимый
21928,Соучастник
21929,Контролёр
21930,Невидимый
21931,Невидимый
21932,Соучастник
21933,Невидимый
21934,Соучастник
21935,Контролёр
21936,Невидимый
21937,Контролёр
21938,Контролёр
21939,Делегирующий
21940,Делегирующий
21941,Невидимый
21942,Делегирующий
21943,Контролёр
21944,Соучастник
21945,Соучастник
21946,Контролёр
21947,Делегирующий
21948,Контролёр
21949,Контролёр
21950,Делегирующий
21951,Соучастник
21952,Невидимый
21953,Делегирующий
21954,Контролёр
21955,Делегирующий
21956,Делегирующий
21957,Контролёр
21958,Контролёр
21959,Невидимый
21960,Делегирующий
21961,Контролёр
21962,Невидимый
21963,Невидимый
21964,Контролёр
21965,Контролёр
21966,Невидимый
21967,Контролёр
21968,Контролёр
21969,Невидимый
21970,Невидимый
21971,Невидимый
21972,Контролёр
21973,Соучастник
21974,Контролёр
21975,Невидимый
21976,Делегирующий
21977,Невидимый
21978,Контролёр
21979,Невидимый
21980,Соучастник
21981,Невидимый
21982,Невидимый
21983,Контролёр
21984,Контролёр
21985,Контролёр
21986,Контролёр
21987,Делегирующий
21988,Контролёр
21989,Контролёр
21990,Контролёр
21991,Делегирующий
21992,Невидимый
21993,Соучастник
21994,Контролёр
21995,Контролёр
21996,Контролёр
21997,Контролёр
21998,Делегирующий
21999,Контролёр
22000,Контролёр
22001,Контролёр
22002,Контролёр
22003,Контролёр
22004,Контролёр
22005,Соучастник
22006,Невидимый
22007,Соучастник
22008,Контролёр
22009,Контролёр
22010,Делегирующий
22011,Контролёр
22012,Контролёр
22013,Контролёр
22014,Контролёр
22015,Контролёр
22016,Невидимый
22017,Контролёр
22018,Невидимый
22019,Делегирующий
22020,Невидимый
22021,Соучастник
22022,Невидимый
22023,Невидимый
22024,Контролёр
22025,Соучастник
22026,Контролёр
22027,Контролёр
22028,Делегирующий
22029,Делегирующий
22030,Соучастник
22031,Контролёр
22032,Контролёр
22033,Невидимый
22034,Соучастник
22035,Невидимый
22036,Контролёр
22037,Соучастник
22038,Контролёр
22039,Соучастник
22040,Невидимый
22041,Делегирующий
22042,Контролёр
22043,Контролёр
22044,Контролёр
22045,Невидимый
22046,Контролёр
22047,Контролёр
22048,Делегирующий
22049,Контролёр
22050,Невидимый
22051,Соучастник
22052,Делегирующий
22053,Делегирующий
22054,Контролёр
22055,Контролёр
22056,Соучастник
22057,Контролёр
22058,Контролёр
22059,Контролёр
22060,Соучастник
22061,Соучастник
22062,Делегирующий
22063,Невидимый
22064,Делегирующий
22065,Контролёр
22066,Невидимый
22067,Невидимый
22068,Невидимый
22069,Контролёр
22070,Невидимый
22071,Контролёр
22072,Соучастник
22073,Делегирующий
22074,Невидимый
22075,Невидимый
22076,Невидимый
22077,Контролёр
22078,Невидимый
22079,Делегирующий
22080,Невидимый
22081,Невидимый
22082,Контролёр
22083,Делегирующий
22084,Делегирующий
22085,Делегирующий
22086,Контролёр
22087,Делегирующий
22088,Соучастник
22089,Контролёр
22090,Соучастник
22091,Невидимый
22092,Контролёр
22093,Невидимый
22094,Соучастник
22095,Контролёр
22096,Соучастник
22097,Невидимый
22098,Контролёр
22099,Невидимый
22100,Контролёр
22101,Соучастник
22102,Контролёр
22103,Делегирующий
22104,Невидимый
22105,Делегирующий
22106,Делегирующий
22107,Контролёр
22108,Контролёр
22109,Невидимый
22110,Контролёр
22111,Невидимый
22112,Делегирующий
22113,Контролёр
22114,Контролёр
22115,Контролёр
22116,Соучастник
22117,Контролёр
22118,Контролёр
22119,Соучастник
22120,Соучастник
22121,Невидимый
22122,Невидимый
22123,Невидимый
22124,Делегирующий
22125,Невидимый
22126,Соучастник
22127,Соучастник
22128,Контролёр
22129,Контролёр
22130,Делегирующий
22131,Контролёр
22132,Контролёр
22133,Делегирующий
22134,Невидимый
22135,Соучастник
22136,Соучастник
22137,Контролёр
22138,Невидимый
22139,Контролёр
22140,Делегирующий
22141,Невидимый
22142,Контролёр
22143,Соучастник
22144,Контролёр
22145,Соучастник
22146,Делегирующий
22147,Контролёр
22148,Невидимый
22149,Соучастник
22150,Соучастник
22151,Невидимый
22152,Контролёр
22153,Делегирующий
22154,Невидимый
22155,Делегирующий
22156,Соучастник
22157,Соучастник
22158,Соучастник
22159,Невидимый
22160,Делегирующий
22161,Делегирующий
22162,Контролёр
22163,Невидимый
22164,Контролёр
22165,Контролёр
22166,Невидимый
22167,Контролёр
22168,Контролёр
22169,Контролёр
22170,Контролёр
22171,Контролёр
22172,Невидимый
22173,Невидимый
22174,Соучастник
22175,Невидимый
22176,Невидимый
22177,Невидимый
22178,Делегирующий
22179,Делегирующий
22180,Контролёр
22181,Контролёр
22182,Контролёр
22183,Соучастник
22184,Соучастник
22185,Невидимый
22186,Невидимый
22187,Контролёр
22188,Делегирующий
22189,Контролёр
22190,Невидимый
22191,Контролёр
22192,Делегирующий
22193,Невидимый
22194,Соучастник
22195,Невидимый
22196,Невидимый
22197,Контролёр
22198,Контролёр
22199,Соучастник
22200,Контролёр
22201,Делегирующий
22202,Невидимый
22203,Делегирующий
22204,Делегирующий
22205,Контролёр
22206,Соучастник
22207,Соучастник
22208,Контролёр
22209,Контролёр
22210,Соучастник
22211,Делегирующий
22212,Контролёр
22213,Соучастник
22214,Делегирующий
22215,Контролёр
22216,Невидимый
22217,Делегирующий
22218,Контролёр
22219,Контролёр
22220,Невидимый
22221,Контролёр
22222,Невидимый
22223,Контролёр
22224,Контролёр
22225,Делегирующий
22226,Контролёр
22227,Делегирующий
22228,Делегирующий
22229,Контролёр
22230,Невидимый
22231,Контролёр
22232,Делегирующий
22233,Невидимый
22234,Контролёр
22235,Невидимый
22236,Контролёр
22237,Делегирующий
22238,Соучастник
22239,Соучастник
22240,Делегирующий
22241,Соучастник
22242,Контролёр
22243,Делегирующий
22244,Невидимый
22245,Контролёр
22246,Невидимый
22247,Соучастник
22248,Невидимый
22249,Невидимый
22250,Делегирующий
22251,Контролёр
22252,Невидимый
22253,Соучастник
22254,Делегирующий
22255,Невидимый
22256,Соучастник
22257,Делегирующий
22258,Невидимый
22259,Невидимый
22260,Контролёр
22261,Невидимый
22262,Контролёр
22263,Соучастник
22264,Контролёр
22265,Невидимый
22266,Соучастник
22267,Контролёр
22268,Невидимый
22269,Невидимый
22270,Соучастник
22271,Невидимый
22272,Контролёр
22273,Контролёр
22274,Соучастник
22275,Делегирующий
22276,Контролёр
22277,Делегирующий
22278,Невидимый
22279,Невидимый
22280,Контролёр
22281,Невидимый
22282,Невидимый
22283,Контролёр
22284,Соучастник
22285,Контролёр
22286,Делегирующий
22287,Невидимый
22288,Невидимый
22289,Невидимый
22290,Невидимый
22291,Контролёр
22292,Делегирующий
22293,Делегирующий
22294,Невидимый
22295,Соучастник
22296,Невидимый
22297,Невидимый
22298,Контролёр
22299,Невидимый
22300,Невидимый
22301,Соучастник
22302,Делегирующий
22303,Контролёр
22304,Контролёр
22305,Соучастник
22306,Контролёр
22307,Делегирующий
22308,Контролёр
22309,Невидимый
22310,Соучастник
22311,Делегирующий
22312,Соучастник
22313,Невидимый
22314,Невидимый
22315,Соучастник
22316,Контролёр
22317,Контролёр
22318,Невидимый
22319,Невидимый
22320,Контролёр
22321,Контролёр
22322,Контролёр
22323,Делегирующий
22324,Невидимый
22325,Невидимый
22326,Контролёр
22327,Делегирующий
22328,Контролёр
22329,Невидимый
22330,Невидимый
22331,Контролёр
22332,Делегирующий
22333,Невидимый
22334,Невидимый
22335,Контролёр
22336,Невидимый
22337,Соучастник
22338,Делегирующий
22339,Контролёр
22340,Делегирующий
22341,Делегирующий
22342,Соучастник
22343,Невидимый
22344,Невидимый
22345,Соучастник
22346,Невидимый
22347,Делегирующий
22348,Контролёр
22349,Соучастник
22350,Делегирующий
22351,Соучастник
22352,Контролёр
22353,Делегирующий
22354,Соучастник
22355,Невидимый
22356,Делегирующий
22357,Невидимый
22358,Контролёр
22359,Контролёр
22360,Невидимый
22361,Контролёр
22362,Невидимый
22363,Делегирующий
22364,Невидимый
22365,Контролёр
22366,Контролёр
22367,Невидимый
22368,Контролёр
22369,Контролёр
22370,Контролёр
22371,Контролёр
22372,Контролёр
22373,Контролёр
22374,Невидимый
22375,Невидимый
22376,Соучастник
22377,Невидимый
22378,Контролёр
22379,Делегирующий
22380,Невидимый
22381,Невидимый
22382,Невидимый
22383,Невидимый
22384,Контролёр
22385,Контролёр
22386,Невидимый
22387,Контролёр
22388,Невидимый
22389,Невидимый
22390,Невидимый
22391,Соучастник
22392,Контролёр
22393,Контролёр
22394,Контролёр
22395,Контролёр
22396,Контролёр
22397,Соучастник
22398,Невидимый
22399,Делегирующий
22400,Контролёр
22401,Невидимый
22402,Контролёр
22403,Делегирующий
22404,Контролёр
22405,Соучастник
22406,Контролёр
22407,Делегирующий
22408,Контролёр
22409,Контролёр
22410,Контролёр
22411,Делегирующий
22412,Делегирующий
22413,Невидимый
22414,Контролёр
22415,Невидимый
22416,Соучастник
22417,Соучастник
22418,Соучастник
22419,Делегирующий
22420,Невидимый
22421,Невидимый
22422,Делегирующий
22423,Соучастник
22424,Соучастник
22425,Невидимый
22426,Соучастник
22427,Соучастник
22428,Контролёр
22429,Делегирующий
22430,Соучастник
22431,Контролёр
22432,Невидимый
22433,Невидимый
22434,Делегирующий
22435,Контролёр
22436,Контролёр
22437,Невидимый
22438,Контролёр
22439,Контролёр
22440,Контролёр
22441,Контролёр
22442,Контролёр
22443,Невидимый
22444,Невидимый
22445,Невидимый
22446,Контролёр
22447,Контролёр
22448,Соучастник
22449,Невидимый
22450,Невидимый
22451,Делегирующий
22452,Невидимый
22453,Контролёр
22454,Невидимый
22455,Делегирующий
22456,Делегирующий
22457,Соучастник
22458,Соучастник
22459,Соучастник
22460,Контролёр
22461,Делегирующий
22462,Невидимый
22463,Невидимый
22464,Невидимый
22465,Контролёр
22466,Делегирующий
22467,Делегирующий
22468,Контролёр
22469,Соучастник
22470,Невидимый
22471,Делегирующий
22472,Соучастник
22473,Контролёр
22474,Контролёр
22475,Соучастник
22476,Невидимый
22477,Невидимый
22478,Контролёр
22479,Соучастник
22480,Соучастник
22481,Соучастник
22482,Невидимый
22483,Соучастник
22484,Невидимый
22485,Делегирующий
22486,Контролёр
22487,Контролёр
22488,Невидимый
22489,Соучастник
22490,Соучастник
22491,Делегирующий
22492,Невидимый
22493,Делегирующий
22494,Делегирующий
22495,Делегирующий
22496,Делегирующий
22497,Невидимый
22498,Контролёр
22499,Делегирующий
22500,Невидимый
22501,Контролёр
22502,Соучастник
22503,Делегирующий
22504,Контролёр
22505,Контролёр
22506,Делегирующий
22507,Невидимый
22508,Делегирующий
22509,Соучастник
22510,Контролёр
22511,Делегирующий
22512,Невидимый
22513,Контролёр
22514,Невидимый
22515,Контролёр
22516,Контролёр
22517,Контролёр
22518,Невидимый
22519,Невидимый
22520,Контролёр
22521,Соучастник
22522,Невидимый
22523,Невидимый
22524,Контролёр
22525,Соучастник
22526,Контролёр
22527,Невидимый
22528,Делегирующий
22529,Контролёр
22530,Невидимый
22531,Контролёр
22532,Делегирующий
22533,Соучастник
22534,Соучастник
22535,Невидимый
22536,Делегирующий
22537,Контролёр
22538,Контролёр
22539,Невидимый
22540,Невидимый
22541,Контролёр
22542,Контролёр
22543,Делегирующий
22544,Соучастник
22545,Соучастник
22546,Контролёр
22547,Невидимый
22548,Делегирующий
22549,Невидимый
22550,Соучастник
22551,Невидимый
22552,Невидимый
22553,Соучастник
22554,Соучастник
22555,Контролёр
22556,Невидимый
22557,Делегирующий
22558,Контролёр
22559,Невидимый
22560,Невидимый
22561,Контролёр
22562,Контролёр
22563,Контролёр
22564,Соучастник
22565,Невидимый
22566,Контролёр
22567,Контролёр
22568,Контролёр
22569,Соучастник
22570,Соучастник
22571,Делегирующий
22572,Контролёр
22573,Невидимый
22574,Контролёр
22575,Делегирующий
22576,Делегирующий
22577,Делегирующий
22578,Делегирующий
22579,Невидимый
22580,Контролёр
22581,Невидимый
22582,Невидимый
22583,Невидимый
22584,Соучастник
22585,Соучастник
22586,Контролёр
22587,Соучастник
22588,Невидимый
22589,Делегирующий
22590,Соучастник
22591,Делегирующий
22592,Соучастник
22593,Невидимый
22594,Невидимый
22595,Делегирующий
22596,Невидимый
22597,Невидимый
22598,Делегирующий
22599,Контролёр
22600,Невидимый
22601,Невидимый
22602,Делегирующий
22603,Невидимый
22604,Невидимый
22605,Невидимый
22606,Соучастник
22607,Контролёр
22608,Контролёр
22609,Делегирующий
22610,Контролёр
22611,Контролёр
22612,Контролёр
22613,Невидимый
22614,Контролёр
22615,Контролёр
22616,Невидимый
22617,Соучастник
22618,Делегирующий
22619,Невидимый
22620,Контролёр
22621,Контролёр
22622,Контролёр
22623,Невидимый
22624,Контролёр
22625,Контролёр
22626,Невидимый
22627,Соучастник
22628,Делегирующий
22629,Контролёр
22630,Невидимый
22631,Невидимый
22632,Невидимый
22633,Делегирующий
22634,Контролёр
22635,Соучастник
22636,Контролёр
22637,Делегирующий
22638,Контролёр
22639,Соучастник
22640,Делегирующий
22641,Невидимый
22642,Соучастник
22643,Контролёр
22644,Делегирующий
22645,Соучастник
22646,Невидимый
22647,Контролёр
22648,Соучастник
22649,Контролёр
22650,Делегирующий
22651,Делегирующий
22652,Контролёр
22653,Контролёр
22654,Делегирующий
22655,Соучастник
22656,Невидимый
22657,Контролёр
22658,Делегирующий
22659,Контролёр
22660,Контролёр
22661,Контролёр
22662,Контролёр
22663,Невидимый
22664,Невидимый
22665,Невидимый
22666,Невидимый
22667,Невидимый
22668,Соучастник
22669,Контролёр
22670,Невидимый
22671,Контролёр
22672,Невидимый
22673,Контролёр
22674,Делегирующий
22675,Делегирующий
22676,Контролёр
22677,Контролёр
22678,Контролёр
22679,Делегирующий
22680,Контролёр
22681,Контролёр
22682,Делегирующий
22683,Соучастник
22684,Невидимый
22685,Делегирующий
22686,Контролёр
22687,Невидимый
22688,Делегирующий
22689,Делегирующий
22690,Невидимый
22691,Контролёр
22692,Контролёр
22693,Делегирующий
22694,Контролёр
22695,Невидимый
22696,Контролёр
22697,Делегирующий
22698,Невидимый
22699,Контролёр
22700,Контролёр
22701,Невидимый
22702,Контролёр
22703,Невидимый
22704,Делегирующий
22705,Контролёр
22706,Невидимый
22707,Контролёр
22708,Контролёр
22709,Соучастник
22710,Контролёр
22711,Невидимый
22712,Невидимый
22713,Контролёр
22714,Соучастник
22715,Невидимый
22716,Контролёр
22717,Делегирующий
22718,Соучастник
22719,Делегирующий
22720,Контролёр
22721,Невидимый
22722,Контролёр
22723,Контролёр
22724,Контролёр
22725,Соучастник
22726,Невидимый
22727,Делегирующий
22728,Соучастник
22729,Контролёр
22730,Соучастник
22731,Контролёр
22732,Контролёр
22733,Невидимый
22734,Контролёр
22735,Невидимый
22736,Контролёр
22737,Невидимый
22738,Невидимый
22739,Контролёр
22740,Делегирующий
22741,Невидимый
22742,Делегирующий
22743,Соучастник
22744,Делегирующий
22745,Делегирующий
22746,Контролёр
22747,Контролёр
22748,Невидимый
22749,Невидимый
22750,Соучастник
22751,Соучастник
22752,Невидимый
22753,Контролёр
22754,Невидимый
22755,Соучастник
22756,Делегирующий
22757,Контролёр
22758,Невидимый
22759,Контролёр
22760,Контролёр
22761,Делегирующий
22762,Невидимый
22763,Контролёр
22764,Невидимый
22765,Делегирующий
22766,Соучастник
22767,Контролёр
22768,Невидимый
22769,Невидимый
22770,Невидимый
22771,Невидимый
22772,Невидимый
22773,Контролёр
22774,Делегирующий
22775,Контролёр
22776,Соучастник
22777,Невидимый
22778,Соучастник
22779,Соучастник
22780,Контролёр
22781,Контролёр
22782,Соучастник
22783,Невидимый
22784,Контролёр
22785,Контролёр
22786,Контролёр
22787,Делегирующий
22788,Невидимый
22789,Соучастник
22790,Контролёр
22791,Невидимый
22792,Контролёр
22793,Делегирующий
22794,Соучастник
22795,Контролёр
22796,Невидимый
22797,Делегирующий
22798,Контролёр
22799,Контролёр
22800,Соучастник
22801,Невидимый
22802,Соучастник
22803,Невидимый
22804,Контролёр
22805,Контролёр
22806,Невидимый
22807,Делегирующий
22808,Контролёр
22809,Контролёр
22810,Делегирующий
22811,Невидимый
22812,Соучастник
22813,Невидимый
22814,Невидимый
22815,Делегирующий
22816,Делегирующий
22817,Невидимый
22818,Контролёр
22819,Контролёр
22820,Соучастник
22821,Контролёр
22822,Соучастник
22823,Контролёр
22824,Делегирующий
22825,Контролёр
22826,Невидимый
22827,Невидимый
22828,Контролёр
22829,Невидимый
22830,Невидимый
22831,Делегирующий
22832,Невидимый
22833,Контролёр
22834,Невидимый
22835,Делегирующий
22836,Соучастник
22837,Делегирующий
22838,Соучастник
22839,Контролёр
22840,Невидимый
22841,Контролёр
22842,Невидимый
22843,Невидимый
22844,Контролёр
22845,Контролёр
22846,Делегирующий
22847,Контролёр
22848,Делегирующий
22849,Невидимый
22850,Невидимый
22851,Контролёр
22852,Контролёр
22853,Невидимый
22854,Невидимый
22855,Контролёр
22856,Невидимый
22857,Делегирующий
22858,Контролёр
22859,Невидимый
22860,Соучастник
22861,Делегирующий
22862,Невидимый
22863,Контролёр
22864,Контролёр
22865,Делегирующий
22866,Контролёр
22867,Контролёр
22868,Контролёр
22869,Контролёр
22870,Делегирующий
22871,Контролёр
22872,Контролёр
22873,Невидимый
22874,Соучастник
22875,Делегирующий
22876,Контролёр
22877,Невидимый
22878,Соучастник
22879,Соучастник
22880,Невидимый
22881,Контролёр
22882,Невидимый
22883,Соучастник
22884,Делегирующий
22885,Контролёр
22886,Соучастник
22887,Делегирующий
22888,Контролёр
22889,Делегирующий
22890,Соучастник
22891,Невидимый
22892,Контролёр
22893,Контролёр
22894,Невидимый
22895,Контролёр
22896,Невидимый
22897,Соучастник
22898,Контролёр
22899,Соучастник
22900,Невидимый
22901,Невидимый
22902,Соучастник
22903,Контролёр
22904,Невидимый
22905,Делегирующий
22906,Соучастник
22907,Делегирующий
22908,Невидимый
22909,Невидимый
22910,Контролёр
22911,Невидимый
22912,Контролёр
22913,Делегирующий
22914,Соучастник
22915,Соучастник
22916,Делегирующий
22917,Делегирующий
22918,Контролёр
22919,Делегирующий
22920,Контролёр
22921,Невидимый
22922,Невидимый
22923,Контролёр
22924,Делегирующий
22925,Делегирующий
22926,Невидимый
22927,Контролёр
22928,Соучастник
22929,Невидимый
22930,Контролёр
22931,Контролёр
22932,Невидимый
22933,Невидимый
22934,Контролёр
22935,Невидимый
22936,Делегирующий
22937,Соучастник
22938,Невидимый
22939,Делегирующий
22940,Контролёр
22941,Контролёр
22942,Соучастник
22943,Невидимый
22944,Невидимый
22945,Невидимый
22946,Невидимый
22947,Невидимый
22948,Контролёр
22949,Делегирующий
22950,Соучастник
22951,Делегирующий
22952,Невидимый
22953,Невидимый
22954,Невидимый
22955,Соучастник
22956,Соучастник
22957,Контролёр
22958,Контролёр
22959,Контролёр
22960,Невидимый
22961,Делегирующий
22962,Невидимый
22963,Невидимый
22964,Контролёр
22965,Соучастник
22966,Делегирующий
22967,Контролёр
22968,Соучастник
22969,Делегирующий
22970,Невидимый
22971,Контролёр
22972,Контролёр
22973,Делегирующий
22974,Делегирующий
22975,Невидимый
22976,Контролёр
22977,Контролёр
22978,Контролёр
22979,Невидимый
22980,Невидимый
22981,Контролёр
22982,Соучастник
22983,Невидимый
22984,Соучастник
22985,Контролёр
22986,Невидимый
22987,Невидимый
22988,Контролёр
22989,Невидимый
22990,Контролёр
22991,Делегирующий
22992,Делегирующий
22993,Контролёр
22994,Делегирующий
22995,Невидимый
22996,Делегирующий
22997,Делегирующий
22998,Невидимый
22999,Невидимый
23000,Контролёр
23001,Контролёр
23002,Невидимый
23003,Контролёр
23004,Делегирующий
23005,Контролёр
23006,Невидимый
23007,Невидимый
23008,Соучастник
23009,Невидимый
23010,Невидимый
23011,Делегирующий
23012,Невидимый
23013,Контролёр
23014,Контролёр
23015,Соучастник
23016,Контролёр
23017,Соучастник
23018,Контролёр
23019,Невидимый
23020,Контролёр
23021,Соучастник
23022,Соучастник
23023,Невидимый
23024,Контролёр
23025,Невидимый
23026,Невидимый
23027,Контролёр
23028,Делегирующий
23029,Контролёр
23030,Невидимый
23031,Соучастник
23032,Невидимый
23033,Невидимый
23034,Контролёр
23035,Невидимый
23036,Контролёр
23037,Делегирующий
23038,Соучастник
23039,Контролёр
23040,Невидимый
23041,Соучастник
23042,Контролёр
23043,Соучастник
23044,Контролёр
23045,Контролёр
23046,Контролёр
23047,Соучастник
23048,Контролёр
23049,Контролёр
23050,Невидимый
23051,Невидимый
23052,Делегирующий
23053,Контролёр
23054,Невидимый
23055,Контролёр
23056,Невидимый
23057,Невидимый
23058,Контролёр
23059,Контролёр
23060,Невидимый
23061,Контролёр
23062,Невидимый
23063,Соучастник
23064,Невидимый
23065,Соучастник
23066,Контролёр
23067,Невидимый
23068,Контролёр
23069,Контролёр
23070,Контролёр
23071,Невидимый
23072,Соучастник
23073,Невидимый
23074,Невидимый
23075,Контролёр
23076,Делегирующий
23077,Невидимый
23078,Невидимый
23079,Невидимый
23080,Невидимый
23081,Контролёр
23082,Невидимый
23083,Контролёр
23084,Контролёр
23085,Контролёр
23086,Невидимый
23087,Контролёр
23088,Контролёр
23089,Контролёр
23090,Соучастник
23091,Контролёр
23092,Делегирующий
23093,Невидимый
23094,Контролёр
23095,Невидимый
23096,Невидимый
23097,Соучастник
23098,Невидимый
23099,Контролёр
23100,Невидимый
23101,Контролёр
23102,Делегирующий
23103,Делегирующий
23104,Делегирующий
23105,Невидимый
23106,Контролёр
23107,Контролёр
23108,Невидимый
23109,Невидимый
23110,Контролёр
23111,Делегирующий
23112,Контролёр
23113,Контролёр
23114,Контролёр
23115,Контролёр
23116,Контролёр
23117,Соучастник
23118,Контролёр
23119,Невидимый
23120,Делегирующий
23121,Соучастник
23122,Соучастник
23123,Невидимый
23124,Делегирующий
23125,Контролёр
23126,Невидимый
23127,Соучастник
23128,Контролёр
23129,Делегирующий
23130,Соучастник
23131,Контролёр
23132,Невидимый
23133,Соучастник
23134,Соучастник
23135,Невидимый
23136,Делегирующий
23137,Контролёр
23138,Соучастник
23139,Контролёр
23140,Контролёр
23141,Контролёр
23142,Контролёр
23143,Контролёр
23144,Невидимый
23145,Контролёр
23146,Невидимый
23147,Делегирующий
23148,Невидимый
23149,Контролёр
23150,Невидимый
23151,Соучастник
23152,Контролёр
23153,Контролёр
23154,Контролёр
23155,Делегирующий
23156,Невидимый
23157,Соучастник
23158,Контролёр
23159,Делегирующий
23160,Невидимый
23161,Контролёр
23162,Невидимый
23163,Контролёр
23164,Соучастник
23165,Соучастник
23166,Соучастник
23167,Контролёр
23168,Контролёр
23169,Делегирующий
23170,Невидимый
23171,Контролёр
23172,Контролёр
23173,Соучастник
23174,Делегирующий
23175,Соучастник
23176,Невидимый
23177,Невидимый
23178,Делегирующий
23179,Контролёр
23180,Контролёр
23181,Контролёр
23182,Соучастник
23183,Делегирующий
23184,Соучастник
23185,Делегирующий
23186,Соучастник
23187,Контролёр
23188,Контролёр
23189,Делегирующий
23190,Невидимый
23191,Делегирующий
23192,Контролёр
23193,Контролёр
23194,Контролёр
23195,Контролёр
23196,Делегирующий
23197,Соучастник
23198,Контролёр
23199,Соучастник
23200,Контролёр
23201,Контролёр
23202,Делегирующий
23203,Контролёр
23204,Контролёр
23205,Контролёр
23206,Соучастник
23207,Контролёр
23208,Соучастник
23209,Соучастник
23210,Контролёр
23211,Невидимый
23212,Соучастник
23213,Невидимый
23214,Контролёр
23215,Соучастник
23216,Невидимый
23217,Невидимый
23218,Невидимый
23219,Невидимый
23220,Невидимый
23221,Невидимый
23222,Делегирующий
23223,Контролёр
23224,Делегирующий
23225,Невидимый
23226,Контролёр
23227,Контролёр
23228,Невидимый
23229,Контролёр
23230,Соучастник
23231,Невидимый
23232,Делегирующий
23233,Невидимый
23234,Невидимый
23235,Невидимый
23236,Невидимый
23237,Контролёр
23238,Делегирующий
23239,Контролёр
23240,Соучастник
23241,Невидимый
23242,Невидимый
23243,Контролёр
23244,Невидимый
23245,Контролёр
23246,Невидимый
23247,Делегирующий
23248,Соучастник
23249,Соучастник
23250,Соучастник
23251,Делегирующий
23252,Невидимый
23253,Соучастник
23254,Контролёр
23255,Соучастник
23256,Соучастник
23257,Контролёр
23258,Соучастник
23259,Контролёр
23260,Делегирующий
23261,Делегирующий
23262,Невидимый
23263,Контролёр
23264,Делегирующий
23265,Контролёр
23266,Контролёр
23267,Делегирующий
23268,Контролёр
23269,Контролёр
23270,Невидимый
23271,Контролёр
23272,Делегирующий
23273,Контролёр
23274,Соучастник
23275,Невидимый
23276,Контролёр
23277,Невидимый
23278,Контролёр
23279,Соучастник
23280,Невидимый
23281,Контролёр
23282,Контролёр
23283,Невидимый
23284,Контролёр
23285,Невидимый
23286,Контролёр
23287,Контролёр
23288,Соучастник
23289,Невидимый
23290,Контролёр
23291,Соучастник
23292,Контролёр
23293,Контролёр
23294,Контролёр
23295,Невидимый
23296,Невидимый
23297,Соучастник
23298,Соучастник
23299,Соучастник
23300,Невидимый
23301,Контролёр
23302,Невидимый
23303,Невидимый
23304,Делегирующий
23305,Контролёр
23306,Контролёр
23307,Делегирующий
23308,Контролёр
23309,Невидимый
23310,Невидимый
23311,Контролёр
23312,Контролёр
23313,Соучастник
23314,Невидимый
23315,Контролёр
23316,Соучастник
23317,Делегирующий
23318,Делегирующий
23319,Невидимый
23320,Соучастник
23321,Невидимый
23322,Контролёр
23323,Делегирующий
23324,Делегирующий
23325,Невидимый
23326,Делегирующий
23327,Контролёр
23328,Соучастник
23329,Контролёр
23330,Контролёр
23331,Контролёр
23332,Делегирующий
23333,Невидимый
23334,Невидимый
23335,Контролёр
23336,Невидимый
23337,Контролёр
23338,Невидимый
23339,Контролёр
23340,Контролёр
23341,Соучастник
23342,Делегирующий
23343,Контролёр
23344,Невидимый
23345,Контролёр
23346,Соучастник
23347,Соучастник
23348,Делегирующий
23349,Контролёр
23350,Невидимый
23351,Невидимый
23352,Контролёр
23353,Соучастник
23354,Невидимый
23355,Делегирующий
23356,Делегирующий
23357,Соучастник
23358,Делегирующий
23359,Делегирующий
23360,Делегирующий
23361,Невидимый
23362,Невидимый
23363,Делегирующий
23364,Делегирующий
23365,Делегирующий
23366,Невидимый
23367,Невидимый
23368,Невидимый
23369,Невидимый
23370,Невидимый
23371,Делегирующий
23372,Невидимый
23373,Контролёр
23374,Контролёр
23375,Контролёр
23376,Делегирующий
23377,Контролёр
23378,Контролёр
23379,Контролёр
23380,Делегирующий
23381,Соучастник
23382,Соучастник
23383,Контролёр
23384,Контролёр
23385,Контролёр
23386,Невидимый
23387,Соучастник
23388,Контролёр
23389,Невидимый
23390,Контролёр
23391,Делегирующий
23392,Контролёр
23393,Делегирующий
23394,Контролёр
23395,Делегирующий
23396,Делегирующий
23397,Невидимый
23398,Соучастник
23399,Контролёр
23400,Контролёр
23401,Делегирующий
23402,Невидимый
23403,Соучастник
23404,Делегирующий
23405,Контролёр
23406,Делегирующий
23407,Делегирующий
23408,Соучастник
23409,Невидимый
23410,Контролёр
23411,Контролёр
23412,Соучастник
23413,Невидимый
23414,Невидимый
23415,Невидимый
23416,Контролёр
23417,Контролёр
23418,Невидимый
23419,Делегирующий
23420,Контролёр
23421,Контролёр
23422,Невидимый
23423,Невидимый
23424,Делегирующий
23425,Контролёр
23426,Контролёр
23427,Соучастник
23428,Контролёр
23429,Соучастник
23430,Делегирующий
23431,Соучастник
23432,Соучастник
23433,Контролёр
23434,Контролёр
23435,Соучастник
23436,Контролёр
23437,Делегирующий
23438,Контролёр
23439,Невидимый
23440,Невидимый
23441,Контролёр
23442,Невидимый
23443,Невидимый
23444,Делегирующий
23445,Контролёр
23446,Контролёр
23447,Контролёр
23448,Контролёр
23449,Контролёр
23450,Контролёр
23451,Контролёр
23452,Делегирующий
23453,Невидимый
23454,Невидимый
23455,Контролёр
23456,Делегирующий
23457,Невидимый
23458,Делегирующий
23459,Делегирующий
23460,Невидимый
23461,Невидимый
23462,Делегирующий
23463,Невидимый
23464,Делегирующий
23465,Контролёр
23466,Контролёр
23467,Делегирующий
23468,Невидимый
23469,Невидимый
23470,Контролёр
23471,Контролёр
23472,Делегирующий
23473,Контролёр
23474,Контролёр
23475,Контролёр
23476,Контролёр
23477,Делегирующий
23478,Контролёр
23479,Невидимый
23480,Контролёр
23481,Невидимый
23482,Делегирующий
23483,Невидимый
23484,Невидимый
23485,Контролёр
23486,Невидимый
23487,Контролёр
23488,Невидимый
23489,Невидимый
23490,Соучастник
23491,Невидимый
23492,Невидимый
23493,Невидимый
23494,Невидимый
23495,Контролёр
23496,Делегирующий
23497,Невидимый
23498,Невидимый
23499,Контролёр
23500,Контролёр
23501,Делегирующий
23502,Контролёр
23503,Невидимый
23504,Контролёр
23505,Невидимый
23506,Контролёр
23507,Контролёр
23508,Контролёр
23509,Невидимый
23510,Контролёр
23511,Контролёр
23512,Соучастник
23513,Контролёр
23514,Соучастник
23515,Контролёр
23516,Контролёр
23517,Невидимый
23518,Делегирующий
23519,Соучастник
23520,Невидимый
23521,Соучастник
23522,Соучастник
23523,Невидимый
23524,Невидимый
23525,Контролёр
23526,Контролёр
23527,Соучастник
23528,Контролёр
23529,Контролёр
23530,Контролёр
23531,Контролёр
23532,Невидимый
23533,Контролёр
23534,Контролёр
23535,Невидимый
23536,Контролёр
23537,Контролёр
23538,Контролёр
23539,Делегирующий
23540,Невидимый
23541,Соучастник
23542,Соучастник
23543,Соучастник
23544,Контролёр
23545,Невидимый
23546,Невидимый
23547,Контролёр
23548,Делегирующий
23549,Невидимый
23550,Делегирующий
23551,Контролёр
23552,Невидимый
23553,Невидимый
23554,Контролёр
23555,Невидимый
23556,Соучастник
23557,Делегирующий
23558,Невидимый
23559,Контролёр
23560,Невидимый
23561,Невидимый
23562,Контролёр
23563,Контролёр
23564,Контролёр
23565,Контролёр
23566,Соучастник
23567,Соучастник
23568,Делегирующий
23569,Контролёр
23570,Контролёр
23571,Контролёр
23572,Соучастник
23573,Делегирующий
23574,Контролёр
23575,Контролёр
23576,Невидимый
23577,Контролёр
23578,Делегирующий
23579,Контролёр
23580,Контролёр
23581,Невидимый
23582,Невидимый
23583,Делегирующий
23584,Соучастник
23585,Соучастник
23586,Контролёр
23587,Контролёр
23588,Делегирующий
23589,Контролёр
23590,Делегирующий
23591,Контролёр
23592,Делегирующий
23593,Невидимый
23594,Контролёр
23595,Контролёр
23596,Контролёр
23597,Контролёр
23598,Делегирующий
23599,Контролёр
23600,Соучастник
23601,Делегирующий
23602,Невидимый
23603,Невидимый
23604,Делегирующий
23605,Невидимый
23606,Контролёр
23607,Делегирующий
23608,Контролёр
23609,Соучастник
23610,Делегирующий
23611,Соучастник
23612,Соучастник
23613,Невидимый
23614,Контролёр
23615,Контролёр
23616,Соучастник
23617,Контролёр
23618,Невидимый
23619,Контролёр
23620,Контролёр
23621,Невидимый
23622,Контролёр
23623,Делегирующий
23624,Невидимый
23625,Невидимый
23626,Контролёр
23627,Контролёр
23628,Контролёр
23629,Контролёр
23630,Делегирующий
23631,Невидимый
23632,Соучастник
23633,Соучастник
23634,Невидимый
23635,Невидимый
23636,Контролёр
23637,Делегирующий
23638,Контролёр
23639,Контролёр
23640,Контролёр
23641,Делегирующий
23642,Делегирующий
23643,Контролёр
23644,Контролёр
23645,Невидимый
23646,Контролёр
23647,Делегирующий
23648,Соучастник
23649,Невидимый
23650,Соучастник
23651,Невидимый
23652,Невидимый
23653,Контролёр
23654,Невидимый
23655,Соучастник
23656,Невидимый
23657,Невидимый
23658,Невидимый
23659,Делегирующий
23660,Соучастник
23661,Делегирующий
23662,Делегирующий
23663,Соучастник
23664,Контролёр
23665,Соучастник
23666,Контролёр
23667,Контролёр
23668,Соучастник
23669,Делегирующий
23670,Соучастник
23671,Контролёр
23672,Делегирующий
23673,Контролёр
23674,Делегирующий
23675,Делегирующий
23676,Делегирующий
23677,Контролёр
23678,Невидимый
23679,Невидимый
23680,Соучастник
23681,Контролёр
23682,Контролёр
23683,Контролёр
23684,Делегирующий
23685,Соучастник
23686,Соучастник
23687,Невидимый
23688,Контролёр
23689,Соучастник
23690,Контролёр
23691,Невидимый
23692,Делегирующий
23693,Контролёр
23694,Контролёр
23695,Невидимый
23696,Соучастник
23697,Невидимый
23698,Контролёр
23699,Невидимый
23700,Контролёр
23701,Контролёр
23702,Делегирующий
23703,Невидимый
23704,Контролёр
23705,Невидимый
23706,Невидимый
23707,Невидимый
23708,Невидимый
23709,Невидимый
23710,Контролёр
23711,Делегирующий
23712,Невидимый
23713,Невидимый
23714,Контролёр
23715,Невидимый
23716,Соучастник
23717,Контролёр
23718,Контролёр
23719,Невидимый
23720,Делегирующий
23721,Невидимый
23722,Контролёр
23723,Контролёр
23724,Невидимый
23725,Делегирующий
23726,Соучастник
23727,Контролёр
23728,Невидимый
23729,Делегирующий
23730,Контролёр
23731,Делегирующий
23732,Невидимый
23733,Делегирующий
23734,Контролёр
23735,Невидимый
23736,Делегирующий
23737,Контролёр
23738,Соучастник
23739,Невидимый
23740,Контролёр
23741,Соучастник
23742,Невидимый
23743,Делегирующий
23744,Делегирующий
23745,Контролёр
23746,Соучастник
23747,Соучастник
23748,Контролёр
23749,Невидимый
23750,Невидимый
23751,Контролёр
23752,Невидимый
23753,Соучастник
23754,Контролёр
23755,Соучастник
23756,Контролёр
23757,Невидимый
23758,Контролёр
23759,Контролёр
23760,Контролёр
23761,Соучастник
23762,Контролёр
23763,Контролёр
23764,Соучастник
23765,Контролёр
23766,Невидимый
23767,Делегирующий
23768,Контролёр
23769,Контролёр
23770,Соучастник
23771,Соучастник
23772,Невидимый
23773,Контролёр
23774,Делегирующий
23775,Невидимый
23776,Невидимый
23777,Контролёр
23778,Делегирующий
23779,Соучастник
23780,Соучастник
23781,Невидимый
23782,Контролёр
23783,Делегирующий
23784,Делегирующий
23785,Делегирующий
23786,Контролёр
23787,Невидимый
23788,Невидимый
23789,Контролёр
23790,Делегирующий
23791,Контролёр
23792,Контролёр
23793,Контролёр
23794,Контролёр
23795,Контролёр
23796,Делегирующий
23797,Контролёр
23798,Контролёр
23799,Невидимый
23800,Контролёр
23801,Невидимый
23802,Делегирующий
23803,Соучастник
23804,Контролёр
23805,Контролёр
23806,Невидимый
23807,Невидимый
23808,Соучастник
23809,Делегирующий
23810,Невидимый
23811,Контролёр
23812,Невидимый
23813,Соучастник
23814,Делегирующий
23815,Невидимый
23816,Невидимый
23817,Невидимый
23818,Соучастник
23819,Делегирующий
23820,Невидимый
23821,Невидимый
23822,Контролёр
23823,Делегирующий
23824,Соучастник
23825,Контролёр
23826,Невидимый
23827,Невидимый
23828,Контролёр
23829,Контролёр
23830,Соучастник
23831,Делегирующий
23832,Соучастник
23833,Соучастник
23834,Контролёр
23835,Невидимый
23836,Соучастник
23837,Контролёр
23838,Невидимый
23839,Контролёр
23840,Контролёр
23841,Контролёр
23842,Контролёр
23843,Контролёр
23844,Соучастник
23845,Невидимый
23846,Контролёр
23847,Делегирующий
23848,Делегирующий
23849,Делегирующий
23850,Соучастник
23851,Контролёр
23852,Соучастник
23853,Невидимый
23854,Контролёр
23855,Контролёр
23856,Делегирующий
23857,Невидимый
23858,Соучастник
23859,Контролёр
23860,Контролёр
23861,Невидимый
23862,Контролёр
23863,Контролёр
23864,Контролёр
23865,Контролёр
23866,Контролёр
23867,Соучастник
23868,Контролёр
23869,Соучастник
23870,Невидимый
23871,Контролёр
23872,Невидимый
23873,Невидимый
23874,Невидимый
23875,Контролёр
23876,Контролёр
23877,Делегирующий
23878,Делегирующий
23879,Контролёр
23880,Невидимый
23881,Контролёр
23882,Соучастник
23883,Соучастник
23884,Невидимый
23885,Соучастник
23886,Невидимый
23887,Контролёр
23888,Делегирующий
23889,Соучастник
23890,Невидимый
23891,Контролёр
23892,Контролёр
23893,Контролёр
23894,Соучастник
23895,Контролёр
23896,Соучастник
23897,Соучастник
23898,Невидимый
23899,Контролёр
23900,Невидимый
23901,Контролёр
23902,Невидимый
23903,Делегирующий
23904,Соучастник
23905,Делегирующий
23906,Контролёр
23907,Контролёр
23908,Соучастник
23909,Невидимый
23910,Невидимый
23911,Невидимый
23912,Невидимый
23913,Соучастник
23914,Соучастник
23915,Контролёр
23916,Делегирующий
23917,Контролёр
23918,Контролёр
23919,Контролёр
23920,Соучастник
23921,Делегирующий
23922,Делегирующий
23923,Невидимый
23924,Делегирующий
23925,Невидимый
23926,Соучастник
23927,Делегирующий
23928,Делегирующий
23929,Делегирующий
23930,Контролёр
23931,Делегирующий
23932,Невидимый
23933,Делегирующий
23934,Контролёр
23935,Невидимый
23936,Невидимый
23937,Контролёр
23938,Невидимый
23939,Соучастник
23940,Делегирующий
23941,Невидимый
23942,Делегирующий
23943,Невидимый
23944,Соучастник
23945,Соучастник
23946,Соучастник
23947,Делегирующий
23948,Контролёр
23949,Контролёр
23950,Делегирующий
23951,Контролёр
23952,Невидимый
23953,Невидимый
23954,Контролёр
23955,Делегирующий
23956,Контролёр
23957,Делегирующий
23958,Делегирующий
23959,Соучастник
23960,Контролёр
23961,Контролёр
23962,Делегирующий
23963,Контролёр
23964,Невидимый
23965,Невидимый
23966,Делегирующий
23967,Соучастник
23968,Контролёр
23969,Контролёр
23970,Контролёр
23971,Контролёр
23972,Контролёр
23973,Делегирующий
23974,Соучастник
23975,Контролёр
23976,Невидимый
23977,Контролёр
23978,Невидимый
23979,Контролёр
23980,Делегирующий
23981,Контролёр
23982,Делегирующий
23983,Делегирующий
23984,Делегирующий
23985,Контролёр
23986,Соучастник
23987,Контролёр
23988,Делегирующий
23989,Невидимый
23990,Соучастник
23991,Контролёр
23992,Соучастник
23993,Контролёр
23994,Контролёр
23995,Невидимый
23996,Невидимый
23997,Невидимый
23998,Контролёр
23999,Невидимый
24000,Контролёр
24001,Контролёр
24002,Соучастник
24003,Невидимый
24004,Соучастник
24005,Делегирующий
24006,Контролёр
24007,Делегирующий
24008,Невидимый
24009,Контролёр
24010,Невидимый
24011,Контролёр
24012,Невидимый
24013,Контролёр
24014,Соучастник
24015,Невидимый
24016,Соучастник
24017,Невидимый
24018,Делегирующий
24019,Контролёр
24020,Контролёр
24021,Невидимый
24022,Невидимый
24023,Невидимый
24024,Контролёр
24025,Контролёр
24026,Контролёр
24027,Контролёр
24028,Контролёр
24029,Контролёр
24030,Контролёр
24031,Невидимый
24032,Делегирующий
24033,Невидимый
24034,Соучастник
24035,Невидимый
24036,Невидимый
24037,Контролёр
24038,Контролёр
24039,Делегирующий
24040,Невидимый
24041,Контролёр
24042,Соучастник
24043,Делегирующий
24044,Невидимый
24045,Невидимый
24046,Невидимый
24047,Контролёр
24048,Контролёр
24049,Соучастник
24050,Соучастник
24051,Контролёр
24052,Соучастник
24053,Соучастник
24054,Соучастник
24055,Контролёр
24056,Невидимый
24057,Контролёр
24058,Невидимый
24059,Соучастник
24060,Невидимый
24061,Соучастник
24062,Контролёр
24063,Контролёр
24064,Контролёр
24065,Невидимый
24066,Контролёр
24067,Контролёр
24068,Невидимый
24069,Контролёр
24070,Делегирующий
24071,Контролёр
24072,Контролёр
24073,Делегирующий
24074,Невидимый
24075,Невидимый
24076,Невидимый
24077,Контролёр
24078,Контролёр
24079,Контролёр
24080,Контролёр
24081,Невидимый
24082,Соучастник
24083,Соучастник
24084,Невидимый
24085,Невидимый
24086,Контролёр
24087,Невидимый
24088,Невидимый
24089,Соучастник
24090,Контролёр
24091,Делегирующий
24092,Невидимый
24093,Соучастник
24094,Делегирующий
24095,Невидимый
24096,Соучастник
24097,Соучастник
24098,Контролёр
24099,Невидимый
24100,Невидимый
24101,Невидимый
24102,Контролёр
24103,Невидимый
24104,Делегирующий
24105,Соучастник
24106,Невидимый
24107,Контролёр
24108,Контролёр
24109,Контролёр
24110,Делегирующий
24111,Соучастник
24112,Контролёр
24113,Контролёр
24114,Невидимый
24115,Контролёр
24116,Невидимый
24117,Контролёр
24118,Делегирующий
24119,Контролёр
24120,Невидимый
24121,Соучастник
24122,Контролёр
24123,Контролёр
24124,Контролёр
24125,Соучастник
24126,Контролёр
24127,Контролёр
24128,Соучастник
24129,Невидимый
24130,Контролёр
24131,Делегирующий
24132,Контролёр
24133,Невидимый
24134,Контролёр
24135,Контролёр
24136,Соучастник
24137,Невидимый
24138,Контролёр
24139,Контролёр
24140,Соучастник
24141,Делегирующий
24142,Соучастник
24143,Невидимый
24144,Соучастник
24145,Контролёр
24146,Контролёр
24147,Контролёр
24148,Контролёр
24149,Соучастник
24150,Соучастник
24151,Соучастник
24152,Контролёр
24153,Контролёр
24154,Контролёр
24155,Контролёр
24156,Невидимый
24157,Невидимый
24158,Контролёр
24159,Соучастник
24160,Соучастник
24161,Невидимый
24162,Невидимый
24163,Контролёр
24164,Контролёр
24165,Делегирующий
24166,Делегирующий
24167,Невидимый
24168,Контролёр
24169,Невидимый
24170,Контролёр
24171,Контролёр
24172,Контролёр
24173,Делегирующий
24174,Контролёр
24175,Невидимый
24176,Делегирующий
24177,Контролёр
24178,Невидимый
24179,Соучастник
24180,Соучастник
24181,Контролёр
24182,Делегирующий
24183,Контролёр
24184,Невидимый
24185,Контролёр
24186,Делегирующий
24187,Невидимый
24188,Делегирующий
24189,Делегирующий
24190,Соучастник
24191,Невидимый
24192,Невидимый
24193,Соучастник
24194,Контролёр
24195,Невидимый
24196,Контролёр
24197,Контролёр
24198,Невидимый
24199,Невидимый
24200,Контролёр
24201,Невидимый
24202,Контролёр
24203,Невидимый
24204,Контролёр
24205,Невидимый
24206,Невидимый
24207,Соучастник
24208,Невидимый
24209,Делегирующий
24210,Делегирующий
24211,Контролёр
24212,Невидимый
24213,Невидимый
24214,Невидимый
24215,Контролёр
24216,Контролёр
24217,Контролёр
24218,Невидимый
24219,Делегирующий
24220,Соучастник
24221,Соучастник
24222,Контролёр
24223,Контролёр
24224,Невидимый
24225,Невидимый
24226,Соучастник
24227,Делегирующий
24228,Соучастник
24229,Соучастник
24230,Делегирующий
24231,Контролёр
24232,Невидимый
24233,Соучастник
24234,Невидимый
24235,Делегирующий
24236,Контролёр
24237,Контролёр
24238,Контролёр
24239,Контролёр
24240,Делегирующий
24241,Делегирующий
24242,Контролёр
24243,Контролёр
24244,Соучастник
24245,Контролёр
24246,Делегирующий
24247,Соучастник
24248,Контролёр
24249,Контролёр
24250,Невидимый
24251,Контролёр
24252,Невидимый
24253,Контролёр
24254,Контролёр
24255,Делегирующий
24256,Контролёр
24257,Контролёр
24258,Невидимый
24259,Соучастник
24260,Соучастник
24261,Делегирующий
24262,Соучастник
24263,Соучастник
24264,Делегирующий
24265,Делегирующий
24266,Делегирующий
24267,Делегирующий
24268,Контролёр
24269,Контролёр
24270,Невидимый
24271,Контролёр
24272,Контролёр
24273,Соучастник
24274,Делегирующий
24275,Контролёр
24276,Контролёр
24277,Контролёр
24278,Делегирующий
24279,Невидимый
24280,Невидимый
24281,Контролёр
24282,Невидимый
24283,Делегирующий
24284,Соучастник
24285,Контролёр
24286,Невидимый
24287,Контролёр
24288,Делегирующий
24289,Невидимый
24290,Делегирующий
24291,Делегирующий
24292,Контролёр
24293,Контролёр
24294,Невидимый
24295,Соучастник
24296,Делегирующий
24297,Невидимый
24298,Невидимый
24299,Невидимый
24300,Контролёр
24301,Контролёр
24302,Контролёр
24303,Контролёр
24304,Невидимый
24305,Соучастник
24306,Невидимый
24307,Соучастник
24308,Невидимый
24309,Контролёр
24310,Контролёр
24311,Невидимый
24312,Контролёр
24313,Контролёр
24314,Невидимый
24315,Контролёр
24316,Невидимый
24317,Невидимый
24318,Контролёр
24319,Контролёр
24320,Невидимый
24321,Контролёр
24322,Соучастник
24323,Контролёр
24324,Контролёр
24325,Контролёр
24326,Контролёр
24327,Невидимый
24328,Контролёр
24329,Делегирующий
24330,Делегирующий
24331,Контролёр
24332,Контролёр
24333,Соучастник
24334,Контролёр
24335,Контролёр
24336,Контролёр
24337,Делегирующий
24338,Соучастник
24339,Контролёр
24340,Невидимый
24341,Невидимый
24342,Контролёр
24343,Контролёр
24344,Контролёр
24345,Невидимый
24346,Контролёр
24347,Соучастник
24348,Контролёр
24349,Контролёр
24350,Контролёр
24351,Контролёр
24352,Соучастник
24353,Контролёр
24354,Делегирующий
24355,Контролёр
24356,Невидимый
24357,Невидимый
24358,Невидимый
24359,Контролёр
24360,Контролёр
24361,Делегирующий
24362,Контролёр
24363,Соучастник
24364,Контролёр
24365,Невидимый
24366,Невидимый
24367,Делегирующий
24368,Контролёр
24369,Соучастник
24370,Невидимый
24371,Контролёр
24372,Контролёр
24373,Соучастник
24374,Делегирующий
24375,Контролёр
24376,Контролёр
24377,Контролёр
24378,Невидимый
24379,Невидимый
24380,Контролёр
24381,Делегирующий
24382,Контролёр
24383,Соучастник
24384,Контролёр
24385,Контролёр
24386,Невидимый
24387,Соучастник
24388,Контролёр
24389,Делегирующий
24390,Невидимый
24391,Контролёр
24392,Контролёр
24393,Контролёр
24394,Делегирующий
24395,Контролёр
24396,Соучастник
24397,Контролёр
24398,Соучастник
24399,Соучастник
24400,Контролёр
24401,Соучастник
24402,Соучастник
24403,Контролёр
24404,Невидимый
24405,Контролёр
24406,Контролёр
24407,Контролёр
24408,Невидимый
24409,Соучастник
24410,Невидимый
24411,Невидимый
24412,Соучастник
24413,Делегирующий
24414,Контролёр
24415,Невидимый
24416,Контролёр
24417,Невидимый
24418,Контролёр
24419,Невидимый
24420,Контролёр
24421,Невидимый
24422,Контролёр
24423,Контролёр
24424,Делегирующий
24425,Невидимый
24426,Контролёр
24427,Невидимый
24428,Контролёр
24429,Невидимый
24430,Невидимый
24431,Соучастник
24432,Невидимый
24433,Контролёр
24434,Невидимый
24435,Невидимый
24436,Соучастник
24437,Контролёр
24438,Невидимый
24439,Невидимый
24440,Делегирующий
24441,Делегирующий
24442,Невидимый
24443,Контролёр
24444,Контролёр
24445,Контролёр
24446,Соучастник
24447,Контролёр
24448,Контролёр
24449,Контролёр
24450,Делегирующий
24451,Невидимый
24452,Невидимый
24453,Соучастник
24454,Контролёр
24455,Делегирующий
24456,Контролёр
24457,Невидимый
24458,Контролёр
24459,Контролёр
24460,Контролёр
24461,Невидимый
24462,Соучастник
24463,Контролёр
24464,Контролёр
24465,Контролёр
24466,Соучастник
24467,Контролёр
24468,Контролёр
24469,Контролёр
24470,Невидимый
24471,Контролёр
24472,Контролёр
24473,Контролёр
24474,Невидимый
24475,Соучастник
24476,Делегирующий
24477,Соучастник
24478,Невидимый
24479,Делегирующий
24480,Контролёр
24481,Невидимый
24482,Невидимый
24483,Контролёр
24484,Делегирующий
24485,Невидимый
24486,Контролёр
24487,Соучастник
24488,Делегирующий
24489,Соучастник
24490,Невидимый
24491,Делегирующий
24492,Соучастник
24493,Невидимый
24494,Контролёр
24495,Невидимый
24496,Контролёр
24497,Контролёр
24498,Контролёр
24499,Делегирующий
24500,Контролёр
24501,Соучастник
24502,Контролёр
24503,Контролёр
24504,Контролёр
24505,Контролёр
24506,Невидимый
24507,Соучастник
24508,Соучастник
24509,Невидимый
24510,Соучастник
24511,Невидимый
24512,Соучастник
24513,Невидимый
24514,Невидимый
24515,Контролёр
24516,Контролёр
24517,Невидимый
24518,Невидимый
24519,Невидимый
24520,Невидимый
24521,Соучастник
24522,Соучастник
24523,Невидимый
24524,Невидимый
24525,Делегирующий
24526,Делегирующий
24527,Контролёр
24528,Невидимый
24529,Невидимый
24530,Соучастник
24531,Делегирующий
24532,Невидимый
24533,Контролёр
24534,Невидимый
24535,Контролёр
24536,Соучастник
24537,Делегирующий
24538,Контролёр
24539,Контролёр
24540,Невидимый
24541,Невидимый
24542,Делегирующий
24543,Невидимый
24544,Делегирующий
24545,Контролёр
24546,Невидимый
24547,Контролёр
24548,Невидимый
24549,Контролёр
24550,Невидимый
24551,Невидимый
24552,Контролёр
24553,Невидимый
24554,Контролёр
24555,Контролёр
24556,Невидимый
24557,Контролёр
24558,Контролёр
24559,Соучастник
24560,Контролёр
24561,Контролёр
24562,Соучастник
24563,Невидимый
24564,Соучастник
24565,Невидимый
24566,Делегирующий
24567,Контролёр
24568,Контролёр
24569,Делегирующий
24570,Контролёр
24571,Делегирующий
24572,Невидимый
24573,Невидимый
24574,Делегирующий
24575,Контролёр
24576,Невидимый
24577,Делегирующий
24578,Невидимый
24579,Делегирующий
24580,Невидимый
24581,Делегирующий
24582,Контролёр
24583,Соучастник
24584,Контролёр
24585,Контролёр
24586,Делегирующий
24587,Контролёр
24588,Контролёр
24589,Невидимый
24590,Невидимый
24591,Невидимый
24592,Контролёр
24593,Контролёр
24594,Невидимый
24595,Невидимый
24596,Делегирующий
24597,Соучастник
24598,Невидимый
24599,Невидимый
24600,Контролёр
24601,Контролёр
24602,Невидимый
24603,Контролёр
24604,Невидимый
24605,Невидимый
24606,Невидимый
24607,Невидимый
24608,Контролёр
24609,Невидимый
24610,Делегирующий
24611,Делегирующий
24612,Невидимый
24613,Невидимый
24614,Контролёр
24615,Контролёр
24616,Контролёр
24617,Делегирующий
24618,Контролёр
24619,Невидимый
24620,Невидимый
24621,Контролёр
24622,Невидимый
24623,Контролёр
24624,Делегирующий
24625,Контролёр
24626,Невидимый
24627,Невидимый
24628,Контролёр
24629,Соучастник
24630,Контролёр
24631,Делегирующий
24632,Соучастник
24633,Невидимый
24634,Соучастник
24635,Невидимый
24636,Соучастник
24637,Делегирующий
24638,Невидимый
24639,Контролёр
24640,Невидимый
24641,Контролёр
24642,Невидимый
24643,Контролёр
24644,Контролёр
24645,Контролёр
24646,Контролёр
24647,Контролёр
24648,Соучастник
24649,Контролёр
24650,Контролёр
24651,Невидимый
24652,Делегирующий
24653,Контролёр
24654,Делегирующий
24655,Контролёр
24656,Делегирующий
24657,Контролёр
24658,Контролёр
24659,Делегирующий
24660,Контролёр
24661,Делегирующий
24662,Невидимый
24663,Контролёр
24664,Делегирующий
24665,Контролёр
24666,Невидимый
24667,Соучастник
24668,Невидимый
24669,Соучастник
24670,Контролёр
24671,Контролёр
24672,Контролёр
24673,Невидимый
24674,Невидимый
24675,Контролёр
24676,Контролёр
24677,Делегирующий
24678,Соучастник
24679,Контролёр
24680,Невидимый
24681,Контролёр
24682,Контролёр
24683,Контролёр
24684,Невидимый
24685,Контролёр
24686,Контролёр
24687,Соучастник
24688,Делегирующий
24689,Делегирующий
24690,Делегирующий
24691,Делегирующий
24692,Контролёр
24693,Невидимый
24694,Контролёр
24695,Соучастник
24696,Контролёр
24697,Соучастник
24698,Невидимый
24699,Контролёр
24700,Контролёр
24701,Невидимый
24702,Контролёр
24703,Контролёр
24704,Невидимый
24705,Невидимый
24706,Контролёр
24707,Невидимый
24708,Невидимый
24709,Невидимый
24710,Контролёр
24711,Делегирующий
24712,Соучастник
24713,Невидимый
24714,Невидимый
24715,Невидимый
24716,Делегирующий
24717,Делегирующий
24718,Невидимый
24719,Контролёр
24720,Делегирующий
24721,Невидимый
24722,Невидимый
24723,Контролёр
24724,Соучастник
24725,Контролёр
24726,Контролёр
24727,Невидимый
24728,Невидимый
24729,Делегирующий
24730,Невидимый
24731,Контролёр
24732,Контролёр
24733,Соучастник
24734,Невидимый
24735,Контролёр
24736,Соучастник
24737,Контролёр
24738,Контролёр
24739,Делегирующий
24740,Контролёр
24741,Невидимый
24742,Делегирующий
24743,Невидимый
24744,Контролёр
24745,Контролёр
24746,Соучастник
24747,Контролёр
24748,Делегирующий
24749,Контролёр
24750,Невидимый
24751,Делегирующий
24752,Делегирующий
24753,Соучастник
24754,Контролёр
24755,Соучастник
24756,Невидимый
24757,Соучастник
24758,Контролёр
24759,Невидимый
24760,Контролёр
24761,Невидимый
24762,Невидимый
24763,Соучастник
24764,Делегирующий
24765,Делегирующий
24766,Контролёр
24767,Контролёр
24768,Делегирующий
24769,Контролёр
24770,Соучастник
24771,Контролёр
24772,Контролёр
24773,Контролёр
24774,Контролёр
24775,Соучастник
24776,Контролёр
24777,Контролёр
24778,Контролёр
24779,Соучастник
24780,Невидимый
24781,Контролёр
24782,Контролёр
24783,Контролёр
24784,Контролёр
24785,Невидимый
24786,Контролёр
24787,Соучастник
24788,Делегирующий
24789,Соучастник
24790,Контролёр
24791,Контролёр
24792,Невидимый
24793,Контролёр
24794,Невидимый
24795,Делегирующий
24796,Контролёр
24797,Контролёр
24798,Невидимый
24799,Невидимый
24800,Контролёр
24801,Делегирующий
24802,Невидимый
24803,Контролёр
24804,Невидимый
24805,Соучастник
24806,Контролёр
24807,Невидимый
24808,Невидимый
24809,Невидимый
24810,Делегирующий
24811,Контролёр
24812,Контролёр
24813,Контролёр
24814,Делегирующий
24815,Контролёр
24816,Соучастник
24817,Контролёр
24818,Невидимый
24819,Контролёр
24820,Невидимый
24821,Невидимый
24822,Контролёр
24823,Невидимый
24824,Контролёр
24825,Контролёр
24826,Делегирующий
24827,Контролёр
24828,Делегирующий
24829,Невидимый
24830,Контролёр
24831,Соучастник
24832,Контролёр
24833,Контролёр
24834,Контролёр
24835,Невидимый
24836,Делегирующий
24837,Контролёр
24838,Контролёр
24839,Соучастник
24840,Контролёр
24841,Контролёр
24842,Невидимый
24843,Контролёр
24844,Невидимый
24845,Невидимый
24846,Делегирующий
24847,Делегирующий
24848,Контролёр
24849,Контролёр
24850,Контролёр
24851,Невидимый
24852,Контролёр
24853,Контролёр
24854,Делегирующий
24855,Контролёр
24856,Невидимый
24857,Контролёр
24858,Невидимый
24859,Невидимый
24860,Невидимый
24861,Контролёр
24862,Соучастник
24863,Невидимый
24864,Контролёр
24865,Делегирующий
24866,Контролёр
24867,Контролёр
24868,Контролёр
24869,Невидимый
24870,Делегирующий
24871,Контролёр
24872,Невидимый
24873,Невидимый
24874,Контролёр
24875,Контролёр
24876,Невидимый
24877,Контролёр
24878,Контролёр
24879,Контролёр
24880,Соучастник
24881,Невидимый
24882,Соучастник
24883,Делегирующий
24884,Невидимый
24885,Делегирующий
24886,Делегирующий
24887,Невидимый
24888,Контролёр
24889,Невидимый
24890,Делегирующий
24891,Делегирующий
24892,Невидимый
24893,Соучастник
24894,Невидимый
24895,Контролёр
24896,Контролёр
24897,Соучастник
24898,Контролёр
24899,Невидимый
24900,Делегирующий
24901,Невидимый
24902,Контролёр
24903,Соучастник
24904,Контролёр
24905,Контролёр
24906,Контролёр
24907,Контролёр
24908,Соучастник
24909,Делегирующий
24910,Невидимый
24911,Контролёр
24912,Контролёр
24913,Делегирующий
24914,Невидимый
24915,Контролёр
24916,Делегирующий
24917,Контролёр
24918,Контролёр
24919,Делегирующий
24920,Соучастник
24921,Контролёр
24922,Невидимый
24923,Контролёр
24924,Невидимый
24925,Соучастник
24926,Контролёр
24927,Контролёр
24928,Невидимый
24929,Соучастник
24930,Невидимый
24931,Невидимый
24932,Контролёр
24933,Невидимый
24934,Контролёр
24935,Делегирующий
24936,Невидимый
24937,Контролёр
24938,Делегирующий
24939,Соучастник
24940,Невидимый
24941,Делегирующий
24942,Контролёр
24943,Контролёр
24944,Невидимый
24945,Контролёр
24946,Контролёр
24947,Контролёр
24948,Контролёр
24949,Контролёр
24950,Контролёр
24951,Делегирующий
24952,Соучастник
24953,Делегирующий
24954,Контролёр
24955,Контролёр
24956,Невидимый
24957,Соучастник
24958,Контролёр
24959,Соучастник
24960,Контролёр
24961,Соучастник
24962,Контролёр
24963,Контролёр
24964,Соучастник
24965,Делегирующий
24966,Контролёр
24967,Контролёр
24968,Невидимый
24969,Невидимый
24970,Соучастник
24971,Контролёр
24972,Контролёр
24973,Невидимый
24974,Невидимый
24975,Контролёр
24976,Контролёр
24977,Невидимый
24978,Контролёр
24979,Соучастник
24980,Соучастник
24981,Контролёр
24982,Невидимый
24983,Невидимый
24984,Контролёр
24985,Невидимый
24986,Контролёр
24987,Соучастник
24988,Контролёр
24989,Контролёр
24990,Контролёр
24991,Соучастник
24992,Невидимый
24993,Соучастник
24994,Соучастник
24995,Контролёр
24996,Контролёр
24997,Соучастник
24998,Невидимый
24999,Делегирующий
25000,Невидимый
25001,Невидимый
25002,Контролёр
25003,Соучастник
25004,Невидимый
25005,Невидимый
25006,Соучастник
25007,Невидимый
25008,Контролёр
25009,Контролёр
25010,Контролёр
25011,Контролёр
25012,Невидимый
25013,Контролёр
25014,Соучастник
25015,Контролёр
25016,Невидимый
25017,Контролёр
25018,Делегирующий
25019,Делегирующий
25020,Контролёр
25021,Невидимый
25022,Контролёр
25023,Соучастник
25024,Соучастник
25025,Контролёр
25026,Невидимый
25027,Невидимый
25028,Делегирующий
25029,Контролёр
25030,Контролёр
25031,Невидимый
25032,Делегирующий
25033,Соучастник
25034,Невидимый
25035,Соучастник
25036,Контролёр
25037,Контролёр
25038,Контролёр
25039,Невидимый
25040,Контролёр
25041,Контролёр
25042,Делегирующий
25043,Делегирующий
25044,Контролёр
25045,Невидимый
25046,Контролёр
25047,Контролёр
25048,Соучастник
25049,Соучастник
25050,Делегирующий
25051,Невидимый
25052,Невидимый
25053,Контролёр
25054,Соучастник
25055,Делегирующий
25056,Невидимый
25057,Невидимый
25058,Невидимый
25059,Контролёр
25060,Невидимый
25061,Невидимый
25062,Невидимый
25063,Делегирующий
25064,Делегирующий
25065,Невидимый
25066,Невидимый
25067,Контролёр
25068,Контролёр
25069,Контролёр
25070,Невидимый
25071,Делегирующий
25072,Контролёр
25073,Невидимый
25074,Контролёр
25075,Соучастник
25076,Невидимый
25077,Невидимый
25078,Делегирующий
25079,Контролёр
25080,Контролёр
25081,Соучастник
25082,Контролёр
25083,Невидимый
25084,Делегирующий
25085,Контролёр
25086,Невидимый
25087,Делегирующий
25088,Контролёр
25089,Делегирующий
25090,Контролёр
25091,Контролёр
25092,Контролёр
25093,Контролёр
25094,Контролёр
25095,Невидимый
25096,Невидимый
25097,Невидимый
25098,Контролёр
25099,Соучастник
25100,Контролёр
25101,Контролёр
25102,Невидимый
25103,Контролёр
25104,Невидимый
25105,Контролёр
25106,Контролёр
25107,Контролёр
25108,Делегирующий
25109,Делегирующий
25110,Контролёр
25111,Невидимый
25112,Невидимый
25113,Контролёр
25114,Соучастник
25115,Невидимый
25116,Делегирующий
25117,Невидимый
25118,Контролёр
25119,Невидимый
25120,Делегирующий
25121,Невидимый
25122,Невидимый
25123,Контролёр
25124,Невидимый
25125,Делегирующий
25126,Делегирующий
25127,Делегирующий
25128,Контролёр
25129,Контролёр
25130,Контролёр
25131,Невидимый
25132,Соучастник
25133,Соучастник
25134,Соучастник
25135,Невидимый
25136,Невидимый
25137,Делегирующий
25138,Контролёр
25139,Невидимый
25140,Невидимый
25141,Контролёр
25142,Делегирующий
25143,Делегирующий
25144,Невидимый
25145,Невидимый
25146,Соучастник
25147,Соучастник
25148,Контролёр
25149,Невидимый
25150,Соучастник
25151,Контролёр
25152,Контролёр
25153,Контролёр
25154,Делегирующий
25155,Контролёр
25156,Соучастник
25157,Контролёр
25158,Соучастник
25159,Контролёр
25160,Соучастник
25161,Контролёр
25162,Контролёр
25163,Делегирующий
25164,Контролёр
25165,Соучастник
25166,Соучастник
25167,Невидимый
25168,Невидимый
25169,Соучастник
25170,Невидимый
25171,Контролёр
25172,Невидимый
25173,Невидимый
25174,Невидимый
25175,Невидимый
25176,Соучастник
25177,Невидимый
25178,Невидимый
25179,Делегирующий
25180,Делегирующий
25181,Соучастник
25182,Контролёр
25183,Соучастник
25184,Контролёр
25185,Невидимый
25186,Соучастник
25187,Контролёр
25188,Невидимый
25189,Контролёр
25190,Делегирующий
25191,Невидимый
25192,Контролёр
25193,Невидимый
25194,Соучастник
25195,Невидимый
25196,Соучастник
25197,Невидимый
25198,Невидимый
25199,Контролёр
25200,Соучастник
25201,Соучастник
25202,Делегирующий
25203,Соучастник
25204,Соучастник
25205,Контролёр
25206,Невидимый
25207,Контролёр
25208,Контролёр
25209,Делегирующий
25210,Контролёр
25211,Контролёр
25212,Невидимый
25213,Соучастник
25214,Контролёр
25215,Делегирующий
25216,Контролёр
25217,Соучастник
25218,Контролёр
25219,Невидимый
25220,Делегирующий
25221,Контролёр
25222,Соучастник
25223,Невидимый
25224,Контролёр
25225,Делегирующий
25226,Соучастник
25227,Невидимый
25228,Контролёр
25229,Делегирующий
25230,Невидимый
25231,Контролёр
25232,Делегирующий
25233,Делегирующий
25234,Делегирующий
25235,Контролёр
25236,Делегирующий
25237,Невидимый
25238,Контролёр
25239,Невидимый
25240,Невидимый
25241,Контролёр
25242,Невидимый
25243,Контролёр
25244,Соучастник
25245,Делегирующий
25246,Контролёр
25247,Контролёр
25248,Соучастник
25249,Делегирующий
25250,Невидимый
25251,Невидимый
25252,Контролёр
25253,Контролёр
25254,Контролёр
25255,Невидимый
25256,Делегирующий
25257,Контролёр
25258,Невидимый
25259,Соучастник
25260,Невидимый
25261,Невидимый
25262,Невидимый
25263,Соучастник
25264,Контролёр
25265,Контролёр
25266,Контролёр
25267,Невидимый
25268,Невидимый
25269,Невидимый
25270,Контролёр
25271,Делегирующий
25272,Делегирующий
25273,Соучастник
25274,Невидимый
25275,Контролёр
25276,Соучастник
25277,Контролёр
25278,Контролёр
25279,Невидимый
25280,Невидимый
25281,Делегирующий
25282,Невидимый
25283,Контролёр
25284,Контролёр
25285,Соучастник
25286,Делегирующий
25287,Контролёр
25288,Контролёр
25289,Невидимый
25290,Невидимый
25291,Контролёр
25292,Невидимый
25293,Делегирующий
25294,Контролёр
25295,Контролёр
25296,Делегирующий
25297,Невидимый
25298,Соучастник
25299,Невидимый
25300,Соучастник
25301,Невидимый
25302,Невидимый
25303,Контролёр
25304,Соучастник
25305,Контролёр
25306,Контролёр
25307,Контролёр
25308,Контролёр
25309,Соучастник
25310,Невидимый
25311,Контролёр
25312,Невидимый
25313,Соучастник
25314,Соучастник
25315,Невидимый
25316,Делегирующий
25317,Соучастник
25318,Соучастник
25319,Делегирующий
25320,Делегирующий
25321,Контролёр
25322,Невидимый
25323,Невидимый
25324,Невидимый
25325,Контролёр
25326,Контролёр
25327,Делегирующий
25328,Невидимый
25329,Невидимый
25330,Контролёр
25331,Невидимый
25332,Невидимый
25333,Контролёр
25334,Делегирующий
25335,Невидимый
25336,Невидимый
25337,Делегирующий
25338,Делегирующий
25339,Делегирующий
25340,Соучастник
25341,Невидимый
25342,Контролёр
25343,Контролёр
25344,Контролёр
25345,Невидимый
25346,Невидимый
25347,Невидимый
25348,Контролёр
25349,Делегирующий
25350,Невидимый
25351,Контролёр
25352,Невидимый
25353,Контролёр
25354,Делегирующий
25355,Невидимый
25356,Контролёр
25357,Делегирующий
25358,Невидимый
25359,Контролёр
25360,Невидимый
25361,Делегирующий
25362,Контролёр
25363,Делегирующий
25364,Контролёр
25365,Невидимый
25366,Контролёр
25367,Контролёр
25368,Невидимый
25369,Контролёр
25370,Невидимый
25371,Делегирующий
25372,Контролёр
25373,Соучастник
25374,Контролёр
25375,Невидимый
25376,Контролёр
25377,Соучастник
25378,Контролёр
25379,Контролёр
25380,Невидимый
25381,Невидимый
25382,Делегирующий
25383,Контролёр
25384,Контролёр
25385,Соучастник
25386,Делегирующий
25387,Делегирующий
25388,Невидимый
25389,Соучастник
25390,Невидимый
25391,Делегирующий
25392,Делегирующий
25393,Невидимый
25394,Делегирующий
25395,Невидимый
25396,Контролёр
25397,Невидимый
25398,Невидимый
25399,Контролёр
25400,Невидимый
25401,Контролёр
25402,Невидимый
25403,Соучастник
25404,Контролёр
25405,Контролёр
25406,Невидимый
25407,Контролёр
25408,Контролёр
25409,Контролёр
25410,Контролёр
25411,Невидимый
25412,Делегирующий
25413,Невидимый
25414,Соучастник
25415,Соучастник
25416,Делегирующий
25417,Делегирующий
25418,Контролёр
25419,Контролёр
25420,Невидимый
25421,Контролёр
25422,Делегирующий
25423,Соучастник
25424,Контролёр
25425,Делегирующий
25426,Невидимый
25427,Соучастник
25428,Невидимый
25429,Контролёр
25430,Соучастник
25431,Невидимый
25432,Контролёр
25433,Контролёр
25434,Делегирующий
25435,Невидимый
25436,Контролёр
25437,Соучастник
25438,Контролёр
25439,Делегирующий
25440,Контролёр
25441,Контролёр
25442,Контролёр
25443,Делегирующий
25444,Делегирующий
25445,Невидимый
25446,Контролёр
25447,Контролёр
25448,Невидимый
25449,Невидимый
25450,Невидимый
25451,Делегирующий
25452,Соучастник
25453,Невидимый
25454,Контролёр
25455,Контролёр
25456,Невидимый
25457,Делегирующий
25458,Контролёр
25459,Контролёр
25460,Невидимый
25461,Соучастник
25462,Невидимый
25463,Невидимый
25464,Делегирующий
25465,Делегирующий
25466,Контролёр
25467,Соучастник
25468,Контролёр
25469,Невидимый
25470,Контролёр
25471,Делегирующий
25472,Контролёр
25473,Делегирующий
25474,Невидимый
25475,Невидимый
25476,Невидимый
25477,Контролёр
25478,Делегирующий
25479,Невидимый
25480,Делегирующий
25481,Невидимый
25482,Контролёр
25483,Делегирующий
25484,Делегирующий
25485,Невидимый
25486,Невидимый
25487,Контролёр
25488,Контролёр
25489,Контролёр
25490,Невидимый
25491,Невидимый
25492,Невидимый
25493,Невидимый
25494,Контролёр
25495,Контролёр
25496,Невидимый
25497,Делегирующий
25498,Контролёр
25499,Контролёр
25500,Контролёр
25501,Соучастник
25502,Контролёр
25503,Делегирующий
25504,Соучастник
25505,Делегирующий
25506,Делегирующий
25507,Невидимый
25508,Невидимый
25509,Делегирующий
25510,Невидимый
25511,Невидимый
25512,Невидимый
25513,Невидимый
25514,Невидимый
25515,Контролёр
25516,Делегирующий
25517,Контролёр
25518,Невидимый
25519,Контролёр
25520,Контролёр
25521,Делегирующий
25522,Невидимый
25523,Делегирующий
25524,Невидимый
25525,Соучастник
25526,Невидимый
25527,Контролёр
25528,Соучастник
25529,Соучастник
25530,Невидимый
25531,Делегирующий
25532,Невидимый
25533,Контролёр
25534,Контролёр
25535,Контролёр
25536,Контролёр
25537,Невидимый
25538,Контролёр
25539,Соучастник
25540,Контролёр
25541,Делегирующий
25542,Невидимый
25543,Невидимый
25544,Контролёр
25545,Контролёр
25546,Контролёр
25547,Контролёр
25548,Соучастник
25549,Контролёр
25550,Соучастник
25551,Невидимый
25552,Делегирующий
25553,Контролёр
25554,Невидимый
25555,Контролёр
25556,Контролёр
25557,Невидимый
25558,Контролёр
25559,Контролёр
25560,Соучастник
25561,Контролёр
25562,Контролёр
25563,Контролёр
25564,Контролёр
25565,Соучастник
25566,Невидимый
25567,Невидимый
25568,Контролёр
25569,Делегирующий
25570,Контролёр
25571,Контролёр
25572,Контролёр
25573,Невидимый
25574,Невидимый
25575,Невидимый
25576,Невидимый
25577,Невидимый
25578,Делегирующий
25579,Делегирующий
25580,Делегирующий
25581,Делегирующий
25582,Контролёр
25583,Контролёр
25584,Делегирующий
25585,Соучастник
25586,Делегирующий
25587,Соучастник
25588,Соучастник
25589,Невидимый
25590,Контролёр
25591,Невидимый
25592,Контролёр
25593,Делегирующий
25594,Соучастник
25595,Контролёр
25596,Контролёр
25597,Делегирующий
25598,Невидимый
25599,Делегирующий
25600,Невидимый
25601,Соучастник
25602,Невидимый
25603,Контролёр
25604,Невидимый
25605,Контролёр
25606,Соучастник
25607,Контролёр
25608,Контролёр
25609,Невидимый
25610,Соучастник
25611,Невидимый
25612,Контролёр
25613,Делегирующий
25614,Делегирующий
25615,Делегирующий
25616,Делегирующий
25617,Контролёр
25618,Невидимый
25619,Контролёр
25620,Соучастник
25621,Соучастник
25622,Контролёр
25623,Невидимый
25624,Соучастник
25625,Контролёр
25626,Контролёр
25627,Невидимый
25628,Невидимый
25629,Контролёр
25630,Делегирующий
25631,Делегирующий
25632,Соучастник
25633,Контролёр
25634,Контролёр
25635,Делегирующий
25636,Контролёр
25637,Соучастник
25638,Невидимый
25639,Соучастник
25640,Соучастник
25641,Контролёр
25642,Соучастник
25643,Соучастник
25644,Делегирующий
25645,Невидимый
25646,Контролёр
25647,Контролёр
25648,Контролёр
25649,Делегирующий
25650,Делегирующий
25651,Контролёр
25652,Невидимый
25653,Контролёр
25654,Контролёр
25655,Соучастник
25656,Соучастник
25657,Соучастник
25658,Контролёр
25659,Контролёр
25660,Невидимый
25661,Контролёр
25662,Контролёр
25663,Делегирующий
25664,Контролёр
25665,Делегирующий
25666,Невидимый
25667,Контролёр
25668,Контролёр
25669,Делегирующий
25670,Невидимый
25671,Контролёр
25672,Невидимый
25673,Соучастник
25674,Соучастник
25675,Контролёр
25676,Контролёр
25677,Соучастник
25678,Контролёр
25679,Делегирующий
25680,Контролёр
25681,Делегирующий
25682,Делегирующий
25683,Контролёр
25684,Контролёр
25685,Делегирующий
25686,Контролёр
25687,Контролёр
25688,Делегирующий
25689,Контролёр
25690,Контролёр
25691,Делегирующий
25692,Делегирующий
25693,Невидимый
25694,Невидимый
25695,Контролёр
25696,Невидимый
25697,Невидимый
25698,Контролёр
25699,Невидимый
25700,Контролёр
25701,Делегирующий
25702,Невидимый
25703,Контролёр
25704,Соучастник
25705,Контролёр
25706,Контролёр
25707,Контролёр
25708,Делегирующий
25709,Контролёр
25710,Делегирующий
25711,Контролёр
25712,Контролёр
25713,Невидимый
25714,Соучастник
25715,Соучастник
25716,Невидимый
25717,Контролёр
25718,Делегирующий
25719,Невидимый
25720,Невидимый
25721,Невидимый
25722,Контролёр
25723,Невидимый
25724,Контролёр
25725,Контролёр
25726,Контролёр
25727,Контролёр
25728,Невидимый
25729,Контролёр
25730,Контролёр
25731,Невидимый
25732,Контролёр
25733,Невидимый
25734,Невидимый
25735,Невидимый
25736,Невидимый
25737,Контролёр
25738,Контролёр
25739,Невидимый
25740,Контролёр
25741,Соучастник
25742,Соучастник
25743,Контролёр
25744,Соучастник
25745,Контролёр
25746,Невидимый
25747,Соучастник
25748,Невидимый
25749,Невидимый
25750,Невидимый
25751,Соучастник
25752,Делегирующий
25753,Невидимый
25754,Невидимый
25755,Невидимый
25756,Контролёр
25757,Контролёр
25758,Соучастник
25759,Контролёр
25760,Невидимый
25761,Соучастник
25762,Делегирующий
25763,Контролёр
25764,Делегирующий
25765,Невидимый
25766,Соучастник
25767,Невидимый
25768,Делегирующий
25769,Невидимый
25770,Соучастник
25771,Контролёр
25772,Контролёр
25773,Невидимый
25774,Невидимый
25775,Делегирующий
25776,Невидимый
25777,Контролёр
25778,Соучастник
25779,Невидимый
25780,Соучастник
25781,Невидимый
25782,Контролёр
25783,Невидимый
25784,Делегирующий
25785,Делегирующий
25786,Невидимый
25787,Контролёр
25788,Невидимый
25789,Делегирующий
25790,Контролёр
25791,Невидимый
25792,Невидимый
25793,Соучастник
25794,Контролёр
25795,Контролёр
25796,Контролёр
25797,Контролёр
25798,Невидимый
25799,Контролёр
25800,Соучастник
25801,Невидимый
25802,Контролёр
25803,Невидимый
25804,Невидимый
25805,Делегирующий
25806,Делегирующий
25807,Контролёр
25808,Контролёр
25809,Делегирующий
25810,Делегирующий
25811,Делегирующий
25812,Соучастник
25813,Невидимый
25814,Невидимый
25815,Контролёр
25816,Делегирующий
25817,Делегирующий
25818,Невидимый
25819,Соучастник
25820,Контролёр
25821,Соучастник
25822,Делегирующий
25823,Невидимый
25824,Невидимый
25825,Невидимый
25826,Делегирующий
25827,Соучастник
25828,Соучастник
25829,Соучастник
25830,Делегирующий
25831,Контролёр
25832,Невидимый
25833,Делегирующий
25834,Контролёр
25835,Невидимый
25836,Делегирующий
25837,Делегирующий
25838,Делегирующий
25839,Контролёр
25840,Контролёр
25841,Контролёр
25842,Невидимый
25843,Соучастник
25844,Невидимый
25845,Контролёр
25846,Невидимый
25847,Невидимый
25848,Делегирующий
25849,Делегирующий
25850,Невидимый
25851,Соучастник
25852,Невидимый
25853,Невидимый
25854,Невидимый
25855,Невидимый
25856,Контролёр
25857,Соучастник
25858,Делегирующий
25859,Контролёр
25860,Невидимый
25861,Контролёр
25862,Делегирующий
25863,Контролёр
25864,Контролёр
25865,Контролёр
25866,Невидимый
25867,Соучастник
25868,Контролёр
25869,Соучастник
25870,Невидимый
25871,Невидимый
25872,Контролёр
25873,Невидимый
25874,Невидимый
25875,Невидимый
25876,Делегирующий
25877,Соучастник
25878,Делегирующий
25879,Контролёр
25880,Делегирующий
25881,Контролёр
25882,Соучастник
25883,Контролёр
25884,Контролёр
25885,Контролёр
25886,Контролёр
25887,Делегирующий
25888,Контролёр
25889,Невидимый
25890,Невидимый
25891,Контролёр
25892,Невидимый
25893,Делегирующий
25894,Соучастник
25895,Невидимый
25896,Контролёр
25897,Контролёр
25898,Невидимый
25899,Контролёр
25900,Невидимый
25901,Невидимый
25902,Невидимый
25903,Контролёр
25904,Делегирующий
25905,Контролёр
25906,Контролёр
25907,Контролёр
25908,Соучастник
25909,Соучастник
25910,Контролёр
25911,Контролёр
25912,Контролёр
25913,Невидимый
25914,Контролёр
25915,Невидимый
25916,Контролёр
25917,Соучастник
25918,Контролёр
25919,Контролёр
25920,Соучастник
25921,Контролёр
25922,Делегирующий
25923,Невидимый
25924,Контролёр
25925,Контролёр
25926,Соучастник
25927,Соучастник
25928,Делегирующий
25929,Невидимый
25930,Невидимый
25931,Делегирующий
25932,Контролёр
25933,Контролёр
25934,Невидимый
25935,Невидимый
25936,Контролёр
25937,Соучастник
25938,Соучастник
25939,Невидимый
25940,Соучастник
25941,Делегирующий
25942,Контролёр
25943,Контролёр
25944,Контролёр
25945,Невидимый
25946,Невидимый
25947,Делегирующий
25948,Контролёр
25949,Контролёр
25950,Соучастник
25951,Невидимый
25952,Невидимый
25953,Контролёр
25954,Соучастник
25955,Делегирующий
25956,Соучастник
25957,Делегирующий
25958,Контролёр
25959,Невидимый
25960,Невидимый
25961,Невидимый
25962,Контролёр
25963,Невидимый
25964,Соучастник
25965,Делегирующий
25966,Делегирующий
25967,Контролёр
25968,Невидимый
25969,Невидимый
25970,Соучастник
25971,Соучастник
25972,Соучастник
25973,Невидимый
25974,Соучастник
25975,Делегирующий
25976,Невидимый
25977,Невидимый
25978,Контролёр
25979,Контролёр
25980,Соучастник
25981,Невидимый
25982,Делегирующий
25983,Невидимый
25984,Соучастник
25985,Соучастник
25986,Невидимый
25987,Соучастник
25988,Контролёр
25989,Соучастник
25990,Соучастник
25991,Контролёр
25992,Соучастник
25993,Делегирующий
25994,Контролёр
25995,Соучастник
25996,Соучастник
25997,Невидимый
25998,Контролёр
25999,Делегирующий
26000,Невидимый
26001,Невидимый
26002,Контролёр
26003,Контролёр
26004,Контролёр
26005,Невидимый
26006,Невидимый
26007,Контролёр
26008,Делегирующий
26009,Соучастник
26010,Контролёр
26011,Невидимый
26012,Невидимый
26013,Делегирующий
26014,Соучастник
26015,Соучастник
26016,Контролёр
26017,Контролёр
26018,Контролёр
26019,Невидимый
26020,Контролёр
26021,Соучастник
26022,Невидимый
26023,Контролёр
26024,Невидимый
26025,Невидимый
26026,Невидимый
26027,Невидимый
26028,Контролёр
26029,Контролёр
26030,Контролёр
26031,Невидимый
26032,Соучастник
26033,Невидимый
26034,Невидимый
26035,Соучастник
26036,Контролёр
26037,Делегирующий
26038,Контролёр
26039,Делегирующий
26040,Контролёр
26041,Контролёр
26042,Контролёр
26043,Контролёр
26044,Контролёр
26045,Невидимый
26046,Соучастник
26047,Соучастник
26048,Невидимый
26049,Контролёр
26050,Невидимый
26051,Делегирующий
26052,Контролёр
26053,Невидимый
26054,Контролёр
26055,Контролёр
26056,Соучастник
26057,Делегирующий
26058,Соучастник
26059,Невидимый
26060,Невидимый
26061,Контролёр
26062,Контролёр
26063,Контролёр
26064,Соучастник
26065,Делегирующий
26066,Контролёр
26067,Соучастник
26068,Контролёр
26069,Невидимый
26070,Контролёр
26071,Невидимый
26072,Соучастник
26073,Невидимый
26074,Невидимый
26075,Соучастник
26076,Контролёр
26077,Контролёр
26078,Соучастник
26079,Контролёр
26080,Контролёр
26081,Соучастник
26082,Контролёр
26083,Контролёр
26084,Контролёр
26085,Соучастник
26086,Соучастник
26087,Соучастник
26088,Контролёр
26089,Соучастник
26090,Соучастник
26091,Контролёр
26092,Невидимый
26093,Невидимый
26094,Контролёр
26095,Контролёр
26096,Контролёр
26097,Контролёр
26098,Делегирующий
26099,Контролёр
26100,Контролёр
26101,Соучастник
26102,Невидимый
26103,Соучастник
26104,Соучастник
26105,Делегирующий
26106,Соучастник
26107,Контролёр
26108,Невидимый
26109,Соучастник
26110,Невидимый
26111,Невидимый
26112,Делегирующий
26113,Невидимый
26114,Контролёр
26115,Соучастник
26116,Контролёр
26117,Невидимый
26118,Контролёр
26119,Соучастник
26120,Делегирующий
26121,Невидимый
26122,Невидимый
26123,Невидимый
26124,Невидимый
26125,Контролёр
26126,Невидимый
26127,Невидимый
26128,Невидимый
26129,Контролёр
26130,Контролёр
26131,Соучастник
26132,Соучастник
26133,Соучастник
26134,Невидимый
26135,Невидимый
26136,Делегирующий
26137,Соучастник
26138,Делегирующий
26139,Контролёр
26140,Контролёр
26141,Контролёр
26142,Контролёр
26143,Соучастник
26144,Невидимый
26145,Невидимый
26146,Контролёр
26147,Контролёр
26148,Контролёр
26149,Невидимый
26150,Невидимый
26151,Соучастник
26152,Невидимый
26153,Контролёр
26154,Невидимый
26155,Соучастник
26156,Делегирующий
26157,Невидимый
26158,Делегирующий
26159,Делегирующий
26160,Контролёр
26161,Соучастник
26162,Соучастник
26163,Контролёр
26164,Контролёр
26165,Делегирующий
26166,Невидимый
26167,Контролёр
26168,Контролёр
26169,Невидимый
26170,Контролёр
26171,Невидимый
26172,Контролёр
26173,Контролёр
26174,Невидимый
26175,Контролёр
26176,Делегирующий
26177,Делегирующий
26178,Невидимый
26179,Контролёр
26180,Делегирующий
26181,Соучастник
26182,Невидимый
26183,Контролёр
26184,Контролёр
26185,Невидимый
26186,Невидимый
26187,Контролёр
26188,Невидимый
26189,Невидимый
26190,Соучастник
26191,Делегирующий
26192,Делегирующий
26193,Контролёр
26194,Делегирующий
26195,Невидимый
26196,Делегирующий
26197,Контролёр
26198,Невидимый
26199,Невидимый
26200,Контролёр
26201,Невидимый
26202,Невидимый
26203,Контролёр
26204,Контролёр
26205,Невидимый
26206,Соучастник
26207,Контролёр
26208,Невидимый
26209,Контролёр
26210,Невидимый
26211,Делегирующий
26212,Соучастник
26213,Соучастник
26214,Контролёр
26215,Делегирующий
26216,Контролёр
26217,Делегирующий
26218,Невидимый
26219,Делегирующий
26220,Невидимый
26221,Невидимый
26222,Контролёр
26223,Соучастник
26224,Делегирующий
26225,Соучастник
26226,Делегирующий
26227,Невидимый
26228,Невидимый
26229,Делегирующий
26230,Делегирующий
26231,Контролёр
26232,Невидимый
26233,Контролёр
26234,Контролёр
26235,Невидимый
26236,Контролёр
26237,Делегирующий
26238,Контролёр
26239,Контролёр
26240,Соучастник
26241,Невидимый
26242,Контролёр
26243,Контролёр
26244,Контролёр
26245,Контролёр
26246,Соучастник
26247,Контролёр
26248,Контролёр
26249,Контролёр
26250,Контролёр
26251,Невидимый
26252,Контролёр
26253,Контролёр
26254,Невидимый
26255,Делегирующий
26256,Невидимый
26257,Делегирующий
26258,Делегирующий
26259,Соучастник
26260,Контролёр
26261,Контролёр
26262,Делегирующий
26263,Контролёр
26264,Делегирующий
26265,Контролёр
26266,Невидимый
26267,Делегирующий
26268,Невидимый
26269,Делегирующий
26270,Невидимый
26271,Контролёр
26272,Контролёр
26273,Невидимый
26274,Соучастник
26275,Делегирующий
26276,Невидимый
26277,Делегирующий
26278,Невидимый
26279,Контролёр
26280,Контролёр
26281,Контролёр
26282,Делегирующий
26283,Контролёр
26284,Делегирующий
26285,Соучастник
26286,Контролёр
26287,Контролёр
26288,Невидимый
26289,Соучастник
26290,Соучастник
26291,Контролёр
26292,Соучастник
26293,Невидимый
26294,Контролёр
26295,Делегирующий
26296,Контролёр
26297,Невидимый
26298,Невидимый
26299,Контролёр
26300,Контролёр
26301,Соучастник
26302,Контролёр
26303,Невидимый
26304,Делегирующий
26305,Делегирующий
26306,Контролёр
26307,Контролёр
26308,Невидимый
26309,Делегирующий
26310,Контролёр
26311,Контролёр
26312,Контролёр
26313,Невидимый
26314,Невидимый
26315,Делегирующий
26316,Соучастник
26317,Невидимый
26318,Делегирующий
26319,Контролёр
26320,Делегирующий
26321,Делегирующий
26322,Делегирующий
26323,Контролёр
26324,Контролёр
26325,Контролёр
26326,Контролёр
26327,Делегирующий
26328,Контролёр
26329,Контролёр
26330,Невидимый
26331,Контролёр
26332,Контролёр
26333,Контролёр
26334,Соучастник
26335,Невидимый
26336,Невидимый
26337,Контролёр
26338,Невидимый
26339,Делегирующий
26340,Контролёр
26341,Делегирующий
26342,Контролёр
26343,Невидимый
26344,Соучастник
26345,Контролёр
26346,Соучастник
26347,Контролёр
26348,Соучастник
26349,Соучастник
26350,Невидимый
26351,Контролёр
26352,Невидимый
26353,Контролёр
26354,Делегирующий
26355,Контролёр
26356,Невидимый
26357,Контролёр
26358,Невидимый
26359,Контролёр
26360,Невидимый
26361,Соучастник
26362,Контролёр
26363,Невидимый
26364,Контролёр
26365,Соучастник
26366,Контролёр
26367,Делегирующий
26368,Соучастник
26369,Невидимый
26370,Контролёр
26371,Соучастник
26372,Невидимый
26373,Невидимый
26374,Контролёр
26375,Соучастник
26376,Невидимый
26377,Невидимый
26378,Контролёр
26379,Невидимый
26380,Контролёр
26381,Контролёр
26382,Невидимый
26383,Соучастник
26384,Невидимый
26385,Делегирующий
26386,Контролёр
26387,Контролёр
26388,Контролёр
26389,Контролёр
26390,Невидимый
26391,Контролёр
26392,Делегирующий
26393,Контролёр
26394,Невидимый
26395,Контролёр
26396,Соучастник
26397,Невидимый
26398,Делегирующий
26399,Невидимый
26400,Делегирующий
26401,Контролёр
26402,Невидимый
26403,Делегирующий
26404,Контролёр
26405,Контролёр
26406,Контролёр
26407,Невидимый
26408,Контролёр
26409,Невидимый
26410,Соучастник
26411,Невидимый
26412,Соучастник
26413,Делегирующий
26414,Делегирующий
26415,Контролёр
26416,Делегирующий
26417,Соучастник
26418,Контролёр
26419,Контролёр
26420,Контролёр
26421,Невидимый
26422,Контролёр
26423,Контролёр
26424,Соучастник
26425,Контролёр
26426,Невидимый
26427,Невидимый
26428,Делегирующий
26429,Невидимый
26430,Соучастник
26431,Контролёр
26432,Контролёр
26433,Контролёр
26434,Контролёр
26435,Делегирующий
26436,Контролёр
26437,Делегирующий
26438,Невидимый
26439,Контролёр
26440,Невидимый
26441,Контролёр
26442,Невидимый
26443,Соучастник
26444,Контролёр
26445,Контролёр
26446,Контролёр
26447,Делегирующий
26448,Невидимый
26449,Делегирующий
26450,Делегирующий
26451,Делегирующий
26452,Невидимый
26453,Контролёр
26454,Соучастник
26455,Невидимый
26456,Соучастник
26457,Контролёр
26458,Контролёр
26459,Невидимый
26460,Делегирующий
26461,Соучастник
26462,Контролёр
26463,Контролёр
26464,Контролёр
26465,Невидимый
26466,Контролёр
26467,Контролёр
26468,Делегирующий
26469,Контролёр
26470,Соучастник
26471,Делегирующий
26472,Невидимый
26473,Делегирующий
26474,Контролёр
26475,Невидимый
26476,Контролёр
26477,Делегирующий
26478,Невидимый
26479,Невидимый
26480,Соучастник
26481,Соучастник
26482,Контролёр
26483,Невидимый
26484,Контролёр
26485,Делегирующий
26486,Невидимый
26487,Невидимый
26488,Контролёр
26489,Невидимый
26490,Контролёр
26491,Контролёр
26492,Делегирующий
26493,Контролёр
26494,Контролёр
26495,Соучастник
26496,Невидимый
26497,Контролёр
26498,Невидимый
26499,Контролёр
26500,Соучастник
26501,Невидимый
26502,Соучастник
26503,Делегирующий
26504,Невидимый
26505,Делегирующий
26506,Невидимый
26507,Делегирующий
26508,Делегирующий
26509,Контролёр
26510,Невидимый
26511,Делегирующий
26512,Делегирующий
26513,Соучастник
26514,Контролёр
26515,Делегирующий
26516,Делегирующий
26517,Делегирующий
26518,Контролёр
26519,Контролёр
26520,Невидимый
26521,Невидимый
26522,Контролёр
26523,Контролёр
26524,Контролёр
26525,Невидимый
26526,Контролёр
26527,Невидимый
26528,Контролёр
26529,Соучастник
26530,Контролёр
26531,Контролёр
26532,Соучастник
26533,Контролёр
26534,Соучастник
26535,Невидимый
26536,Контролёр
26537,Соучастник
26538,Невидимый
26539,Контролёр
26540,Контролёр
26541,Соучастник
26542,Контролёр
26543,Контролёр
26544,Невидимый
26545,Соучастник
26546,Делегирующий
26547,Контролёр
26548,Контролёр
26549,Невидимый
26550,Невидимый
26551,Делегирующий
26552,Контролёр
26553,Невидимый
26554,Делегирующий
26555,Невидимый
26556,Невидимый
26557,Контролёр
26558,Контролёр
26559,Невидимый
26560,Соучастник
26561,Невидимый
26562,Контролёр
26563,Невидимый
26564,Контролёр
26565,Делегирующий
26566,Делегирующий
26567,Соучастник
26568,Контролёр
26569,Контролёр
26570,Делегирующий
26571,Делегирующий
26572,Соучастник
26573,Соучастник
26574,Невидимый
26575,Контролёр
26576,Контролёр
26577,Делегирующий
26578,Соучастник
26579,Делегирующий
26580,Невидимый
26581,Невидимый
26582,Делегирующий
26583,Контролёр
26584,Контролёр
26585,Невидимый
26586,Невидимый
26587,Невидимый
26588,Делегирующий
26589,Невидимый
26590,Делегирующий
26591,Делегирующий
26592,Контролёр
26593,Невидимый
26594,Невидимый
26595,Невидимый
26596,Контролёр
26597,Контролёр
26598,Соучастник
26599,Контролёр
26600,Контролёр
26601,Невидимый
26602,Контролёр
26603,Невидимый
26604,Контролёр
26605,Контролёр
26606,Контролёр
26607,Невидимый
26608,Контролёр
26609,Контролёр
26610,Невидимый
26611,Невидимый
26612,Делегирующий
26613,Невидимый
26614,Делегирующий
26615,Делегирующий
26616,Контролёр
26617,Невидимый
26618,Невидимый
26619,Контролёр
26620,Делегирующий
26621,Контролёр
26622,Контролёр
26623,Невидимый
26624,Делегирующий
26625,Невидимый
26626,Контролёр
26627,Контролёр
26628,Невидимый
26629,Делегирующий
26630,Невидимый
26631,Невидимый
26632,Контролёр
26633,Невидимый
26634,Невидимый
26635,Контролёр
26636,Делегирующий
26637,Невидимый
26638,Контролёр
26639,Контролёр
26640,Невидимый
26641,Соучастник
26642,Невидимый
26643,Контролёр
26644,Невидимый
26645,Невидимый
26646,Контролёр
26647,Невидимый
26648,Соучастник
26649,Контролёр
26650,Делегирующий
26651,Контролёр
26652,Невидимый
26653,Невидимый
26654,Контролёр
26655,Соучастник
26656,Делегирующий
26657,Контролёр
26658,Соучастник
26659,Невидимый
26660,Контролёр
26661,Делегирующий
26662,Контролёр
26663,Невидимый
26664,Контролёр
26665,Невидимый
26666,Невидимый
26667,Контролёр
26668,Делегирующий
26669,Невидимый
26670,Невидимый
26671,Невидимый
26672,Соучастник
26673,Соучастник
26674,Соучастник
26675,Делегирующий
26676,Делегирующий
26677,Невидимый
26678,Делегирующий
26679,Контролёр
26680,Невидимый
26681,Соучастник
26682,Соучастник
26683,Соучастник
26684,Контролёр
26685,Контролёр
26686,Контролёр
26687,Делегирующий
26688,Невидимый
26689,Соучастник
26690,Делегирующий
26691,Делегирующий
26692,Невидимый
26693,Невидимый
26694,Контролёр
26695,Контролёр
26696,Соучастник
26697,Невидимый
26698,Невидимый
26699,Делегирующий
26700,Контролёр
26701,Контролёр
26702,Контролёр
26703,Невидимый
26704,Невидимый
26705,Соучастник
26706,Невидимый
26707,Делегирующий
26708,Контролёр
26709,Невидимый
26710,Контролёр
26711,Контролёр
26712,Контролёр
26713,Делегирующий
26714,Соучастник
26715,Невидимый
26716,Невидимый
26717,Контролёр
26718,Соучастник
26719,Контролёр
26720,Невидимый
26721,Контролёр
26722,Невидимый
26723,Контролёр
26724,Контролёр
26725,Соучастник
26726,Контролёр
26727,Контролёр
26728,Делегирующий
26729,Невидимый
26730,Делегирующий
26731,Делегирующий
26732,Контролёр
26733,Делегирующий
26734,Невидимый
26735,Соучастник
26736,Контролёр
26737,Делегирующий
26738,Невидимый
26739,Делегирующий
26740,Контролёр
26741,Соучастник
26742,Контролёр
26743,Контролёр
26744,Контролёр
26745,Контролёр
26746,Соучастник
26747,Делегирующий
26748,Контролёр
26749,Контролёр
26750,Контролёр
26751,Невидимый
26752,Невидимый
26753,Контролёр
26754,Невидимый
26755,Невидимый
26756,Контролёр
26757,Контролёр
26758,Контролёр
26759,Соучастник
26760,Контролёр
26761,Контролёр
26762,Делегирующий
26763,Невидимый
26764,Контролёр
26765,Контролёр
26766,Контролёр
26767,Контролёр
26768,Контролёр
26769,Соучастник
26770,Невидимый
26771,Невидимый
26772,Контролёр
26773,Делегирующий
26774,Невидимый
26775,Соучастник
26776,Контролёр
26777,Делегирующий
26778,Соучастник
26779,Соучастник
26780,Делегирующий
26781,Контролёр
26782,Контролёр
26783,Контролёр
26784,Делегирующий
26785,Делегирующий
26786,Невидимый
26787,Контролёр
26788,Контролёр
26789,Невидимый
26790,Соучастник
26791,Невидимый
26792,Контролёр
26793,Контролёр
26794,Контролёр
26795,Контролёр
26796,Невидимый
26797,Контролёр
26798,Невидимый
26799,Невидимый
26800,Невидимый
26801,Контролёр
26802,Контролёр
26803,Контролёр
26804,Контролёр
26805,Соучастник
26806,Контролёр
26807,Контролёр
26808,Невидимый
26809,Невидимый
26810,Контролёр
26811,Невидимый
26812,Делегирующий
26813,Соучастник
26814,Соучастник
26815,Контролёр
26816,Контролёр
26817,Делегирующий
26818,Соучастник
26819,Контролёр
26820,Невидимый
26821,Контролёр
26822,Соучастник
26823,Делегирующий
26824,Контролёр
26825,Контролёр
26826,Невидимый
26827,Соучастник
26828,Контролёр
26829,Контролёр
26830,Делегирующий
26831,Контролёр
26832,Контролёр
26833,Невидимый
26834,Соучастник
26835,Контролёр
26836,Контролёр
26837,Соучастник
26838,Делегирующий
26839,Контролёр
26840,Соучастник
26841,Невидимый
26842,Контролёр
26843,Невидимый
26844,Контролёр
26845,Делегирующий
26846,Невидимый
26847,Невидимый
26848,Контролёр
26849,Соучастник
26850,Контролёр
26851,Контролёр
26852,Невидимый
26853,Контролёр
26854,Соучастник
26855,Контролёр
26856,Невидимый
26857,Делегирующий
26858,Невидимый
26859,Контролёр
26860,Делегирующий
26861,Контролёр
26862,Контролёр
26863,Невидимый
26864,Контролёр
26865,Делегирующий
26866,Контролёр
26867,Контролёр
26868,Невидимый
26869,Делегирующий
26870,Делегирующий
26871,Соучастник
26872,Невидимый
26873,Делегирующий
26874,Делегирующий
26875,Невидимый
26876,Контролёр
26877,Контролёр
26878,Контролёр
26879,Невидимый
26880,Соучастник
26881,Невидимый
26882,Делегирующий
26883,Контролёр
26884,Контролёр
26885,Контролёр
26886,Делегирующий
26887,Контролёр
26888,Невидимый
26889,Соучастник
26890,Соучастник
26891,Контролёр
26892,Невидимый
26893,Контролёр
26894,Контролёр
26895,Делегирующий
26896,Контролёр
26897,Контролёр
26898,Соучастник
26899,Невидимый
26900,Контролёр
26901,Соучастник
26902,Соучастник
26903,Контролёр
26904,Делегирующий
26905,Контролёр
26906,Делегирующий
26907,Соучастник
26908,Невидимый
26909,Делегирующий
26910,Контролёр
26911,Невидимый
26912,Контролёр
26913,Контролёр
26914,Соучастник
26915,Соучастник
26916,Контролёр
26917,Контролёр
26918,Невидимый
26919,Делегирующий
26920,Контролёр
26921,Контролёр
26922,Контролёр
26923,Контролёр
26924,Невидимый
26925,Невидимый
26926,Невидимый
26927,Контролёр
26928,Соучастник
26929,Делегирующий
26930,Контролёр
26931,Невидимый
26932,Соучастник
26933,Контролёр
26934,Невидимый
26935,Невидимый
26936,Делегирующий
26937,Соучастник
26938,Делегирующий
26939,Невидимый
26940,Невидимый
26941,Контролёр
26942,Контролёр
26943,Делегирующий
26944,Контролёр
26945,Контролёр
26946,Невидимый
26947,Соучастник
26948,Контролёр
26949,Делегирующий
26950,Контролёр
26951,Невидимый
26952,Контролёр
26953,Делегирующий
26954,Контролёр
26955,Невидимый
26956,Невидимый
26957,Невидимый
26958,Контролёр
26959,Контролёр
26960,Контролёр
26961,Контролёр
26962,Соучастник
26963,Контролёр
26964,Контролёр
26965,Делегирующий
26966,Невидимый
26967,Контролёр
26968,Контролёр
26969,Невидимый
26970,Невидимый
26971,Соучастник
26972,Соучастник
26973,Контролёр
26974,Контролёр
26975,Соучастник
26976,Контролёр
26977,Невидимый
26978,Соучастник
26979,Делегирующий
26980,Невидимый
26981,Контролёр
26982,Соучастник
26983,Делегирующий
26984,Контролёр
26985,Контролёр
26986,Контролёр
26987,Соучастник
26988,Контролёр
26989,Невидимый
26990,Соучастник
26991,Контролёр
26992,Делегирующий
26993,Соучастник
26994,Контролёр
26995,Соучастник
26996,Невидимый
26997,Контролёр
26998,Делегирующий
26999,Контролёр
27000,Невидимый
27001,Соучастник
27002,Контролёр
27003,Невидимый
27004,Контролёр
27005,Делегирующий
27006,Соучастник
27007,Невидимый
27008,Контролёр
27009,Соучастник
27010,Соучастник
27011,Невидимый
27012,Контролёр
27013,Контролёр
27014,Невидимый
27015,Невидимый
27016,Контролёр
27017,Соучастник
27018,Контролёр
27019,Делегирующий
27020,Делегирующий
27021,Соучастник
27022,Невидимый
27023,Делегирующий
27024,Контролёр
27025,Контролёр
27026,Делегирующий
27027,Невидимый
27028,Невидимый
27029,Контролёр
27030,Контролёр
27031,Невидимый
27032,Невидимый
27033,Делегирующий
27034,Контролёр
27035,Делегирующий
27036,Соучастник
27037,Невидимый
27038,Невидимый
27039,Делегирующий
27040,Невидимый
27041,Делегирующий
27042,Невидимый
27043,Невидимый
27044,Соучастник
27045,Невидимый
27046,Контролёр
27047,Делегирующий
27048,Контролёр
27049,Контролёр
27050,Контролёр
27051,Невидимый
27052,Делегирующий
27053,Невидимый
27054,Делегирующий
27055,Соучастник
27056,Соучастник
27057,Контролёр
27058,Контролёр
27059,Невидимый
27060,Контролёр
27061,Контролёр
27062,Делегирующий
27063,Контролёр
27064,Соучастник
27065,Контролёр
27066,Контролёр
27067,Невидимый
27068,Контролёр
27069,Контролёр
27070,Невидимый
27071,Делегирующий
27072,Контролёр
27073,Невидимый
27074,Контролёр
27075,Невидимый
27076,Контролёр
27077,Невидимый
27078,Контролёр
27079,Соучастник
27080,Соучастник
27081,Невидимый
27082,Делегирующий
27083,Невидимый
27084,Контролёр
27085,Контролёр
27086,Невидимый
27087,Делегирующий
27088,Контролёр
27089,Невидимый
27090,Контролёр
27091,Невидимый
27092,Невидимый
27093,Невидимый
27094,Контролёр
27095,Соучастник
27096,Контролёр
27097,Невидимый
27098,Невидимый
27099,Контролёр
27100,Делегирующий
27101,Контролёр
27102,Соучастник
27103,Контролёр
27104,Контролёр
27105,Контролёр
27106,Соучастник
27107,Соучастник
27108,Контролёр
27109,Невидимый
27110,Делегирующий
27111,Контролёр
27112,Невидимый
27113,Контролёр
27114,Соучастник
27115,Контролёр
27116,Контролёр
27117,Контролёр
27118,Делегирующий
27119,Невидимый
27120,Контролёр
27121,Невидимый
27122,Невидимый
27123,Контролёр
27124,Невидимый
27125,Невидимый
27126,Соучастник
27127,Невидимый
27128,Контролёр
27129,Невидимый
27130,Контролёр
27131,Соучастник
27132,Контролёр
27133,Невидимый
27134,Невидимый
27135,Невидимый
27136,Делегирующий
27137,Невидимый
27138,Невидимый
27139,Контролёр
27140,Контролёр
27141,Невидимый
27142,Невидимый
27143,Соучастник
27144,Соучастник
27145,Контролёр
27146,Делегирующий
27147,Делегирующий
27148,Соучастник
27149,Контролёр
27150,Делегирующий
27151,Контролёр
27152,Контролёр
27153,Делегирующий
27154,Соучастник
27155,Контролёр
27156,Невидимый
27157,Невидимый
27158,Контролёр
27159,Соучастник
27160,Соучастник
27161,Контролёр
27162,Контролёр
27163,Контролёр
27164,Делегирующий
27165,Контролёр
27166,Делегирующий
27167,Невидимый
27168,Делегирующий
27169,Делегирующий
27170,Делегирующий
27171,Делегирующий
27172,Невидимый
27173,Контролёр
27174,Соучастник
27175,Соучастник
27176,Контролёр
27177,Делегирующий
27178,Контролёр
27179,Делегирующий
27180,Контролёр
27181,Соучастник
27182,Контролёр
27183,Контролёр
27184,Контролёр
27185,Невидимый
27186,Делегирующий
27187,Контролёр
27188,Делегирующий
27189,Контролёр
27190,Контролёр
27191,Контролёр
27192,Соучастник
27193,Невидимый
27194,Контролёр
27195,Соучастник
27196,Контролёр
27197,Контролёр
27198,Контролёр
27199,Делегирующий
27200,Соучастник
27201,Соучастник
27202,Контролёр
27203,Делегирующий
27204,Делегирующий
27205,Делегирующий
27206,Контролёр
27207,Делегирующий
27208,Контролёр
27209,Невидимый
27210,Контролёр
27211,Делегирующий
27212,Делегирующий
27213,Контролёр
27214,Соучастник
27215,Невидимый
27216,Контролёр
27217,Делегирующий
27218,Невидимый
27219,Соучастник
27220,Соучастник
27221,Контролёр
27222,Контролёр
27223,Невидимый
27224,Невидимый
27225,Контролёр
27226,Контролёр
27227,Невидимый
27228,Соучастник
27229,Контролёр
27230,Контролёр
27231,Невидимый
27232,Невидимый
27233,Делегирующий
27234,Делегирующий
27235,Контролёр
27236,Невидимый
27237,Невидимый
27238,Невидимый
27239,Невидимый
27240,Контролёр
27241,Контролёр
27242,Делегирующий
27243,Контролёр
27244,Контролёр
27245,Контролёр
27246,Контролёр
27247,Контролёр
27248,Контролёр
27249,Соучастник
27250,Невидимый
27251,Контролёр
27252,Делегирующий
27253,Контролёр
27254,Делегирующий
27255,Контролёр
27256,Невидимый
27257,Делегирующий
27258,Невидимый
27259,Контролёр
27260,Делегирующий
27261,Контролёр
27262,Делегирующий
27263,Соучастник
27264,Невидимый
27265,Контролёр
27266,Контролёр
27267,Невидимый
27268,Контролёр
27269,Делегирующий
27270,Соучастник
27271,Делегирующий
27272,Контролёр
27273,Невидимый
27274,Невидимый
27275,Соучастник
27276,Делегирующий
27277,Невидимый
27278,Делегирующий
27279,Невидимый
27280,Невидимый
27281,Контролёр
27282,Делегирующий
27283,Контролёр
27284,Невидимый
27285,Контролёр
27286,Контролёр
27287,Контролёр
27288,Соучастник
27289,Делегирующий
27290,Контролёр
27291,Контролёр
27292,Контролёр
27293,Делегирующий
27294,Соучастник
27295,Контролёр
27296,Делегирующий
27297,Контролёр
27298,Невидимый
27299,Невидимый
27300,Делегирующий
27301,Контролёр
27302,Соучастник
27303,Контролёр
27304,Контролёр
27305,Делегирующий
27306,Соучастник
27307,Делегирующий
27308,Делегирующий
27309,Контролёр
27310,Невидимый
27311,Контролёр
27312,Соучастник
27313,Делегирующий
27314,Соучастник
27315,Невидимый
27316,Делегирующий
27317,Невидимый
27318,Контролёр
27319,Невидимый
27320,Делегирующий
27321,Контролёр
27322,Контролёр
27323,Невидимый
27324,Контролёр
27325,Соучастник
27326,Контролёр
27327,Контролёр
27328,Соучастник
27329,Контролёр
27330,Контролёр
27331,Невидимый
27332,Контролёр
27333,Невидимый
27334,Соучастник
27335,Невидимый
27336,Контролёр
27337,Невидимый
27338,Соучастник
27339,Контролёр
27340,Невидимый
27341,Невидимый
27342,Невидимый
27343,Делегирующий
27344,Невидимый
27345,Контролёр
27346,Невидимый
27347,Делегирующий
27348,Контролёр
27349,Контролёр
27350,Делегирующий
27351,Соучастник
27352,Контролёр
27353,Контролёр
27354,Невидимый
27355,Соучастник
27356,Делегирующий
27357,Невидимый
27358,Делегирующий
27359,Делегирующий
27360,Соучастник
27361,Соучастник
27362,Невидимый
27363,Невидимый
27364,Делегирующий
27365,Соучастник
27366,Делегирующий
27367,Делегирующий
27368,Соучастник
27369,Делегирующий
27370,Контролёр
27371,Невидимый
27372,Невидимый
27373,Невидимый
27374,Контролёр
27375,Контролёр
27376,Контролёр
27377,Соучастник
27378,Невидимый
27379,Делегирующий
27380,Делегирующий
27381,Контролёр
27382,Невидимый
27383,Контролёр
27384,Делегирующий
27385,Контролёр
27386,Контролёр
27387,Контролёр
27388,Невидимый
27389,Контролёр
27390,Контролёр
27391,Делегирующий
27392,Делегирующий
27393,Делегирующий
27394,Невидимый
27395,Делегирующий
27396,Контролёр
27397,Делегирующий
27398,Контролёр
27399,Контролёр
27400,Контролёр
27401,Соучастник
27402,Контролёр
27403,Соучастник
27404,Делегирующий
27405,Контролёр
27406,Делегирующий
27407,Невидимый
27408,Контролёр
27409,Контролёр
27410,Контролёр
27411,Контролёр
27412,Контролёр
27413,Невидимый
27414,Делегирующий
27415,Делегирующий
27416,Делегирующий
27417,Контролёр
27418,Контролёр
27419,Контролёр
27420,Соучастник
27421,Делегирующий
27422,Контролёр
27423,Контролёр
27424,Контролёр
27425,Контролёр
27426,Невидимый
27427,Невидимый
27428,Делегирующий
27429,Контролёр
27430,Невидимый
27431,Невидимый
27432,Контролёр
27433,Соучастник
27434,Контролёр
27435,Соучастник
27436,Контролёр
27437,Невидимый
27438,Делегирующий
27439,Делегирующий
27440,Контролёр
27441,Контролёр
27442,Делегирующий
27443,Контролёр
27444,Невидимый
27445,Невидимый
27446,Контролёр
27447,Контролёр
27448,Контролёр
27449,Контролёр
27450,Контролёр
27451,Контролёр
27452,Делегирующий
27453,Контролёр
27454,Контролёр
27455,Невидимый
27456,Делегирующий
27457,Соучастник
27458,Делегирующий
27459,Соучастник
27460,Невидимый
27461,Невидимый
27462,Контролёр
27463,Соучастник
27464,Невидимый
27465,Соучастник
27466,Соучастник
27467,Контролёр
27468,Невидимый
27469,Невидимый
27470,Невидимый
27471,Делегирующий
27472,Делегирующий
27473,Делегирующий
27474,Невидимый
27475,Соучастник
27476,Делегирующий
27477,Соучастник
27478,Невидимый
27479,Контролёр
27480,Соучастник
27481,Невидимый
27482,Невидимый
27483,Делегирующий
27484,Соучастник
27485,Делегирующий
27486,Невидимый
27487,Делегирующий
27488,Соучастник
27489,Контролёр
27490,Контролёр
27491,Соучастник
27492,Невидимый
27493,Невидимый
27494,Контролёр
27495,Невидимый
27496,Делегирующий
27497,Соучастник
27498,Невидимый
27499,Делегирующий
27500,Соучастник
27501,Невидимый
27502,Контролёр
27503,Невидимый
27504,Соучастник
27505,Соучастник
27506,Невидимый
27507,Невидимый
27508,Соучастник
27509,Делегирующий
27510,Делегирующий
27511,Невидимый
27512,Невидимый
27513,Контролёр
27514,Делегирующий
27515,Контролёр
27516,Делегирующий
27517,Делегирующий
27518,Контролёр
27519,Соучастник
27520,Невидимый
27521,Невидимый
27522,Невидимый
27523,Контролёр
27524,Соучастник
27525,Делегирующий
27526,Соучастник
27527,Контролёр
27528,Невидимый
27529,Контролёр
27530,Контролёр
27531,Контролёр
27532,Контролёр
27533,Невидимый
27534,Контролёр
27535,Соучастник
27536,Контролёр
27537,Невидимый
27538,Невидимый
27539,Невидимый
27540,Невидимый
27541,Соучастник
27542,Контролёр
27543,Контролёр
27544,Контролёр
27545,Невидимый
27546,Делегирующий
27547,Контролёр
27548,Контролёр
27549,Невидимый
27550,Контролёр
27551,Делегирующий
27552,Соучастник
27553,Невидимый
27554,Контролёр
27555,Невидимый
27556,Соучастник
27557,Невидимый
27558,Невидимый
27559,Контролёр
27560,Контролёр
27561,Делегирующий
27562,Соучастник
27563,Контролёр
27564,Делегирующий
27565,Контролёр
27566,Невидимый
27567,Контролёр
27568,Соучастник
27569,Соучастник
27570,Делегирующий
27571,Контролёр
27572,Делегирующий
27573,Соучастник
27574,Делегирующий
27575,Невидимый
27576,Соучастник
27577,Делегирующий
27578,Контролёр
27579,Контролёр
27580,Делегирующий
27581,Контролёр
27582,Контролёр
27583,Соучастник
27584,Делегирующий
27585,Невидимый
27586,Контролёр
27587,Невидимый
27588,Контролёр
27589,Контролёр
27590,Контролёр
27591,Контролёр
27592,Делегирующий
27593,Соучастник
27594,Делегирующий
27595,Невидимый
27596,Контролёр
27597,Делегирующий
27598,Контролёр
27599,Соучастник
27600,Невидимый
27601,Делегирующий
27602,Контролёр
27603,Контролёр
27604,Контролёр
27605,Делегирующий
27606,Невидимый
27607,Соучастник
27608,Невидимый
27609,Соучастник
27610,Соучастник
27611,Соучастник
27612,Невидимый
27613,Невидимый
27614,Соучастник
27615,Делегирующий
27616,Невидимый
27617,Невидимый
27618,Делегирующий
27619,Контролёр
27620,Делегирующий
27621,Невидимый
27622,Контролёр
27623,Делегирующий
27624,Делегирующий
27625,Контролёр
27626,Контролёр
27627,Соучастник
27628,Невидимый
27629,Контролёр
27630,Контролёр
27631,Контролёр
27632,Контролёр
27633,Соучастник
27634,Невидимый
27635,Соучастник
27636,Невидимый
27637,Делегирующий
27638,Соучастник
27639,Невидимый
27640,Контролёр
27641,Делегирующий
27642,Контролёр
27643,Невидимый
27644,Делегирующий
27645,Контролёр
27646,Контролёр
27647,Невидимый
27648,Контролёр
27649,Контролёр
27650,Контролёр
27651,Невидимый
27652,Делегирующий
27653,Контролёр
27654,Контролёр
27655,Контролёр
27656,Невидимый
27657,Делегирующий
27658,Невидимый
27659,Делегирующий
27660,Соучастник
27661,Невидимый
27662,Контролёр
27663,Контролёр
27664,Контролёр
27665,Соучастник
27666,Невидимый
27667,Делегирующий
27668,Контролёр
27669,Контролёр
27670,Контролёр
27671,Соучастник
27672,Делегирующий
27673,Делегирующий
27674,Контролёр
27675,Невидимый
27676,Невидимый
27677,Делегирующий
27678,Делегирующий
27679,Контролёр
27680,Делегирующий
27681,Делегирующий
27682,Контролёр
27683,Невидимый
27684,Делегирующий
27685,Невидимый
27686,Делегирующий
27687,Контролёр
27688,Делегирующий
27689,Невидимый
27690,Контролёр
27691,Невидимый
27692,Невидимый
27693,Делегирующий
27694,Контролёр
27695,Контролёр
27696,Делегирующий
27697,Делегирующий
27698,Делегирующий
27699,Соучастник
27700,Контролёр
27701,Невидимый
27702,Контролёр
27703,Невидимый
27704,Соучастник
27705,Невидимый
27706,Контролёр
27707,Невидимый
27708,Делегирующий
27709,Контролёр
27710,Контролёр
27711,Контролёр
27712,Невидимый
27713,Невидимый
27714,Невидимый
27715,Контролёр
27716,Контролёр
27717,Невидимый
27718,Невидимый
27719,Контролёр
27720,Невидимый
27721,Контролёр
27722,Контролёр
27723,Контролёр
27724,Контролёр
27725,Делегирующий
27726,Соучастник
27727,Контролёр
27728,Контролёр
27729,Контролёр
27730,Контролёр
27731,Делегирующий
27732,Делегирующий
27733,Делегирующий
27734,Невидимый
27735,Невидимый
27736,Невидимый
27737,Контролёр
27738,Контролёр
27739,Невидимый
27740,Делегирующий
27741,Контролёр
27742,Контролёр
27743,Невидимый
27744,Контролёр
27745,Контролёр
27746,Контролёр
27747,Делегирующий
27748,Соучастник
27749,Делегирующий
27750,Контролёр
27751,Контролёр
27752,Делегирующий
27753,Соучастник
27754,Делегирующий
27755,Невидимый
27756,Невидимый
27757,Контролёр
27758,Контролёр
27759,Контролёр
27760,Контролёр
27761,Контролёр
27762,Невидимый
27763,Невидимый
27764,Невидимый
27765,Контролёр
27766,Делегирующий
27767,Контролёр
27768,Контролёр
27769,Контролёр
27770,Делегирующий
27771,Делегирующий
27772,Контролёр
27773,Контролёр
27774,Контролёр
27775,Соучастник
27776,Невидимый
27777,Соучастник
27778,Делегирующий
27779,Делегирующий
27780,Невидимый
27781,Делегирующий
27782,Соучастник
27783,Контролёр
27784,Невидимый
27785,Делегирующий
27786,Контролёр
27787,Невидимый
27788,Соучастник
27789,Соучастник
27790,Невидимый
27791,Делегирующий
27792,Невидимый
27793,Контролёр
27794,Контролёр
27795,Контролёр
27796,Контролёр
27797,Невидимый
27798,Контролёр
27799,Контролёр
27800,Контролёр
27801,Невидимый
27802,Невидимый
27803,Делегирующий
27804,Контролёр
27805,Контролёр
27806,Делегирующий
27807,Контролёр
27808,Невидимый
27809,Делегирующий
27810,Контролёр
27811,Соучастник
27812,Контролёр
27813,Контролёр
27814,Невидимый
27815,Соучастник
27816,Контролёр
27817,Контролёр
27818,Делегирующий
27819,Соучастник
27820,Контролёр
27821,Делегирующий
27822,Невидимый
27823,Соучастник
27824,Соучастник
27825,Контролёр
27826,Контролёр
27827,Контролёр
27828,Невидимый
27829,Контролёр
27830,Невидимый
27831,Делегирующий
27832,Контролёр
27833,Контролёр
27834,Невидимый
27835,Делегирующий
27836,Контролёр
27837,Невидимый
27838,Контролёр
27839,Невидимый
27840,Соучастник
27841,Соучастник
27842,Невидимый
27843,Соучастник
27844,Соучастник
27845,Соучастник
27846,Невидимый
27847,Соучастник
27848,Невидимый
27849,Невидимый
27850,Контролёр
27851,Контролёр
27852,Контролёр
27853,Невидимый
27854,Контролёр
27855,Контролёр
27856,Соучастник
27857,Контролёр
27858,Невидимый
27859,Соучастник
27860,Делегирующий
27861,Контролёр
27862,Соучастник
27863,Контролёр
27864,Делегирующий
27865,Контролёр
27866,Соучастник
27867,Контролёр
27868,Контролёр
27869,Делегирующий
27870,Невидимый
27871,Невидимый
27872,Соучастник
27873,Контролёр
27874,Невидимый
27875,Контролёр
27876,Делегирующий
27877,Делегирующий
27878,Соучастник
27879,Невидимый
27880,Соучастник
27881,Делегирующий
27882,Соучастник
27883,Контролёр
27884,Контролёр
27885,Контролёр
27886,Невидимый
27887,Невидимый
27888,Соучастник
27889,Соучастник
27890,Контролёр
27891,Делегирующий
27892,Невидимый
27893,Контролёр
27894,Контролёр
27895,Невидимый
27896,Делегирующий
27897,Делегирующий
27898,Невидимый
27899,Делегирующий
27900,Невидимый
27901,Невидимый
27902,Невидимый
27903,Контролёр
27904,Контролёр
27905,Соучастник
27906,Контролёр
27907,Контролёр
27908,Невидимый
27909,Делегирующий
27910,Контролёр
27911,Контролёр
27912,Невидимый
27913,Контролёр
27914,Контролёр
27915,Делегирующий
27916,Контролёр
27917,Соучастник
27918,Невидимый
27919,Делегирующий
27920,Делегирующий
27921,Делегирующий
27922,Контролёр
27923,Делегирующий
27924,Соучастник
27925,Контролёр
27926,Контролёр
27927,Невидимый
27928,Невидимый
27929,Делегирующий
27930,Соучастник
27931,Невидимый
27932,Контролёр
27933,Невидимый
27934,Невидимый
27935,Соучастник
27936,Делегирующий
27937,Контролёр
27938,Делегирующий
27939,Контролёр
27940,Контролёр
27941,Невидимый
27942,Невидимый
27943,Невидимый
27944,Контролёр
27945,Соучастник
27946,Невидимый
27947,Невидимый
27948,Невидимый
27949,Невидимый
27950,Невидимый
27951,Соучастник
27952,Невидимый
27953,Контролёр
27954,Делегирующий
27955,Делегирующий
27956,Невидимый
27957,Контролёр
27958,Невидимый
27959,Делегирующий
27960,Контролёр
27961,Контролёр
27962,Контролёр
27963,Делегирующий
27964,Делегирующий
27965,Невидимый
27966,Контролёр
27967,Контролёр
27968,Невидимый
27969,Контролёр
27970,Контролёр
27971,Соучастник
27972,Контролёр
27973,Соучастник
27974,Соучастник
27975,Делегирующий
27976,Делегирующий
27977,Делегирующий
27978,Контролёр
27979,Соучастник
27980,Невидимый
27981,Соучастник
27982,Соучастник
27983,Контролёр
27984,Невидимый
27985,Контролёр
27986,Делегирующий
27987,Контролёр
27988,Делегирующий
27989,Делегирующий
27990,Невидимый
27991,Соучастник
27992,Делегирующий
27993,Соучастник
27994,Соучастник
27995,Невидимый
27996,Соучастник
27997,Контролёр
27998,Контролёр
27999,Соучастник
28000,Невидимый
28001,Делегирующий
28002,Делегирующий
28003,Невидимый
28004,Невидимый
28005,Контролёр
28006,Контролёр
28007,Делегирующий
28008,Контролёр
28009,Делегирующий
28010,Контролёр
28011,Контролёр
28012,Делегирующий
28013,Делегирующий
28014,Соучастник
28015,Невидимый
28016,Невидимый
28017,Делегирующий
28018,Соучастник
28019,Контролёр
28020,Контролёр
28021,Делегирующий
28022,Контролёр
28023,Контролёр
28024,Контролёр
28025,Невидимый
28026,Контролёр
28027,Делегирующий
28028,Соучастник
28029,Невидимый
28030,Соучастник
28031,Контролёр
28032,Контролёр
28033,Невидимый
28034,Контролёр
28035,Делегирующий
28036,Невидимый
28037,Невидимый
28038,Соучастник
28039,Контролёр
28040,Контролёр
28041,Контролёр
28042,Контролёр
28043,Делегирующий
28044,Соучастник
28045,Делегирующий
28046,Контролёр
28047,Контролёр
28048,Невидимый
28049,Контролёр
28050,Соучастник
28051,Контролёр
28052,Контролёр
28053,Невидимый
28054,Невидимый
28055,Контролёр
28056,Контролёр
28057,Контролёр
28058,Соучастник
28059,Невидимый
28060,Невидимый
28061,Невидимый
28062,Соучастник
28063,Контролёр
28064,Контролёр
28065,Контролёр
28066,Соучастник
28067,Невидимый
28068,Невидимый
28069,Невидимый
28070,Невидимый
28071,Делегирующий
28072,Невидимый
28073,Контролёр
28074,Контролёр
28075,Контролёр
28076,Контролёр
28077,Делегирующий
28078,Соучастник
28079,Делегирующий
28080,Контролёр
28081,Делегирующий
28082,Делегирующий
28083,Соучастник
28084,Соучастник
28085,Невидимый
28086,Соучастник
28087,Соучастник
28088,Невидимый
28089,Делегирующий
28090,Контролёр
28091,Контролёр
28092,Контролёр
28093,Невидимый
28094,Делегирующий
28095,Контролёр
28096,Контролёр
28097,Контролёр
28098,Соучастник
28099,Контролёр
28100,Соучастник
28101,Контролёр
28102,Соучастник
28103,Контролёр
28104,Контролёр
28105,Невидимый
28106,Невидимый
28107,Делегирующий
28108,Невидимый
28109,Делегирующий
28110,Невидимый
28111,Невидимый
28112,Невидимый
28113,Делегирующий
28114,Невидимый
28115,Контролёр
28116,Соучастник
28117,Соучастник
28118,Контролёр
28119,Контролёр
28120,Контролёр
28121,Делегирующий
28122,Соучастник
28123,Невидимый
28124,Делегирующий
28125,Контролёр
28126,Невидимый
28127,Невидимый
28128,Невидимый
28129,Невидимый
28130,Соучастник
28131,Делегирующий
28132,Соучастник
28133,Делегирующий
28134,Контролёр
28135,Соучастник
28136,Делегирующий
28137,Соучастник
28138,Невидимый
28139,Невидимый
28140,Соучастник
28141,Невидимый
28142,Контролёр
28143,Контролёр
28144,Соучастник
28145,Невидимый
28146,Контролёр
28147,Невидимый
28148,Контролёр
28149,Делегирующий
28150,Контролёр
28151,Делегирующий
28152,Контролёр
28153,Контролёр
28154,Соучастник
28155,Невидимый
28156,Невидимый
28157,Соучастник
28158,Соучастник
28159,Контролёр
28160,Контролёр
28161,Контролёр
28162,Делегирующий
28163,Контролёр
28164,Контролёр
28165,Делегирующий
28166,Контролёр
28167,Контролёр
28168,Делегирующий
28169,Делегирующий
28170,Невидимый
28171,Делегирующий
28172,Делегирующий
28173,Делегирующий
28174,Контролёр
28175,Соучастник
28176,Делегирующий
28177,Контролёр
28178,Контролёр
28179,Контролёр
28180,Невидимый
28181,Контролёр
28182,Контролёр
28183,Соучастник
28184,Невидимый
28185,Соучастник
28186,Контролёр
28187,Соучастник
28188,Контролёр
28189,Невидимый
28190,Соучастник
28191,Контролёр
28192,Невидимый
28193,Контролёр
28194,Контролёр
28195,Делегирующий
28196,Соучастник
28197,Соучастник
28198,Контролёр
28199,Невидимый
28200,Соучастник
28201,Делегирующий
28202,Делегирующий
28203,Контролёр
28204,Делегирующий
28205,Контролёр
28206,Соучастник
28207,Соучастник
28208,Невидимый
28209,Соучастник
28210,Невидимый
28211,Делегирующий
28212,Невидимый
28213,Контролёр
28214,Контролёр
28215,Невидимый
28216,Невидимый
28217,Невидимый
28218,Контролёр
28219,Контролёр
28220,Невидимый
28221,Невидимый
28222,Контролёр
28223,Невидимый
28224,Делегирующий
28225,Невидимый
28226,Соучастник
28227,Невидимый
28228,Делегирующий
28229,Невидимый
28230,Контролёр
28231,Делегирующий
28232,Соучастник
28233,Невидимый
28234,Невидимый
28235,Невидимый
28236,Делегирующий
28237,Контролёр
28238,Соучастник
28239,Контролёр
28240,Делегирующий
28241,Контролёр
28242,Делегирующий
28243,Соучастник
28244,Контролёр
28245,Соучастник
28246,Соучастник
28247,Контролёр
28248,Соучастник
28249,Невидимый
28250,Контролёр
28251,Невидимый
28252,Контролёр
28253,Невидимый
28254,Контролёр
28255,Невидимый
28256,Контролёр
28257,Делегирующий
28258,Соучастник
28259,Делегирующий
28260,Контролёр
28261,Невидимый
28262,Контролёр
28263,Контролёр
28264,Контролёр
28265,Соучастник
28266,Соучастник
28267,Невидимый
28268,Контролёр
28269,Контролёр
28270,Контролёр
28271,Делегирующий
28272,Невидимый
28273,Делегирующий
28274,Соучастник
28275,Контролёр
28276,Контролёр
28277,Контролёр
28278,Невидимый
28279,Невидимый
28280,Контролёр
28281,Контролёр
28282,Контролёр
28283,Контролёр
28284,Контролёр
28285,Невидимый
28286,Контролёр
28287,Невидимый
28288,Контролёр
28289,Делегирующий
28290,Невидимый
28291,Невидимый
28292,Соучастник
28293,Делегирующий
28294,Невидимый
28295,Контролёр
28296,Контролёр
28297,Невидимый
28298,Контролёр
28299,Контролёр
28300,Невидимый
28301,Соучастник
28302,Соучастник
28303,Невидимый
28304,Соучастник
28305,Делегирующий
28306,Контролёр
28307,Контролёр
28308,Контролёр
28309,Соучастник
28310,Контролёр
28311,Контролёр
28312,Делегирующий
28313,Соучастник
28314,Делегирующий
28315,Контролёр
28316,Невидимый
28317,Контролёр
28318,Невидимый
28319,Делегирующий
28320,Делегирующий
28321,Невидимый
28322,Делегирующий
28323,Контролёр
28324,Невидимый
28325,Соучастник
28326,Невидимый
28327,Невидимый
28328,Соучастник
28329,Контролёр
28330,Невидимый
28331,Контролёр
28332,Соучастник
28333,Делегирующий
28334,Невидимый
28335,Контролёр
28336,Соучастник
28337,Контролёр
28338,Соучастник
28339,Контролёр
28340,Невидимый
28341,Делегирующий
28342,Делегирующий
28343,Контролёр
28344,Делегирующий
28345,Контролёр
28346,Соучастник
28347,Невидимый
28348,Делегирующий
28349,Делегирующий
28350,Контролёр
28351,Невидимый
28352,Невидимый
28353,Делегирующий
28354,Контролёр
28355,Контролёр
28356,Контролёр
28357,Контролёр
28358,Невидимый
28359,Контролёр
28360,Невидимый
28361,Контролёр
28362,Контролёр
28363,Контролёр
28364,Контролёр
28365,Контролёр
28366,Контролёр
28367,Делегирующий
28368,Невидимый
28369,Контролёр
28370,Контролёр
28371,Невидимый
28372,Контролёр
28373,Невидимый
28374,Контролёр
28375,Контролёр
28376,Делегирующий
28377,Соучастник
28378,Контролёр
28379,Контролёр
28380,Контролёр
28381,Невидимый
28382,Невидимый
28383,Невидимый
28384,Контролёр
28385,Контролёр
28386,Невидимый
28387,Контролёр
28388,Невидимый
28389,Делегирующий
28390,Соучастник
28391,Контролёр
28392,Контролёр
28393,Невидимый
28394,Контролёр
28395,Делегирующий
28396,Контролёр
28397,Делегирующий
28398,Контролёр
28399,Соучастник
28400,Делегирующий
28401,Контролёр
28402,Контролёр
28403,Невидимый
28404,Контролёр
28405,Контролёр
28406,Невидимый
28407,Контролёр
28408,Контролёр
28409,Невидимый
28410,Невидимый
28411,Невидимый
28412,Соучастник
28413,Невидимый
28414,Делегирующий
28415,Невидимый
28416,Делегирующий
28417,Невидимый
28418,Соучастник
28419,Контролёр
28420,Невидимый
28421,Контролёр
28422,Невидимый
28423,Соучастник
28424,Контролёр
28425,Невидимый
28426,Контролёр
28427,Делегирующий
28428,Соучастник
28429,Делегирующий
28430,Невидимый
28431,Контролёр
28432,Невидимый
28433,Невидимый
28434,Невидимый
28435,Невидимый
28436,Невидимый
28437,Соучастник
28438,Соучастник
28439,Невидимый
28440,Невидимый
28441,Контролёр
28442,Невидимый
28443,Делегирующий
28444,Контролёр
28445,Делегирующий
28446,Невидимый
28447,Соучастник
28448,Делегирующий
28449,Делегирующий
28450,Невидимый
28451,Контролёр
28452,Контролёр
28453,Контролёр
28454,Невидимый
28455,Контролёр
28456,Контролёр
28457,Невидимый
28458,Контролёр
28459,Невидимый
28460,Делегирующий
28461,Контролёр
28462,Невидимый
28463,Делегирующий
28464,Соучастник
28465,Невидимый
28466,Соучастник
28467,Контролёр
28468,Невидимый
28469,Невидимый
28470,Делегирующий
28471,Невидимый
28472,Невидимый
28473,Контролёр
28474,Контролёр
28475,Соучастник
28476,Невидимый
28477,Невидимый
28478,Делегирующий
28479,Контролёр
28480,Делегирующий
28481,Невидимый
28482,Невидимый
28483,Делегирующий
28484,Соучастник
28485,Контролёр
28486,Контролёр
28487,Невидимый
28488,Контролёр
28489,Контролёр
28490,Невидимый
28491,Контролёр
28492,Контролёр
28493,Контролёр
28494,Делегирующий
28495,Соучастник
28496,Невидимый
28497,Невидимый
28498,Делегирующий
28499,Контролёр
28500,Контролёр
28501,Контролёр
28502,Делегирующий
28503,Невидимый
28504,Невидимый
28505,Соучастник
28506,Контролёр
28507,Соучастник
28508,Невидимый
28509,Невидимый
28510,Контролёр
28511,Контролёр
28512,Невидимый
28513,Делегирующий
28514,Делегирующий
28515,Невидимый
28516,Соучастник
28517,Невидимый
28518,Контролёр
28519,Контролёр
28520,Делегирующий
28521,Невидимый
28522,Соучастник
28523,Невидимый
28524,Делегирующий
28525,Контролёр
28526,Невидимый
28527,Невидимый
28528,Контролёр
28529,Контролёр
28530,Контролёр
28531,Невидимый
28532,Контролёр
28533,Делегирующий
28534,Делегирующий
28535,Соучастник
28536,Невидимый
28537,Контролёр
28538,Невидимый
28539,Контролёр
28540,Невидимый
28541,Невидимый
28542,Контролёр
28543,Делегирующий
28544,Невидимый
28545,Делегирующий
28546,Невидимый
28547,Контролёр
28548,Соучастник
28549,Делегирующий
28550,Контролёр
28551,Невидимый
28552,Невидимый
28553,Соучастник
28554,Соучастник
28555,Делегирующий
28556,Невидимый
28557,Делегирующий
28558,Невидимый
28559,Контролёр
28560,Соучастник
28561,Делегирующий
28562,Невидимый
28563,Контролёр
28564,Делегирующий
28565,Делегирующий
28566,Делегирующий
28567,Невидимый
28568,Невидимый
28569,Контролёр
28570,Соучастник
28571,Контролёр
28572,Контролёр
28573,Контролёр
28574,Невидимый
28575,Делегирующий
28576,Делегирующий
28577,Контролёр
28578,Делегирующий
28579,Делегирующий
28580,Делегирующий
28581,Невидимый
28582,Соучастник
28583,Соучастник
28584,Невидимый
28585,Делегирующий
28586,Контролёр
28587,Невидимый
28588,Соучастник
28589,Соучастник
28590,Делегирующий
28591,Делегирующий
28592,Контролёр
28593,Контролёр
28594,Делегирующий
28595,Невидимый
28596,Контролёр
28597,Контролёр
28598,Контролёр
28599,Невидимый
28600,Делегирующий
28601,Контролёр
28602,Невидимый
28603,Невидимый
28604,Контролёр
28605,Невидимый
28606,Контролёр
28607,Соучастник
28608,Невидимый
28609,Невидимый
28610,Контролёр
28611,Делегирующий
28612,Контролёр
28613,Делегирующий
28614,Контролёр
28615,Соучастник
28616,Невидимый
28617,Невидимый
28618,Невидимый
28619,Контролёр
28620,Контролёр
28621,Невидимый
28622,Невидимый
28623,Соучастник
28624,Невидимый
28625,Невидимый
28626,Контролёр
28627,Контролёр
28628,Контролёр
28629,Контролёр
28630,Соучастник
28631,Невидимый
28632,Невидимый
28633,Невидимый
28634,Невидимый
28635,Невидимый
28636,Контролёр
28637,Невидимый
28638,Контролёр
28639,Невидимый
28640,Невидимый
28641,Контролёр
28642,Делегирующий
28643,Контролёр
28644,Соучастник
28645,Контролёр
28646,Делегирующий
28647,Контролёр
28648,Делегирующий
28649,Невидимый
28650,Контролёр
28651,Невидимый
28652,Делегирующий
28653,Делегирующий
28654,Контролёр
28655,Невидимый
28656,Соучастник
28657,Контролёр
28658,Невидимый
28659,Невидимый
28660,Контролёр
28661,Контролёр
28662,Контролёр
28663,Делегирующий
28664,Делегирующий
28665,Контролёр
28666,Контролёр
28667,Делегирующий
28668,Контролёр
28669,Невидимый
28670,Делегирующий
28671,Делегирующий
28672,Невидимый
28673,Контролёр
28674,Соучастник
28675,Невидимый
28676,Невидимый
28677,Контролёр
28678,Соучастник
28679,Делегирующий
28680,Соучастник
28681,Невидимый
28682,Делегирующий
28683,Контролёр
28684,Соучастник
28685,Невидимый
28686,Соучастник
28687,Невидимый
28688,Контролёр
28689,Контролёр
28690,Контролёр
28691,Контролёр
28692,Контролёр
28693,Невидимый
28694,Соучастник
28695,Невидимый
28696,Делегирующий
28697,Соучастник
28698,Контролёр
28699,Контролёр
28700,Делегирующий
28701,Делегирующий
28702,Делегирующий
28703,Невидимый
28704,Делегирующий
28705,Контролёр
28706,Контролёр
28707,Контролёр
28708,Контролёр
28709,Невидимый
28710,Невидимый
28711,Делегирующий
28712,Невидимый
28713,Невидимый
28714,Делегирующий
28715,Делегирующий
28716,Невидимый
28717,Делегирующий
28718,Контролёр
28719,Невидимый
28720,Невидимый
28721,Делегирующий
28722,Невидимый
28723,Контролёр
28724,Невидимый
28725,Делегирующий
28726,Контролёр
28727,Делегирующий
28728,Делегирующий
28729,Контролёр
28730,Контролёр
28731,Контролёр
28732,Невидимый
28733,Контролёр
28734,Контролёр
28735,Контролёр
28736,Невидимый
28737,Контролёр
28738,Соучастник
28739,Невидимый
28740,Контролёр
28741,Делегирующий
28742,Контролёр
28743,Делегирующий
28744,Невидимый
28745,Соучастник
28746,Невидимый
28747,Соучастник
28748,Делегирующий
28749,Невидимый
28750,Невидимый
28751,Невидимый
28752,Соучастник
28753,Невидимый
28754,Невидимый
28755,Делегирующий
28756,Контролёр
28757,Соучастник
28758,Контролёр
28759,Невидимый
28760,Контролёр
28761,Контролёр
28762,Контролёр
28763,Соучастник
28764,Невидимый
28765,Невидимый
28766,Соучастник
28767,Контролёр
28768,Контролёр
28769,Делегирующий
28770,Соучастник
28771,Невидимый
28772,Соучастник
28773,Невидимый
28774,Контролёр
28775,Делегирующий
28776,Контролёр
28777,Контролёр
28778,Соучастник
28779,Контролёр
28780,Невидимый
28781,Невидимый
28782,Невидимый
28783,Контролёр
28784,Невидимый
28785,Невидимый
28786,Делегирующий
28787,Делегирующий
28788,Контролёр
28789,Невидимый
28790,Контролёр
28791,Соучастник
28792,Контролёр
28793,Контролёр
28794,Невидимый
28795,Контролёр
28796,Контролёр
28797,Невидимый
28798,Соучастник
28799,Контролёр
28800,Делегирующий
28801,Контролёр
28802,Невидимый
28803,Невидимый
28804,Невидимый
28805,Контролёр
28806,Невидимый
28807,Соучастник
28808,Контролёр
28809,Невидимый
28810,Контролёр
28811,Невидимый
28812,Делегирующий
28813,Контролёр
28814,Невидимый
28815,Соучастник
28816,Невидимый
28817,Невидимый
28818,Соучастник
28819,Контролёр
28820,Невидимый
28821,Невидимый
28822,Контролёр
28823,Невидимый
28824,Контролёр
28825,Соучастник
28826,Контролёр
28827,Делегирующий
28828,Соучастник
28829,Контролёр
28830,Контролёр
28831,Невидимый
28832,Делегирующий
28833,Контролёр
28834,Невидимый
28835,Делегирующий
28836,Невидимый
28837,Соучастник
28838,Контролёр
28839,Контролёр
28840,Невидимый
28841,Контролёр
28842,Делегирующий
28843,Невидимый
28844,Невидимый
28845,Делегирующий
28846,Контролёр
28847,Соучастник
28848,Невидимый
28849,Невидимый
28850,Невидимый
28851,Делегирующий
28852,Контролёр
28853,Невидимый
28854,Невидимый
28855,Невидимый
28856,Соучастник
28857,Невидимый
28858,Невидимый
28859,Соучастник
28860,Контролёр
28861,Делегирующий
28862,Контролёр
28863,Контролёр
28864,Соучастник
28865,Соучастник
28866,Делегирующий
28867,Невидимый
28868,Контролёр
28869,Контролёр
28870,Делегирующий
28871,Невидимый
28872,Соучастник
28873,Невидимый
28874,Контролёр
28875,Контролёр
28876,Невидимый
28877,Невидимый
28878,Невидимый
28879,Невидимый
28880,Контролёр
28881,Делегирующий
28882,Контролёр
28883,Контролёр
28884,Делегирующий
28885,Контролёр
28886,Делегирующий
28887,Контролёр
28888,Делегирующий
28889,Соучастник
28890,Соучастник
28891,Невидимый
28892,Делегирующий
28893,Контролёр
28894,Контролёр
28895,Соучастник
28896,Контролёр
28897,Невидимый
28898,Невидимый
28899,Соучастник
28900,Делегирующий
28901,Контролёр
28902,Невидимый
28903,Делегирующий
28904,Невидимый
28905,Соучастник
28906,Невидимый
28907,Невидимый
28908,Контролёр
28909,Невидимый
28910,Контролёр
28911,Контролёр
28912,Невидимый
28913,Контролёр
28914,Невидимый
28915,Невидимый
28916,Невидимый
28917,Контролёр
28918,Невидимый
28919,Контролёр
28920,Контролёр
28921,Контролёр
28922,Контролёр
28923,Невидимый
28924,Контролёр
28925,Делегирующий
28926,Делегирующий
28927,Соучастник
28928,Контролёр
28929,Соучастник
28930,Делегирующий
28931,Невидимый
28932,Контролёр
28933,Невидимый
28934,Невидимый
28935,Контролёр
28936,Невидимый
28937,Контролёр
28938,Контролёр
28939,Соучастник
28940,Контролёр
28941,Делегирующий
28942,Контролёр
28943,Невидимый
28944,Соучастник
28945,Контролёр
28946,Соучастник
28947,Невидимый
28948,Невидимый
28949,Контролёр
28950,Невидимый
28951,Контролёр
28952,Контролёр
28953,Соучастник
28954,Делегирующий
28955,Невидимый
28956,Делегирующий
28957,Невидимый
28958,Невидимый
28959,Невидимый
28960,Делегирующий
28961,Контролёр
28962,Контролёр
28963,Контролёр
28964,Контролёр
28965,Контролёр
28966,Контролёр
28967,Контролёр
28968,Невидимый
28969,Невидимый
28970,Невидимый
28971,Контролёр
28972,Невидимый
28973,Невидимый
28974,Соучастник
28975,Невидимый
28976,Контролёр
28977,Контролёр
28978,Соучастник
28979,Невидимый
28980,Делегирующий
28981,Невидимый
28982,Невидимый
28983,Контролёр
28984,Контролёр
28985,Невидимый
28986,Соучастник
28987,Невидимый
28988,Контролёр
28989,Соучастник
28990,Соучастник
28991,Невидимый
28992,Контролёр
28993,Контролёр
28994,Контролёр
28995,Контролёр
28996,Контролёр
28997,Контролёр
28998,Контролёр
28999,Невидимый
29000,Соучастник
29001,Соучастник
29002,Контролёр
29003,Контролёр
29004,Соучастник
29005,Невидимый
29006,Контролёр
29007,Контролёр
29008,Невидимый
29009,Соучастник
29010,Делегирующий
29011,Контролёр
29012,Контролёр
29013,Невидимый
29014,Контролёр
29015,Соучастник
29016,Контролёр
29017,Контролёр
29018,Соучастник
29019,Контролёр
29020,Делегирующий
29021,Соучастник
29022,Соучастник
29023,Делегирующий
29024,Невидимый
29025,Контролёр
29026,Контролёр
29027,Делегирующий
29028,Контролёр
29029,Делегирующий
29030,Контролёр
29031,Контролёр
29032,Невидимый
29033,Невидимый
29034,Соучастник
29035,Контролёр
29036,Контролёр
29037,Невидимый
29038,Невидимый
29039,Контролёр
29040,Невидимый
29041,Контролёр
29042,Делегирующий
29043,Невидимый
29044,Контролёр
29045,Делегирующий
29046,Невидимый
29047,Контролёр
29048,Контролёр
29049,Контролёр
29050,Невидимый
29051,Контролёр
29052,Невидимый
29053,Невидимый
29054,Делегирующий
29055,Невидимый
29056,Невидимый
29057,Делегирующий
29058,Делегирующий
29059,Невидимый
29060,Контролёр
29061,Невидимый
29062,Контролёр
29063,Контролёр
29064,Соучастник
29065,Невидимый
29066,Контролёр
29067,Контролёр
29068,Невидимый
29069,Невидимый
29070,Невидимый
29071,Соучастник
29072,Невидимый
29073,Соучастник
29074,Делегирующий
29075,Соучастник
29076,Контролёр
29077,Контролёр
29078,Контролёр
29079,Невидимый
29080,Невидимый
29081,Соучастник
29082,Невидимый
29083,Невидимый
29084,Невидимый
29085,Контролёр
29086,Невидимый
29087,Контролёр
29088,Контролёр
29089,Контролёр
29090,Невидимый
29091,Контролёр
29092,Невидимый
29093,Делегирующий
29094,Контролёр
29095,Контролёр
29096,Контролёр
29097,Соучастник
29098,Соучастник
29099,Делегирующий
29100,Соучастник
29101,Невидимый
29102,Контролёр
29103,Контролёр
29104,Контролёр
29105,Соучастник
29106,Невидимый
29107,Контролёр
29108,Контролёр
29109,Контролёр
29110,Контролёр
29111,Контролёр
29112,Невидимый
29113,Делегирующий
29114,Контролёр
29115,Контролёр
29116,Контролёр
29117,Невидимый
29118,Контролёр
29119,Невидимый
29120,Соучастник
29121,Контролёр
29122,Соучастник
29123,Невидимый
29124,Делегирующий
29125,Невидимый
29126,Невидимый
29127,Контролёр
29128,Соучастник
29129,Невидимый
29130,Соучастник
29131,Контролёр
29132,Невидимый
29133,Соучастник
29134,Контролёр
29135,Контролёр
29136,Невидимый
29137,Контролёр
29138,Невидимый
29139,Контролёр
29140,Контролёр
29141,Невидимый
29142,Контролёр
29143,Контролёр
29144,Делегирующий
29145,Делегирующий
29146,Невидимый
29147,Невидимый
29148,Невидимый
29149,Невидимый
29150,Соучастник
29151,Контролёр
29152,Делегирующий
29153,Контролёр
29154,Невидимый
29155,Делегирующий
29156,Контролёр
29157,Контролёр
29158,Невидимый
29159,Контролёр
29160,Контролёр
29161,Контролёр
29162,Контролёр
29163,Контролёр
29164,Невидимый
29165,Делегирующий
29166,Делегирующий
29167,Делегирующий
29168,Невидимый
29169,Невидимый
29170,Невидимый
29171,Контролёр
29172,Соучастник
29173,Делегирующий
29174,Контролёр
29175,Контролёр
29176,Невидимый
29177,Контролёр
29178,Контролёр
29179,Контролёр
29180,Делегирующий
29181,Соучастник
29182,Невидимый
29183,Невидимый
29184,Соучастник
29185,Соучастник
29186,Соучастник
29187,Делегирующий
29188,Контролёр
29189,Контролёр
29190,Невидимый
29191,Контролёр
29192,Соучастник
29193,Соучастник
29194,Невидимый
29195,Делегирующий
29196,Соучастник
29197,Невидимый
29198,Невидимый
29199,Соучастник
29200,Контролёр
29201,Невидимый
29202,Делегирующий
29203,Делегирующий
29204,Контролёр
29205,Делегирующий
29206,Невидимый
29207,Невидимый
29208,Контролёр
29209,Делегирующий
29210,Контролёр
29211,Контролёр
29212,Невидимый
29213,Контролёр
29214,Контролёр
29215,Невидимый
29216,Делегирующий
29217,Невидимый
29218,Делегирующий
29219,Делегирующий
29220,Невидимый
29221,Контролёр
29222,Делегирующий
29223,Делегирующий
29224,Контролёр
29225,Невидимый
29226,Невидимый
29227,Соучастник
29228,Контролёр
29229,Делегирующий
29230,Контролёр
29231,Соучастник
29232,Контролёр
29233,Невидимый
29234,Невидимый
29235,Соучастник
29236,Делегирующий
29237,Контролёр
29238,Делегирующий
29239,Контролёр
29240,Контролёр
29241,Соучастник
29242,Невидимый
29243,Контролёр
29244,Невидимый
29245,Делегирующий
29246,Невидимый
29247,Контролёр
29248,Соучастник
29249,Контролёр
29250,Невидимый
29251,Контролёр
29252,Делегирующий
29253,Соучастник
29254,Делегирующий
29255,Невидимый
29256,Контролёр
29257,Контролёр
29258,Невидимый
29259,Соучастник
29260,Делегирующий
29261,Делегирующий
29262,Делегирующий
29263,Делегирующий
29264,Соучастник
29265,Делегирующий
29266,Контролёр
29267,Контролёр
29268,Делегирующий
29269,Контролёр
29270,Невидимый
29271,Контролёр
29272,Невидимый
29273,Невидимый
29274,Контролёр
29275,Делегирующий
29276,Невидимый
29277,Делегирующий
29278,Делегирующий
29279,Невидимый
29280,Невидимый
29281,Делегирующий
29282,Контролёр
29283,Контролёр
29284,Контролёр
29285,Делегирующий
29286,Соучастник
29287,Соучастник
29288,Невидимый
29289,Контролёр
29290,Контролёр
29291,Невидимый
29292,Невидимый
29293,Соучастник
29294,Контролёр
29295,Контролёр
29296,Контролёр
29297,Контролёр
29298,Контролёр
29299,Соучастник
29300,Контролёр
29301,Контролёр
29302,Делегирующий
29303,Контролёр
29304,Делегирующий
29305,Делегирующий
29306,Соучастник
29307,Контролёр
29308,Контролёр
29309,Контролёр
29310,Соучастник
29311,Контролёр
29312,Контролёр
29313,Контролёр
29314,Соучастник
29315,Невидимый
29316,Контролёр
29317,Контролёр
29318,Контролёр
29319,Контролёр
29320,Контролёр
29321,Невидимый
29322,Контролёр
29323,Невидимый
29324,Делегирующий
29325,Невидимый
29326,Контролёр
29327,Делегирующий
29328,Невидимый
29329,Делегирующий
29330,Невидимый
29331,Контролёр
29332,Контролёр
29333,Делегирующий
29334,Делегирующий
29335,Делегирующий
29336,Контролёр
29337,Невидимый
29338,Невидимый
29339,Делегирующий
29340,Делегирующий
29341,Делегирующий
29342,Невидимый
29343,Соучастник
29344,Контролёр
29345,Невидимый
29346,Невидимый
29347,Соучастник
29348,Невидимый
29349,Контролёр
29350,Контролёр
29351,Невидимый
29352,Делегирующий
29353,Контролёр
29354,Соучастник
29355,Невидимый
29356,Невидимый
29357,Делегирующий
29358,Невидимый
29359,Невидимый
29360,Делегирующий
29361,Невидимый
29362,Делегирующий
29363,Контролёр
29364,Невидимый
29365,Невидимый
29366,Соучастник
29367,Контролёр
29368,Соучастник
29369,Делегирующий
29370,Делегирующий
29371,Невидимый
29372,Невидимый
29373,Делегирующий
29374,Делегирующий
29375,Невидимый
29376,Контролёр
29377,Контролёр
29378,Делегирующий
29379,Соучастник
29380,Контролёр
29381,Делегирующий
29382,Невидимый
29383,Делегирующий
29384,Делегирующий
29385,Соучастник
29386,Контролёр
29387,Соучастник
29388,Контролёр
29389,Контролёр
29390,Делегирующий
29391,Делегирующий
29392,Невидимый
29393,Соучастник
29394,Невидимый
29395,Невидимый
29396,Контролёр
29397,Невидимый
29398,Соучастник
29399,Невидимый
29400,Контролёр
29401,Соучастник
29402,Невидимый
29403,Соучастник
29404,Делегирующий
29405,Невидимый
29406,Делегирующий
29407,Невидимый
29408,Контролёр
29409,Делегирующий
29410,Контролёр
29411,Невидимый
29412,Контролёр
29413,Невидимый
29414,Соучастник
29415,Невидимый
29416,Контролёр
29417,Невидимый
29418,Контролёр
29419,Соучастник
29420,Контролёр
29421,Контролёр
29422,Невидимый
29423,Контролёр
29424,Контролёр
29425,Делегирующий
29426,Контролёр
29427,Контролёр
29428,Невидимый
29429,Контролёр
29430,Контролёр
29431,Невидимый
29432,Контролёр
29433,Делегирующий
29434,Контролёр
29435,Контролёр
29436,Контролёр
29437,Контролёр
29438,Соучастник
29439,Невидимый
29440,Делегирующий
29441,Контролёр
29442,Контролёр
29443,Делегирующий
29444,Делегирующий
29445,Невидимый
29446,Контролёр
29447,Соучастник
29448,Невидимый
29449,Делегирующий
29450,Контролёр
29451,Невидимый
29452,Невидимый
29453,Делегирующий
29454,Контролёр
29455,Делегирующий
29456,Делегирующий
29457,Невидимый
29458,Соучастник
29459,Невидимый
29460,Соучастник
29461,Соучастник
29462,Контролёр
29463,Контролёр
29464,Контролёр
29465,Контролёр
29466,Невидимый
29467,Невидимый
29468,Соучастник
29469,Соучастник
29470,Соучастник
29471,Контролёр
29472,Делегирующий
29473,Контролёр
29474,Делегирующий
29475,Делегирующий
29476,Соучастник
29477,Делегирующий
29478,Контролёр
29479,Невидимый
29480,Невидимый
29481,Невидимый
29482,Соучастник
29483,Невидимый
29484,Контролёр
29485,Соучастник
29486,Контролёр
29487,Контролёр
29488,Невидимый
29489,Контролёр
29490,Невидимый
29491,Контролёр
29492,Делегирующий
29493,Соучастник
29494,Контролёр
29495,Контролёр
29496,Контролёр
29497,Делегирующий
29498,Контролёр
29499,Контролёр
29500,Невидимый
29501,Невидимый
29502,Делегирующий
29503,Делегирующий
29504,Контролёр
29505,Невидимый
29506,Соучастник
29507,Делегирующий
29508,Соучастник
29509,Контролёр
29510,Невидимый
29511,Невидимый
29512,Делегирующий
29513,Контролёр
29514,Соучастник
29515,Невидимый
29516,Невидимый
29517,Контролёр
29518,Делегирующий
29519,Контролёр
29520,Невидимый
29521,Контролёр
29522,Контролёр
29523,Невидимый
29524,Невидимый
29525,Контролёр
29526,Контролёр
29527,Невидимый
29528,Делегирующий
29529,Контролёр
29530,Делегирующий
29531,Делегирующий
29532,Делегирующий
29533,Соучастник
29534,Контролёр
29535,Контролёр
29536,Контролёр
29537,Невидимый
29538,Контролёр
29539,Контролёр
29540,Контролёр
29541,Невидимый
29542,Контролёр
29543,Соучастник
29544,Делегирующий
29545,Делегирующий
29546,Контролёр
29547,Невидимый
29548,Контролёр
29549,Контролёр
29550,Контролёр
29551,Контролёр
29552,Соучастник
29553,Невидимый
29554,Контролёр
29555,Невидимый
29556,Контролёр
29557,Делегирующий
29558,Невидимый
29559,Соучастник
29560,Контролёр
29561,Контролёр
29562,Контролёр
29563,Невидимый
29564,Делегирующий
29565,Делегирующий
29566,Контролёр
29567,Контролёр
29568,Невидимый
29569,Соучастник
29570,Соучастник
29571,Контролёр
29572,Контролёр
29573,Невидимый
29574,Контролёр
29575,Соучастник
29576,Контролёр
29577,Делегирующий
29578,Делегирующий
29579,Невидимый
29580,Контролёр
29581,Невидимый
29582,Соучастник
29583,Соучастник
29584,Соучастник
29585,Невидимый
29586,Контролёр
29587,Делегирующий
29588,Контролёр
29589,Делегирующий
29590,Контролёр
29591,Соучастник
29592,Контролёр
29593,Контролёр
29594,Соучастник
29595,Невидимый
29596,Невидимый
29597,Контролёр
29598,Контролёр
29599,Контролёр
29600,Соучастник
29601,Контролёр
29602,Контролёр
29603,Соучастник
29604,Контролёр
29605,Контролёр
29606,Соучастник
29607,Невидимый
29608,Невидимый
29609,Делегирующий
29610,Невидимый
29611,Контролёр
29612,Соучастник
29613,Делегирующий
29614,Контролёр
29615,Делегирующий
29616,Делегирующий
29617,Невидимый
29618,Невидимый
29619,Контролёр
29620,Соучастник
29621,Делегирующий
29622,Контролёр
29623,Контролёр
29624,Контролёр
29625,Контролёр
29626,Невидимый
29627,Делегирующий
29628,Соучастник
29629,Делегирующий
29630,Делегирующий
29631,Контролёр
29632,Соучастник
29633,Невидимый
29634,Соучастник
29635,Контролёр
29636,Соучастник
29637,Делегирующий
29638,Невидимый
29639,Делегирующий
29640,Контролёр
29641,Контролёр
29642,Делегирующий
29643,Делегирующий
29644,Делегирующий
29645,Контролёр
29646,Невидимый
29647,Контролёр
29648,Невидимый
29649,Контролёр
29650,Невидимый
29651,Делегирующий
29652,Контролёр
29653,Делегирующий
29654,Невидимый
29655,Делегирующий
29656,Делегирующий
29657,Контролёр
29658,Невидимый
29659,Невидимый
29660,Делегирующий
29661,Делегирующий
29662,Контролёр
29663,Соучастник
29664,Соучастник
29665,Контролёр
29666,Соучастник
29667,Невидимый
29668,Контролёр
29669,Невидимый
29670,Контролёр
29671,Невидимый
29672,Невидимый
29673,Делегирующий
29674,Невидимый
29675,Невидимый
29676,Контролёр
29677,Контролёр
29678,Невидимый
29679,Делегирующий
29680,Невидимый
29681,Невидимый
29682,Делегирующий
29683,Невидимый
29684,Делегирующий
29685,Невидимый
29686,Невидимый
29687,Невидимый
29688,Контролёр
29689,Невидимый
29690,Невидимый
29691,Невидимый
29692,Невидимый
29693,Контролёр
29694,Делегирующий
29695,Невидимый
29696,Контролёр
29697,Делегирующий
29698,Делегирующий
29699,Невидимый
29700,Контролёр
29701,Контролёр
29702,Невидимый
29703,Контролёр
29704,Контролёр
29705,Невидимый
29706,Контролёр
29707,Соучастник
29708,Контролёр
29709,Делегирующий
29710,Соучастник
29711,Невидимый
29712,Контролёр
29713,Делегирующий
29714,Невидимый
29715,Контролёр
29716,Делегирующий
29717,Контролёр
29718,Контролёр
29719,Контролёр
29720,Соучастник
29721,Невидимый
29722,Соучастник
29723,Контролёр
29724,Невидимый
29725,Контролёр
29726,Делегирующий
29727,Делегирующий
29728,Соучастник
29729,Невидимый
29730,Контролёр
29731,Невидимый
29732,Контролёр
29733,Невидимый
29734,Невидимый
29735,Контролёр
29736,Контролёр
29737,Контролёр
29738,Делегирующий
29739,Контролёр
29740,Контролёр
29741,Невидимый
29742,Соучастник
29743,Невидимый
29744,Соучастник
29745,Контролёр
29746,Контролёр
29747,Контролёр
29748,Контролёр
29749,Делегирующий
29750,Невидимый
29751,Невидимый
29752,Невидимый
29753,Контролёр
29754,Контролёр
29755,Соучастник
29756,Контролёр
29757,Контролёр
29758,Невидимый
29759,Контролёр
29760,Контролёр
29761,Соучастник
29762,Контролёр
29763,Контролёр
29764,Невидимый
29765,Невидимый
29766,Контролёр
29767,Делегирующий
29768,Соучастник
29769,Соучастник
29770,Невидимый
29771,Соучастник
29772,Контролёр
29773,Невидимый
29774,Делегирующий
29775,Соучастник
29776,Невидимый
29777,Невидимый
29778,Невидимый
29779,Контролёр
29780,Соучастник
29781,Контролёр
29782,Контролёр
29783,Контролёр
29784,Соучастник
29785,Невидимый
29786,Невидимый
29787,Соучастник
29788,Невидимый
29789,Невидимый
29790,Невидимый
29791,Контролёр
29792,Соучастник
29793,Контролёр
29794,Невидимый
29795,Контролёр
29796,Невидимый
29797,Невидимый
29798,Невидимый
29799,Контролёр
29800,Контролёр
29801,Делегирующий
29802,Контролёр
29803,Делегирующий
29804,Контролёр
29805,Контролёр
29806,Делегирующий
29807,Соучастник
29808,Контролёр
29809,Невидимый
29810,Контролёр
29811,Контролёр
29812,Контролёр
29813,Невидимый
29814,Делегирующий
29815,Контролёр
29816,Невидимый
29817,Контролёр
29818,Контролёр
29819,Невидимый
29820,Соучастник
29821,Контролёр
29822,Невидимый
29823,Контролёр
29824,Контролёр
29825,Невидимый
29826,Невидимый
29827,Соучастник
29828,Контролёр
29829,Невидимый
29830,Делегирующий
29831,Контролёр
29832,Невидимый
29833,Невидимый
29834,Делегирующий
29835,Невидимый
29836,Делегирующий
29837,Контролёр
29838,Делегирующий
29839,Контролёр
29840,Невидимый
29841,Контролёр
29842,Соучастник
29843,Невидимый
29844,Соучастник
29845,Контролёр
29846,Контролёр
29847,Соучастник
29848,Контролёр
29849,Контролёр
29850,Невидимый
29851,Соучастник
29852,Соучастник
29853,Делегирующий
29854,Невидимый
29855,Невидимый
29856,Соучастник
29857,Соучастник
29858,Невидимый
29859,Делегирующий
29860,Невидимый
29861,Контролёр
29862,Невидимый
29863,Контролёр
29864,Невидимый
29865,Невидимый
29866,Невидимый
29867,Невидимый
29868,Невидимый
29869,Контролёр
29870,Невидимый
29871,Невидимый
29872,Контролёр
29873,Делегирующий
29874,Делегирующий
29875,Контролёр
29876,Соучастник
29877,Невидимый
29878,Делегирующий
29879,Делегирующий
29880,Делегирующий
29881,Контролёр
29882,Соучастник
29883,Контролёр
29884,Невидимый
29885,Делегирующий
29886,Невидимый
29887,Контролёр
29888,Невидимый
29889,Контролёр
29890,Контролёр
29891,Соучастник
29892,Невидимый
29893,Невидимый
29894,Соучастник
29895,Контролёр
29896,Контролёр
29897,Соучастник
29898,Невидимый
29899,Невидимый
29900,Невидимый
29901,Контролёр
29902,Невидимый
29903,Невидимый
29904,Контролёр
29905,Невидимый
29906,Контролёр
29907,Невидимый
29908,Соучастник
29909,Контролёр
29910,Невидимый
29911,Соучастник
29912,Контролёр
29913,Делегирующий
29914,Делегирующий
29915,Невидимый
29916,Соучастник
29917,Невидимый
29918,Соучастник
29919,Контролёр
29920,Невидимый
29921,Контролёр
29922,Невидимый
29923,Невидимый
29924,Контролёр
29925,Контролёр
29926,Невидимый
29927,Невидимый
29928,Контролёр
29929,Невидимый
29930,Контролёр
29931,Контролёр
29932,Невидимый
29933,Соучастник
29934,Контролёр
29935,Контролёр
29936,Невидимый
29937,Невидимый
29938,Контролёр
29939,Соучастник
29940,Соучастник
29941,Контролёр
29942,Невидимый
29943,Невидимый
29944,Контролёр
29945,Контролёр
29946,Контролёр
29947,Соучастник
29948,Делегирующий
29949,Контролёр
29950,Делегирующий
29951,Контролёр
29952,Невидимый
29953,Делегирующий
29954,Делегирующий
29955,Соучастник
29956,Невидимый
29957,Делегирующий
29958,Невидимый
29959,Соучастник
29960,Контролёр
29961,Контролёр
29962,Делегирующий
29963,Делегирующий
29964,Контролёр
29965,Соучастник
29966,Контролёр
29967,Контролёр
29968,Контролёр
29969,Контролёр
29970,Невидимый
29971,Контролёр
29972,Делегирующий
29973,Соучастник
29974,Контролёр
29975,Контролёр
29976,Контролёр
29977,Невидимый
29978,Невидимый
29979,Контролёр
29980,Невидимый
29981,Невидимый
29982,Контролёр
29983,Делегирующий
29984,Контролёр
29985,Невидимый
29986,Соучастник
29987,Контролёр
29988,Невидимый
29989,Делегирующий
29990,Контролёр
29991,Невидимый
29992,Соучастник
29993,Соучастник
29994,Соучастник
29995,Соучастник
29996,Контролёр
29997,Невидимый
29998,Соучастник
29999,Соучастник
30000,Невидимый
30001,Контролёр
30002,Невидимый
30003,Невидимый
30004,Делегирующий
30005,Делегирующий
30006,Делегирующий
30007,Невидимый
30008,Делегирующий
30009,Контролёр
30010,Невидимый
30011,Контролёр
30012,Делегирующий
30013,Контролёр
30014,Делегирующий
30015,Контролёр
30016,Контролёр
30017,Соучастник
30018,Контролёр
30019,Контролёр
30020,Делегирующий
30021,Делегирующий
30022,Невидимый
30023,Контролёр
30024,Невидимый
30025,Контролёр
30026,Делегирующий
30027,Делегирующий
30028,Контролёр
30029,Контролёр
30030,Невидимый
30031,Контролёр
30032,Невидимый
30033,Контролёр
30034,Контролёр
30035,Контролёр
30036,Соучастник
30037,Контролёр
30038,Делегирующий
30039,Соучастник
30040,Контролёр
30041,Контролёр
30042,Контролёр
30043,Невидимый
30044,Соучастник
30045,Контролёр
30046,Делегирующий
30047,Невидимый
30048,Контролёр
30049,Невидимый
30050,Делегирующий
30051,Соучастник
30052,Соучастник
30053,Контролёр
30054,Невидимый
30055,Контролёр
30056,Контролёр
30057,Делегирующий
30058,Контролёр
30059,Невидимый
30060,Соучастник
30061,Делегирующий
30062,Контролёр
30063,Невидимый
30064,Контролёр
30065,Контролёр
30066,Невидимый
30067,Контролёр
30068,Делегирующий
30069,Невидимый
30070,Соучастник
30071,Делегирующий
30072,Невидимый
30073,Невидимый
30074,Делегирующий
30075,Контролёр
30076,Соучастник
30077,Делегирующий
30078,Контролёр
30079,Контролёр
30080,Делегирующий
30081,Соучастник
30082,Соучастник
30083,Невидимый
30084,Невидимый
30085,Контролёр
30086,Контролёр
30087,Невидимый
30088,Невидимый
30089,Невидимый
30090,Контролёр
30091,Контролёр
30092,Делегирующий
30093,Делегирующий
30094,Невидимый
30095,Соучастник
30096,Контролёр
30097,Соучастник
30098,Соучастник
30099,Контролёр
30100,Невидимый
30101,Невидимый
30102,Контролёр
30103,Делегирующий
30104,Соучастник
30105,Контролёр
30106,Контролёр
30107,Невидимый
30108,Невидимый
30109,Контролёр
30110,Невидимый
30111,Контролёр
30112,Делегирующий
30113,Невидимый
30114,Контролёр
30115,Делегирующий
30116,Невидимый
30117,Невидимый
30118,Делегирующий
30119,Контролёр
30120,Контролёр
30121,Делегирующий
30122,Невидимый
30123,Невидимый
30124,Контролёр
30125,Делегирующий
30126,Невидимый
30127,Невидимый
30128,Соучастник
30129,Контролёр
30130,Соучастник
30131,Невидимый
30132,Контролёр
30133,Соучастник
30134,Контролёр
30135,Контролёр
30136,Соучастник
30137,Контролёр
30138,Делегирующий
30139,Невидимый
30140,Невидимый
30141,Делегирующий
30142,Невидимый
30143,Соучастник
30144,Соучастник
30145,Контролёр
30146,Делегирующий
30147,Делегирующий
30148,Контролёр
30149,Соучастник
30150,Контролёр
30151,Контролёр
30152,Делегирующий
30153,Контролёр
30154,Невидимый
30155,Делегирующий
30156,Делегирующий
30157,Контролёр
30158,Контролёр
30159,Делегирующий
30160,Соучастник
30161,Контролёр
30162,Невидимый
30163,Контролёр
30164,Невидимый
30165,Невидимый
30166,Контролёр
30167,Соучастник
30168,Контролёр
30169,Контролёр
30170,Соучастник
30171,Невидимый
30172,Невидимый
30173,Невидимый
30174,Соучастник
30175,Невидимый
30176,Делегирующий
30177,Невидимый
30178,Контролёр
30179,Невидимый
30180,Невидимый
30181,Невидимый
30182,Делегирующий
30183,Невидимый
30184,Невидимый
30185,Делегирующий
30186,Невидимый
30187,Контролёр
30188,Делегирующий
30189,Соучастник
30190,Невидимый
30191,Невидимый
30192,Невидимый
30193,Невидимый
30194,Соучастник
30195,Контролёр
30196,Контролёр
30197,Контролёр
30198,Невидимый
30199,Контролёр
30200,Невидимый
30201,Контролёр
30202,Контролёр
30203,Контролёр
30204,Контролёр
30205,Невидимый
30206,Соучастник
30207,Невидимый
30208,Невидимый
30209,Контролёр
30210,Невидимый
30211,Контролёр
30212,Контролёр
30213,Невидимый
30214,Соучастник
30215,Невидимый
30216,Делегирующий
30217,Соучастник
30218,Невидимый
30219,Невидимый
30220,Невидимый
30221,Контролёр
30222,Контролёр
30223,Контролёр
30224,Невидимый
30225,Контролёр
30226,Делегирующий
30227,Контролёр
30228,Делегирующий
30229,Контролёр
30230,Контролёр
30231,Невидимый
30232,Делегирующий
30233,Делегирующий
30234,Делегирующий
30235,Невидимый
30236,Контролёр
30237,Невидимый
30238,Невидимый
30239,Делегирующий
30240,Соучастник
30241,Контролёр
30242,Невидимый
30243,Контролёр
30244,Невидимый
30245,Контролёр
30246,Невидимый
30247,Соучастник
30248,Невидимый
30249,Контролёр
30250,Контролёр
30251,Делегирующий
30252,Невидимый
30253,Делегирующий
30254,Невидимый
30255,Соучастник
30256,Невидимый
30257,Контролёр
30258,Невидимый
30259,Невидимый
30260,Контролёр
30261,Соучастник
30262,Делегирующий
30263,Невидимый
30264,Контролёр
30265,Делегирующий
30266,Контролёр
30267,Контролёр
30268,Невидимый
30269,Делегирующий
30270,Контролёр
30271,Контролёр
30272,Невидимый
30273,Делегирующий
30274,Контролёр
30275,Невидимый
30276,Невидимый
30277,Невидимый
30278,Невидимый
30279,Контролёр
30280,Контролёр
30281,Соучастник
30282,Невидимый
30283,Контролёр
30284,Контролёр
30285,Контролёр
30286,Контролёр
30287,Контролёр
30288,Делегирующий
30289,Делегирующий
30290,Соучастник
30291,Контролёр
30292,Невидимый
30293,Делегирующий
30294,Делегирующий
30295,Контролёр
30296,Делегирующий
30297,Контролёр
30298,Контролёр
30299,Невидимый
30300,Контролёр
30301,Контролёр
30302,Соучастник
30303,Контролёр
30304,Делегирующий
30305,Невидимый
30306,Невидимый
30307,Невидимый
30308,Невидимый
30309,Соучастник
30310,Невидимый
30311,Контролёр
30312,Контролёр
30313,Соучастник
30314,Контролёр
30315,Невидимый
30316,Невидимый
30317,Невидимый
30318,Контролёр
30319,Контролёр
30320,Невидимый
30321,Контролёр
30322,Невидимый
30323,Контролёр
30324,Невидимый
30325,Делегирующий
30326,Контролёр
30327,Контролёр
30328,Невидимый
30329,Контролёр
30330,Контролёр
30331,Невидимый
30332,Делегирующий
30333,Невидимый
30334,Контролёр
30335,Невидимый
30336,Невидимый
30337,Соучастник
30338,Делегирующий
30339,Соучастник
30340,Делегирующий
30341,Контролёр
30342,Контролёр
30343,Невидимый
30344,Соучастник
30345,Невидимый
30346,Соучастник
30347,Делегирующий
30348,Невидимый
30349,Невидимый
30350,Невидимый
30351,Контролёр
30352,Контролёр
30353,Делегирующий
30354,Соучастник
30355,Невидимый
30356,Контролёр
30357,Контролёр
30358,Делегирующий
30359,Невидимый
30360,Контролёр
30361,Контролёр
30362,Невидимый
30363,Невидимый
30364,Контролёр
30365,Невидимый
30366,Контролёр
30367,Невидимый
30368,Соучастник
30369,Контролёр
30370,Делегирующий
30371,Контролёр
30372,Невидимый
30373,Контролёр
30374,Невидимый
30375,Контролёр
30376,Контролёр
30377,Контролёр
30378,Невидимый
30379,Контролёр
30380,Невидимый
30381,Соучастник
30382,Контролёр
30383,Невидимый
30384,Контролёр
30385,Делегирующий
30386,Невидимый
30387,Контролёр
30388,Делегирующий
30389,Контролёр
30390,Невидимый
30391,Контролёр
30392,Соучастник
30393,Контролёр
30394,Невидимый
30395,Контролёр
30396,Соучастник
30397,Контролёр
30398,Контролёр
30399,Делегирующий
30400,Невидимый
30401,Делегирующий
30402,Делегирующий
30403,Соучастник
30404,Соучастник
30405,Соучастник
30406,Контролёр
30407,Невидимый
30408,Делегирующий
30409,Соучастник
30410,Соучастник
30411,Контролёр
30412,Контролёр
30413,Контролёр
30414,Соучастник
30415,Контролёр
30416,Контролёр
30417,Соучастник
30418,Делегирующий
30419,Контролёр
30420,Контролёр
30421,Делегирующий
30422,Контролёр
30423,Делегирующий
30424,Невидимый
30425,Невидимый
30426,Делегирующий
30427,Соучастник
30428,Контролёр
30429,Контролёр
30430,Соучастник
30431,Соучастник
30432,Соучастник
30433,Невидимый
30434,Невидимый
30435,Невидимый
30436,Невидимый
30437,Делегирующий
30438,Контролёр
30439,Невидимый
30440,Невидимый
30441,Соучастник
30442,Невидимый
30443,Контролёр
30444,Контролёр
30445,Невидимый
30446,Невидимый
30447,Контролёр
30448,Делегирующий
30449,Невидимый
30450,Контролёр
30451,Делегирующий
30452,Невидимый
30453,Невидимый
30454,Невидимый
30455,Невидимый
30456,Контролёр
30457,Невидимый
30458,Невидимый
30459,Невидимый
30460,Контролёр
30461,Делегирующий
30462,Невидимый
30463,Невидимый
30464,Контролёр
30465,Соучастник
30466,Контролёр
30467,Невидимый
30468,Контролёр
30469,Невидимый
30470,Делегирующий
30471,Контролёр
30472,Невидимый
30473,Невидимый
30474,Невидимый
30475,Контролёр
30476,Невидимый
30477,Контролёр
30478,Невидимый
30479,Делегирующий
30480,Невидимый
30481,Делегирующий
30482,Контролёр
30483,Невидимый
30484,Контролёр
30485,Делегирующий
30486,Контролёр
30487,Контролёр
30488,Контролёр
30489,Делегирующий
30490,Невидимый
30491,Невидимый
30492,Делегирующий
30493,Контролёр
30494,Делегирующий
30495,Контролёр
30496,Невидимый
30497,Контролёр
30498,Контролёр
30499,Невидимый
30500,Соучастник
30501,Контролёр
30502,Соучастник
30503,Делегирующий
30504,Контролёр
30505,Делегирующий
30506,Контролёр
30507,Соучастник
30508,Делегирующий
30509,Невидимый
30510,Контролёр
30511,Соучастник
30512,Невидимый
30513,Делегирующий
30514,Контролёр
30515,Невидимый
30516,Делегирующий
30517,Контролёр
30518,Невидимый
30519,Контролёр
30520,Невидимый
30521,Невидимый
30522,Невидимый
30523,Соучастник
30524,Невидимый
30525,Соучастник
30526,Невидимый
30527,Соучастник
30528,Контролёр
30529,Контролёр
30530,Невидимый
30531,Невидимый
30532,Соучастник
30533,Делегирующий
30534,Контролёр
30535,Контролёр
30536,Контролёр
30537,Невидимый
30538,Невидимый
30539,Невидимый
30540,Контролёр
30541,Контролёр
30542,Контролёр
30543,Невидимый
30544,Невидимый
30545,Контролёр
30546,Контролёр
30547,Соучастник
30548,Делегирующий
30549,Контролёр
30550,Контролёр
30551,Соучастник
30552,Делегирующий
30553,Невидимый
30554,Контролёр
30555,Делегирующий
30556,Невидимый
30557,Контролёр
30558,Контролёр
30559,Соучастник
30560,Соучастник
30561,Контролёр
30562,Контролёр
30563,Контролёр
30564,Контролёр
30565,Контролёр
30566,Невидимый
30567,Контролёр
30568,Невидимый
30569,Невидимый
30570,Контролёр
30571,Невидимый
30572,Невидимый
30573,Невидимый
30574,Делегирующий
30575,Делегирующий
30576,Контролёр
30577,Контролёр
30578,Контролёр
30579,Делегирующий
30580,Невидимый
30581,Делегирующий
30582,Контролёр
30583,Соучастник
30584,Соучастник
30585,Контролёр
30586,Контролёр
30587,Соучастник
30588,Контролёр
30589,Невидимый
30590,Невидимый
30591,Делегирующий
30592,Невидимый
30593,Контролёр
30594,Контролёр
30595,Соучастник
30596,Контролёр
30597,Делегирующий
30598,Делегирующий
30599,Соучастник
30600,Контролёр
30601,Невидимый
30602,Невидимый
30603,Соучастник
30604,Соучастник
30605,Невидимый
30606,Контролёр
30607,Соучастник
30608,Контролёр
30609,Невидимый
30610,Невидимый
30611,Соучастник
30612,Соучастник
30613,Невидимый
30614,Контролёр
30615,Контролёр
30616,Невидимый
30617,Контролёр
30618,Делегирующий
30619,Соучастник
30620,Контролёр
30621,Невидимый
30622,Контролёр
30623,Делегирующий
30624,Соучастник
30625,Невидимый
30626,Соучастник
30627,Соучастник
30628,Делегирующий
30629,Контролёр
30630,Соучастник
30631,Контролёр
30632,Контролёр
30633,Невидимый
30634,Делегирующий
30635,Невидимый
30636,Соучастник
30637,Контролёр
30638,Невидимый
30639,Контролёр
30640,Невидимый
30641,Соучастник
30642,Невидимый
30643,Делегирующий
30644,Невидимый
30645,Соучастник
30646,Соучастник
30647,Делегирующий
30648,Контролёр
30649,Соучастник
30650,Контролёр
30651,Невидимый
30652,Соучастник
30653,Соучастник
30654,Делегирующий
30655,Контролёр
30656,Невидимый
30657,Невидимый
30658,Соучастник
30659,Контролёр
30660,Невидимый
30661,Соучастник
30662,Контролёр
30663,Соучастник
30664,Контролёр
30665,Соучастник
30666,Соучастник
30667,Контролёр
30668,Соучастник
30669,Соучастник
30670,Невидимый
30671,Соучастник
30672,Невидимый
30673,Делегирующий
30674,Соучастник
30675,Соучастник
30676,Невидимый
30677,Делегирующий
30678,Невидимый
30679,Соучастник
30680,Невидимый
30681,Делегирующий
30682,Невидимый
30683,Невидимый
30684,Соучастник
30685,Делегирующий
30686,Невидимый
30687,Контролёр
30688,Контролёр
30689,Контролёр
30690,Контролёр
30691,Делегирующий
30692,Делегирующий
30693,Невидимый
30694,Делегирующий
30695,Невидимый
30696,Контролёр
30697,Невидимый
30698,Контролёр
30699,Делегирующий
30700,Невидимый
30701,Соучастник
30702,Контролёр
30703,Невидимый
30704,Невидимый
30705,Контролёр
30706,Делегирующий
30707,Контролёр
30708,Делегирующий
30709,Невидимый
30710,Соучастник
30711,Контролёр
30712,Делегирующий
30713,Контролёр
30714,Соучастник
30715,Делегирующий
30716,Невидимый
30717,Невидимый
30718,Делегирующий
30719,Невидимый
30720,Невидимый
30721,Контролёр
30722,Невидимый
30723,Невидимый
30724,Соучастник
30725,Делегирующий
30726,Невидимый
30727,Невидимый
30728,Невидимый
30729,Контролёр
30730,Контролёр
30731,Контролёр
30732,Соучастник
30733,Контролёр
30734,Соучастник
30735,Контролёр
30736,Невидимый
30737,Контролёр
30738,Контролёр
30739,Контролёр
30740,Контролёр
30741,Соучастник
30742,Соучастник
30743,Невидимый
30744,Делегирующий
30745,Делегирующий
30746,Невидимый
30747,Невидимый
30748,Делегирующий
30749,Делегирующий
30750,Контролёр
30751,Контролёр
30752,Соучастник
30753,Контролёр
30754,Невидимый
30755,Невидимый
30756,Контролёр
30757,Контролёр
30758,Невидимый
30759,Соучастник
30760,Соучастник
30761,Делегирующий
30762,Контролёр
30763,Контролёр
30764,Контролёр
30765,Контролёр
30766,Соучастник
30767,Невидимый
30768,Делегирующий
30769,Контролёр
30770,Делегирующий
30771,Невидимый
30772,Невидимый
30773,Невидимый
30774,Делегирующий
30775,Невидимый
30776,Делегирующий
30777,Делегирующий
30778,Невидимый
30779,Невидимый
30780,Делегирующий
30781,Делегирующий
30782,Контролёр
30783,Невидимый
30784,Невидимый
30785,Делегирующий
30786,Невидимый
30787,Соучастник
30788,Контролёр
30789,Соучастник
30790,Соучастник
30791,Делегирующий
30792,Невидимый
30793,Контролёр
30794,Делегирующий
30795,Контролёр
30796,Невидимый
30797,Невидимый
30798,Контролёр
30799,Делегирующий
30800,Невидимый
30801,Соучастник
30802,Контролёр
30803,Контролёр
30804,Контролёр
30805,Соучастник
30806,Контролёр
30807,Невидимый
30808,Невидимый
30809,Невидимый
30810,Делегирующий
30811,Контролёр
30812,Контролёр
30813,Делегирующий
30814,Контролёр
30815,Соучастник
30816,Контролёр
30817,Контролёр
30818,Контролёр
30819,Соучастник
30820,Контролёр
30821,Делегирующий
30822,Делегирующий
30823,Невидимый
30824,Соучастник
30825,Контролёр
30826,Невидимый
30827,Контролёр
30828,Невидимый
30829,Контролёр
30830,Соучастник
30831,Контролёр
30832,Контролёр
30833,Невидимый
30834,Соучастник
30835,Контролёр
30836,Контролёр
30837,Делегирующий
30838,Соучастник
30839,Делегирующий
30840,Контролёр
30841,Невидимый
30842,Контролёр
30843,Невидимый
30844,Делегирующий
30845,Невидимый
30846,Невидимый
30847,Контролёр
30848,Контролёр
30849,Делегирующий
30850,Невидимый
30851,Невидимый
30852,Делегирующий
30853,Соучастник
30854,Контролёр
30855,Невидимый
30856,Контролёр
30857,Контролёр
30858,Невидимый
30859,Контролёр
30860,Делегирующий
30861,Контролёр
30862,Соучастник
30863,Соучастник
30864,Контролёр
30865,Контролёр
30866,Контролёр
30867,Делегирующий
30868,Контролёр
30869,Делегирующий
30870,Делегирующий
30871,Невидимый
30872,Соучастник
30873,Контролёр
30874,Невидимый
30875,Делегирующий
30876,Невидимый
30877,Контролёр
30878,Контролёр
30879,Невидимый
30880,Соучастник
30881,Делегирующий
30882,Соучастник
30883,Соучастник
30884,Контролёр
30885,Невидимый
30886,Невидимый
30887,Соучастник
30888,Делегирующий
30889,Соучастник
30890,Невидимый
30891,Невидимый
30892,Контролёр
30893,Контролёр
30894,Соучастник
30895,Невидимый
30896,Соучастник
30897,Невидимый
30898,Контролёр
30899,Делегирующий
30900,Делегирующий
30901,Контролёр
30902,Контролёр
30903,Контролёр
30904,Невидимый
30905,Делегирующий
30906,Контролёр
30907,Контролёр
30908,Контролёр
30909,Делегирующий
30910,Невидимый
30911,Соучастник
30912,Делегирующий
30913,Делегирующий
30914,Делегирующий
30915,Невидимый
30916,Соучастник
30917,Соучастник
30918,Невидимый
30919,Невидимый
30920,Контролёр
30921,Делегирующий
30922,Контролёр
30923,Контролёр
30924,Контролёр
30925,Контролёр
30926,Делегирующий
30927,Невидимый
30928,Невидимый
30929,Соучастник
30930,Делегирующий
30931,Контролёр
30932,Невидимый
30933,Невидимый
30934,Контролёр
30935,Контролёр
30936,Контролёр
30937,Невидимый
30938,Делегирующий
30939,Делегирующий
30940,Контролёр
30941,Делегирующий
30942,Контролёр
30943,Контролёр
30944,Контролёр
30945,Делегирующий
30946,Соучастник
30947,Соучастник
30948,Контролёр
30949,Соучастник
30950,Контролёр
30951,Делегирующий
30952,Делегирующий
30953,Делегирующий
30954,Невидимый
30955,Делегирующий
30956,Контролёр
30957,Контролёр
30958,Соучастник
30959,Контролёр
30960,Контролёр
30961,Делегирующий
30962,Делегирующий
30963,Делегирующий
30964,Контролёр
30965,Соучастник
30966,Невидимый
30967,Соучастник
30968,Контролёр
30969,Делегирующий
30970,Соучастник
30971,Невидимый
30972,Соучастник
30973,Контролёр
30974,Невидимый
30975,Контролёр
30976,Делегирующий
30977,Контролёр
30978,Контролёр
30979,Контролёр
30980,Контролёр
30981,Соучастник
30982,Контролёр
30983,Контролёр
30984,Контролёр
30985,Соучастник
30986,Невидимый
30987,Невидимый
30988,Контролёр
30989,Делегирующий
30990,Контролёр
30991,Делегирующий
30992,Контролёр
30993,Контролёр
30994,Невидимый
30995,Контролёр
30996,Невидимый
30997,Контролёр
30998,Контролёр
30999,Контролёр
31000,Контролёр
31001,Контролёр
31002,Контролёр
31003,Контролёр
31004,Делегирующий
31005,Невидимый
31006,Делегирующий
31007,Невидимый
31008,Невидимый
31009,Невидимый
31010,Соучастник
31011,Контролёр
31012,Соучастник
31013,Контролёр
31014,Делегирующий
31015,Контролёр
31016,Невидимый
31017,Соучастник
31018,Делегирующий
31019,Контролёр
31020,Невидимый
31021,Невидимый
31022,Невидимый
31023,Контролёр
31024,Невидимый
31025,Контролёр
31026,Контролёр
31027,Контролёр
31028,Невидимый
31029,Контролёр
31030,Контролёр
31031,Делегирующий
31032,Делегирующий
31033,Невидимый
31034,Соучастник
31035,Контролёр
31036,Делегирующий
31037,Невидимый
31038,Делегирующий
31039,Невидимый
31040,Контролёр
31041,Контролёр
31042,Невидимый
31043,Делегирующий
31044,Контролёр
31045,Контролёр
31046,Делегирующий
31047,Контролёр
31048,Контролёр
31049,Невидимый
31050,Невидимый
31051,Невидимый
31052,Невидимый
31053,Невидимый
31054,Контролёр
31055,Контролёр
31056,Невидимый
31057,Невидимый
31058,Делегирующий
31059,Делегирующий
31060,Контролёр
31061,Соучастник
31062,Соучастник
31063,Контролёр
31064,Контролёр
31065,Соучастник
31066,Делегирующий
31067,Невидимый
31068,Контролёр
31069,Невидимый
31070,Контролёр
31071,Невидимый
31072,Контролёр
31073,Контролёр
31074,Соучастник
31075,Контролёр
31076,Контролёр
31077,Контролёр
31078,Соучастник
31079,Контролёр
31080,Делегирующий
31081,Невидимый
31082,Контролёр
31083,Соучастник
31084,Делегирующий
31085,Контролёр
31086,Контролёр
31087,Делегирующий
31088,Делегирующий
31089,Контролёр
31090,Контролёр
31091,Контролёр
31092,Делегирующий
31093,Контролёр
31094,Контролёр
31095,Делегирующий
31096,Контролёр
31097,Соучастник
31098,Невидимый
31099,Контролёр
31100,Контролёр
31101,Невидимый
31102,Контролёр
31103,Делегирующий
31104,Невидимый
31105,Контролёр
31106,Невидимый
31107,Невидимый
31108,Соучастник
31109,Невидимый
31110,Контролёр
31111,Контролёр
31112,Делегирующий
31113,Контролёр
31114,Соучастник
31115,Невидимый
31116,Делегирующий
31117,Делегирующий
31118,Контролёр
31119,Контролёр
31120,Делегирующий
31121,Контролёр
31122,Контролёр
31123,Невидимый
31124,Делегирующий
31125,Контролёр
31126,Невидимый
31127,Невидимый
31128,Соучастник
31129,Делегирующий
31130,Делегирующий
31131,Делегирующий
31132,Невидимый
31133,Контролёр
31134,Невидимый
31135,Контролёр
31136,Контролёр
31137,Контролёр
31138,Контролёр
31139,Делегирующий
31140,Невидимый
31141,Делегирующий
31142,Контролёр
31143,Контролёр
31144,Невидимый
31145,Соучастник
31146,Контролёр
31147,Соучастник
31148,Делегирующий
31149,Невидимый
31150,Делегирующий
31151,Контролёр
31152,Соучастник
31153,Контролёр
31154,Контролёр
31155,Контролёр
31156,Невидимый
31157,Соучастник
31158,Невидимый
31159,Невидимый
31160,Контролёр
31161,Контролёр
31162,Делегирующий
31163,Контролёр
31164,Соучастник
31165,Контролёр
31166,Контролёр
31167,Контролёр
31168,Невидимый
31169,Делегирующий
31170,Контролёр
31171,Невидимый
31172,Контролёр
31173,Делегирующий
31174,Соучастник
31175,Контролёр
31176,Невидимый
31177,Невидимый
31178,Контролёр
31179,Контролёр
31180,Контролёр
31181,Контролёр
31182,Делегирующий
31183,Контролёр
31184,Соучастник
31185,Контролёр
31186,Невидимый
31187,Контролёр
31188,Контролёр
31189,Контролёр
31190,Контролёр
31191,Контролёр
31192,Невидимый
31193,Делегирующий
31194,Невидимый
31195,Контролёр
31196,Невидимый
31197,Делегирующий
31198,Контролёр
31199,Невидимый
31200,Невидимый
31201,Контролёр
31202,Делегирующий
31203,Невидимый
31204,Невидимый
31205,Соучастник
31206,Соучастник
31207,Соучастник
31208,Соучастник
31209,Контролёр
31210,Контролёр
31211,Контролёр
31212,Контролёр
31213,Делегирующий
31214,Контролёр
31215,Соучастник
31216,Соучастник
31217,Контролёр
31218,Делегирующий
31219,Делегирующий
31220,Контролёр
31221,Контролёр
31222,Контролёр
31223,Контролёр
31224,Контролёр
31225,Контролёр
31226,Невидимый
31227,Невидимый
31228,Контролёр
31229,Невидимый
31230,Невидимый
31231,Соучастник
31232,Делегирующий
31233,Контролёр
31234,Контролёр
31235,Невидимый
31236,Невидимый
31237,Соучастник
31238,Невидимый
31239,Невидимый
31240,Делегирующий
31241,Контролёр
31242,Невидимый
31243,Контролёр
31244,Контролёр
31245,Невидимый
31246,Контролёр
31247,Делегирующий
31248,Делегирующий
31249,Невидимый
31250,Невидимый
31251,Делегирующий
31252,Контролёр
31253,Невидимый
31254,Невидимый
31255,Соучастник
31256,Делегирующий
31257,Невидимый
31258,Контролёр
31259,Невидимый
31260,Соучастник
31261,Контролёр
31262,Соучастник
31263,Контролёр
31264,Соучастник
31265,Делегирующий
31266,Контролёр
31267,Соучастник
31268,Невидимый
31269,Невидимый
31270,Контролёр
31271,Делегирующий
31272,Делегирующий
31273,Контролёр
31274,Невидимый
31275,Невидимый
31276,Невидимый
31277,Контролёр
31278,Делегирующий
31279,Контролёр
31280,Контролёр
31281,Делегирующий
31282,Невидимый
31283,Контролёр
31284,Контролёр
31285,Невидимый
31286,Делегирующий
31287,Контролёр
31288,Контролёр
31289,Невидимый
31290,Невидимый
31291,Соучастник
31292,Контролёр
31293,Контролёр
31294,Контролёр
31295,Контролёр
31296,Контролёр
31297,Невидимый
31298,Невидимый
31299,Контролёр
31300,Делегирующий
31301,Контролёр
31302,Соучастник
31303,Делегирующий
31304,Контролёр
31305,Соучастник
31306,Соучастник
31307,Контролёр
31308,Невидимый
31309,Контролёр
31310,Невидимый
31311,Контролёр
31312,Контролёр
31313,Невидимый
31314,Невидимый
31315,Контролёр
31316,Контролёр
31317,Контролёр
31318,Контролёр
31319,Контролёр
31320,Контролёр
31321,Контролёр
31322,Контролёр
31323,Контролёр
31324,Невидимый
31325,Контролёр
31326,Контролёр
31327,Делегирующий
31328,Соучастник
31329,Контролёр
31330,Невидимый
31331,Контролёр
31332,Соучастник
31333,Контролёр
31334,Невидимый
31335,Невидимый
31336,Контролёр
31337,Контролёр
31338,Соучастник
31339,Контролёр
31340,Делегирующий
31341,Соучастник
31342,Делегирующий
31343,Соучастник
31344,Делегирующий
31345,Делегирующий
31346,Невидимый
31347,Контролёр
31348,Контролёр
31349,Контролёр
31350,Контролёр
31351,Соучастник
31352,Делегирующий
31353,Невидимый
31354,Невидимый
31355,Соучастник
31356,Соучастник
31357,Делегирующий
31358,Контролёр
31359,Соучастник
31360,Контролёр
31361,Невидимый
31362,Контролёр
31363,Делегирующий
31364,Делегирующий
31365,Соучастник
31366,Невидимый
31367,Соучастник
31368,Невидимый
31369,Делегирующий
31370,Соучастник
31371,Делегирующий
31372,Делегирующий
31373,Контролёр
31374,Контролёр
31375,Соучастник
31376,Невидимый
31377,Невидимый
31378,Невидимый
31379,Невидимый
31380,Делегирующий
31381,Делегирующий
31382,Контролёр
31383,Делегирующий
31384,Контролёр
31385,Контролёр
31386,Контролёр
31387,Невидимый
31388,Невидимый
31389,Делегирующий
31390,Контролёр
31391,Невидимый
31392,Соучастник
31393,Контролёр
31394,Невидимый
31395,Контролёр
31396,Делегирующий
31397,Невидимый
31398,Контролёр
31399,Невидимый
31400,Контролёр
31401,Контролёр
31402,Соучастник
31403,Контролёр
31404,Соучастник
31405,Невидимый
31406,Невидимый
31407,Невидимый
31408,Невидимый
31409,Невидимый
31410,Контролёр
31411,Контролёр
31412,Контролёр
31413,Делегирующий
31414,Соучастник
31415,Контролёр
31416,Контролёр
31417,Контролёр
31418,Контролёр
31419,Контролёр
31420,Контролёр
31421,Соучастник
31422,Контролёр
31423,Невидимый
31424,Делегирующий
31425,Невидимый
31426,Контролёр
31427,Делегирующий
31428,Контролёр
31429,Невидимый
31430,Контролёр
31431,Делегирующий
31432,Соучастник
31433,Контролёр
31434,Невидимый
31435,Контролёр
31436,Контролёр
31437,Контролёр
31438,Контролёр
31439,Контролёр
31440,Соучастник
31441,Контролёр
31442,Соучастник
31443,Невидимый
31444,Невидимый
31445,Контролёр
31446,Контролёр
31447,Делегирующий
31448,Соучастник
31449,Контролёр
31450,Контролёр
31451,Делегирующий
31452,Контролёр
31453,Невидимый
31454,Невидимый
31455,Делегирующий
31456,Контролёр
31457,Соучастник
31458,Соучастник
31459,Невидимый
31460,Делегирующий
31461,Невидимый
31462,Контролёр
31463,Невидимый
31464,Контролёр
31465,Делегирующий
31466,Соучастник
31467,Невидимый
31468,Невидимый
31469,Делегирующий
31470,Невидимый
31471,Соучастник
31472,Контролёр
31473,Невидимый
31474,Делегирующий
31475,Соучастник
31476,Невидимый
31477,Контролёр
31478,Невидимый
31479,Контролёр
31480,Невидимый
31481,Контролёр
31482,Невидимый
31483,Контролёр
31484,Контролёр
31485,Контролёр
31486,Контролёр
31487,Соучастник
31488,Соучастник
31489,Делегирующий
31490,Контролёр
31491,Контролёр
31492,Контролёр
31493,Невидимый
31494,Контролёр
31495,Контролёр
31496,Невидимый
31497,Невидимый
31498,Невидимый
31499,Невидимый
31500,Соучастник
31501,Делегирующий
31502,Соучастник
31503,Контролёр
31504,Контролёр
31505,Невидимый
31506,Контролёр
31507,Контролёр
31508,Делегирующий
31509,Контролёр
31510,Делегирующий
31511,Невидимый
31512,Соучастник
31513,Соучастник
31514,Соучастник
31515,Контролёр
31516,Контролёр
31517,Контролёр
31518,Контролёр
31519,Делегирующий
31520,Соучастник
31521,Невидимый
31522,Невидимый
31523,Невидимый
31524,Невидимый
31525,Невидимый
31526,Контролёр
31527,Контролёр
31528,Делегирующий
31529,Соучастник
31530,Невидимый
31531,Контролёр
31532,Контролёр
31533,Делегирующий
31534,Контролёр
31535,Контролёр
31536,Контролёр
31537,Невидимый
31538,Делегирующий
31539,Соучастник
31540,Контролёр
31541,Невидимый
31542,Контролёр
31543,Контролёр
31544,Невидимый
31545,Делегирующий
31546,Невидимый
31547,Делегирующий
31548,Контролёр
31549,Контролёр
31550,Соучастник
31551,Невидимый
31552,Невидимый
31553,Делегирующий
31554,Делегирующий
31555,Контролёр
31556,Делегирующий
31557,Соучастник
31558,Контролёр
31559,Контролёр
31560,Контролёр
31561,Соучастник
31562,Соучастник
31563,Невидимый
31564,Контролёр
31565,Делегирующий
31566,Делегирующий
31567,Контролёр
31568,Контролёр
31569,Контролёр
31570,Делегирующий
31571,Контролёр
31572,Невидимый
31573,Контролёр
31574,Соучастник
31575,Соучастник
31576,Невидимый
31577,Контролёр
31578,Контролёр
31579,Невидимый
31580,Контролёр
31581,Делегирующий
31582,Соучастник
31583,Соучастник
31584,Соучастник
31585,Невидимый
31586,Контролёр
31587,Невидимый
31588,Контролёр
31589,Делегирующий
31590,Контролёр
31591,Контролёр
31592,Контролёр
31593,Контролёр
31594,Делегирующий
31595,Контролёр
31596,Делегирующий
31597,Контролёр
31598,Соучастник
31599,Соучастник
31600,Соучастник
31601,Контролёр
31602,Контролёр
31603,Контролёр
31604,Контролёр
31605,Соучастник
31606,Соучастник
31607,Соучастник
31608,Контролёр
31609,Делегирующий
31610,Соучастник
31611,Соучастник
31612,Соучастник
31613,Невидимый
31614,Контролёр
31615,Невидимый
31616,Соучастник
31617,Контролёр
31618,Невидимый
31619,Контролёр
31620,Контролёр
31621,Контролёр
31622,Контролёр
31623,Делегирующий
31624,Контролёр
31625,Делегирующий
31626,Невидимый
31627,Контролёр
31628,Невидимый
31629,Невидимый
31630,Соучастник
31631,Контролёр
31632,Контролёр
31633,Контролёр
31634,Контролёр
31635,Контролёр
31636,Делегирующий
31637,Контролёр
31638,Невидимый
31639,Контролёр
31640,Соучастник
31641,Контролёр
31642,Контролёр
31643,Невидимый
31644,Контролёр
31645,Соучастник
31646,Невидимый
31647,Контролёр
31648,Невидимый
31649,Делегирующий
31650,Невидимый
31651,Соучастник
31652,Контролёр
31653,Невидимый
31654,Невидимый
31655,Контролёр
31656,Делегирующий
31657,Делегирующий
31658,Делегирующий
31659,Невидимый
31660,Делегирующий
31661,Делегирующий
31662,Соучастник
31663,Соучастник
31664,Контролёр
31665,Контролёр
31666,Делегирующий
31667,Соучастник
31668,Контролёр
31669,Контролёр
31670,Невидимый
31671,Контролёр
31672,Соучастник
31673,Контролёр
31674,Контролёр
31675,Контролёр
31676,Контролёр
31677,Контролёр
31678,Невидимый
31679,Невидимый
31680,Соучастник
31681,Делегирующий
31682,Невидимый
31683,Контролёр
31684,Соучастник
31685,Делегирующий
31686,Контролёр
31687,Невидимый
31688,Невидимый
31689,Контролёр
31690,Соучастник
31691,Контролёр
31692,Делегирующий
31693,Контролёр
31694,Соучастник
31695,Невидимый
31696,Контролёр
31697,Контролёр
31698,Контролёр
31699,Контролёр
31700,Невидимый
31701,Делегирующий
31702,Соучастник
31703,Соучастник
31704,Контролёр
31705,Контролёр
31706,Контролёр
31707,Соучастник
31708,Контролёр
31709,Контролёр
31710,Соучастник
31711,Контролёр
31712,Соучастник
31713,Контролёр
31714,Невидимый
31715,Делегирующий
31716,Контролёр
31717,Соучастник
31718,Невидимый
31719,Невидимый
31720,Контролёр
31721,Делегирующий
31722,Контролёр
31723,Невидимый
31724,Делегирующий
31725,Невидимый
31726,Невидимый
31727,Соучастник
31728,Контролёр
31729,Невидимый
31730,Контролёр
31731,Контролёр
31732,Невидимый
31733,Соучастник
31734,Невидимый
31735,Контролёр
31736,Соучастник
31737,Контролёр
31738,Соучастник
31739,Невидимый
31740,Контролёр
31741,Соучастник
31742,Соучастник
31743,Невидимый
31744,Невидимый
31745,Соучастник
31746,Контролёр
31747,Соучастник
31748,Невидимый
31749,Невидимый
31750,Контролёр
31751,Невидимый
31752,Невидимый
31753,Соучастник
31754,Соучастник
31755,Контролёр
31756,Контролёр
31757,Делегирующий
31758,Контролёр
31759,Контролёр
31760,Контролёр
31761,Невидимый
31762,Невидимый
31763,Контролёр
31764,Невидимый
31765,Невидимый
31766,Делегирующий
31767,Соучастник
31768,Контролёр
31769,Контролёр
31770,Контролёр
31771,Невидимый
31772,Делегирующий
31773,Соучастник
31774,Контролёр
31775,Невидимый
31776,Делегирующий
31777,Контролёр
31778,Контролёр
31779,Контролёр
31780,Контролёр
31781,Контролёр
31782,Контролёр
31783,Невидимый
31784,Делегирующий
31785,Невидимый
31786,Контролёр
31787,Делегирующий
31788,Контролёр
31789,Невидимый
31790,Контролёр
31791,Соучастник
31792,Соучастник
31793,Делегирующий
31794,Невидимый
31795,Соучастник
31796,Невидимый
31797,Контролёр
31798,Контролёр
31799,Контролёр
31800,Невидимый
31801,Делегирующий
31802,Контролёр
31803,Невидимый
31804,Невидимый
31805,Соучастник
31806,Контролёр
31807,Невидимый
31808,Контролёр
31809,Невидимый
31810,Контролёр
31811,Контролёр
31812,Контролёр
31813,Контролёр
31814,Контролёр
31815,Невидимый
31816,Соучастник
31817,Контролёр
31818,Контролёр
31819,Контролёр
31820,Делегирующий
31821,Невидимый
31822,Делегирующий
31823,Делегирующий
31824,Контролёр
31825,Контролёр
31826,Соучастник
31827,Контролёр
31828,Контролёр
31829,Делегирующий
31830,Делегирующий
31831,Невидимый
31832,Контролёр
31833,Контролёр
31834,Невидимый
31835,Контролёр
31836,Контролёр
31837,Контролёр
31838,Невидимый
31839,Контролёр
31840,Соучастник
31841,Невидимый
31842,Контролёр
31843,Контролёр
31844,Контролёр
31845,Контролёр
31846,Соучастник
31847,Невидимый
31848,Контролёр
31849,Невидимый
31850,Контролёр
31851,Делегирующий
31852,Контролёр
31853,Невидимый
31854,Невидимый
31855,Невидимый
31856,Невидимый
31857,Делегирующий
31858,Контролёр
31859,Контролёр
31860,Невидимый
31861,Невидимый
31862,Невидимый
31863,Невидимый
31864,Невидимый
31865,Невидимый
31866,Невидимый
31867,Невидимый
31868,Контролёр
31869,Контролёр
31870,Невидимый
31871,Контролёр
31872,Соучастник
31873,Контролёр
31874,Делегирующий
31875,Соучастник
31876,Контролёр
31877,Делегирующий
31878,Невидимый
31879,Невидимый
31880,Контролёр
31881,Невидимый
31882,Делегирующий
31883,Соучастник
31884,Соучастник
31885,Невидимый
31886,Контролёр
31887,Контролёр
31888,Соучастник
31889,Невидимый
31890,Соучастник
31891,Контролёр
31892,Контролёр
31893,Контролёр
31894,Невидимый
31895,Делегирующий
31896,Контролёр
31897,Невидимый
31898,Соучастник
31899,Контролёр
31900,Невидимый
31901,Невидимый
31902,Контролёр
31903,Контролёр
31904,Невидимый
31905,Контролёр
31906,Соучастник
31907,Соучастник
31908,Невидимый
31909,Контролёр
31910,Делегирующий
31911,Контролёр
31912,Контролёр
31913,Контролёр
31914,Контролёр
31915,Невидимый
31916,Невидимый
31917,Невидимый
31918,Невидимый
31919,Контролёр
31920,Невидимый
31921,Невидимый
31922,Контролёр
31923,Делегирующий
31924,Соучастник
31925,Соучастник
31926,Контролёр
31927,Делегирующий
31928,Контролёр
31929,Невидимый
31930,Делегирующий
31931,Соучастник
31932,Контролёр
31933,Контролёр
31934,Контролёр
31935,Делегирующий
31936,Контролёр
31937,Делегирующий
31938,Делегирующий
31939,Контролёр
31940,Невидимый
31941,Контролёр
31942,Контролёр
31943,Соучастник
31944,Контролёр
31945,Невидимый
31946,Контролёр
31947,Соучастник
31948,Контролёр
31949,Соучастник
31950,Контролёр
31951,Контролёр
31952,Контролёр
31953,Контролёр
31954,Делегирующий
31955,Соучастник
31956,Делегирующий
31957,Контролёр
31958,Невидимый
31959,Невидимый
31960,Невидимый
31961,Контролёр
31962,Контролёр
31963,Контролёр
31964,Контролёр
31965,Контролёр
31966,Контролёр
31967,Контролёр
31968,Делегирующий
31969,Контролёр
31970,Контролёр
31971,Невидимый
31972,Невидимый
31973,Невидимый
31974,Контролёр
31975,Делегирующий
31976,Контролёр
31977,Соучастник
31978,Невидимый
31979,Контролёр
31980,Контролёр
31981,Невидимый
31982,Невидимый
31983,Делегирующий
31984,Невидимый
31985,Контролёр
31986,Невидимый
31987,Контролёр
31988,Контролёр
31989,Контролёр
31990,Невидимый
31991,Контролёр
31992,Невидимый
31993,Соучастник
31994,Невидимый
31995,Делегирующий
31996,Невидимый
31997,Невидимый
31998,Контролёр
31999,Невидимый
32000,Невидимый
32001,Невидимый
32002,Контролёр
32003,Делегирующий
32004,Контролёр
32005,Невидимый
32006,Делегирующий
32007,Соучастник
32008,Соучастник
32009,Делегирующий
32010,Невидимый
32011,Делегирующий
32012,Контролёр
32013,Контролёр
32014,Контролёр
32015,Делегирующий
32016,Соучастник
32017,Соучастник
32018,Соучастник
32019,Невидимый
32020,Невидимый
32021,Невидимый
32022,Контролёр
32023,Контролёр
32024,Контролёр
32025,Соучастник
32026,Делегирующий
32027,Соучастник
32028,Делегирующий
32029,Соучастник
32030,Невидимый
32031,Делегирующий
32032,Невидимый
32033,Невидимый
32034,Контролёр
32035,Контролёр
32036,Контролёр
32037,Невидимый
32038,Соучастник
32039,Делегирующий
32040,Контролёр
32041,Невидимый
32042,Делегирующий
32043,Соучастник
32044,Контролёр
32045,Соучастник
32046,Делегирующий
32047,Контролёр
32048,Соучастник
32049,Делегирующий
32050,Делегирующий
32051,Делегирующий
32052,Соучастник
32053,Невидимый
32054,Невидимый
32055,Соучастник
32056,Контролёр
32057,Контролёр
32058,Соучастник
32059,Соучастник
32060,Контролёр
32061,Невидимый
32062,Невидимый
32063,Невидимый
32064,Контролёр
32065,Контролёр
32066,Контролёр
32067,Невидимый
32068,Соучастник
32069,Контролёр
32070,Делегирующий
32071,Невидимый
32072,Контролёр
32073,Делегирующий
32074,Соучастник
32075,Невидимый
32076,Соучастник
32077,Делегирующий
32078,Соучастник
32079,Контролёр
32080,Соучастник
32081,Невидимый
32082,Соучастник
32083,Контролёр
32084,Невидимый
32085,Соучастник
32086,Контролёр
32087,Контролёр
32088,Соучастник
32089,Невидимый
32090,Контролёр
32091,Невидимый
32092,Невидимый
32093,Соучастник
32094,Контролёр
32095,Соучастник
32096,Невидимый
32097,Невидимый
32098,Невидимый
32099,Невидимый
32100,Контролёр
32101,Контролёр
32102,Соучастник
32103,Невидимый
32104,Контролёр
32105,Контролёр
32106,Контролёр
32107,Контролёр
32108,Невидимый
32109,Невидимый
32110,Контролёр
32111,Контролёр
32112,Соучастник
32113,Контролёр
32114,Соучастник
32115,Делегирующий
32116,Невидимый
32117,Соучастник
32118,Делегирующий
32119,Делегирующий
32120,Делегирующий
32121,Невидимый
32122,Невидимый
32123,Невидимый
32124,Соучастник
32125,Контролёр
32126,Делегирующий
32127,Контролёр
32128,Контролёр
32129,Невидимый
32130,Контролёр
32131,Контролёр
32132,Контролёр
32133,Контролёр
32134,Контролёр
32135,Соучастник
32136,Соучастник
32137,Контролёр
32138,Контролёр
32139,Невидимый
32140,Невидимый
32141,Контролёр
32142,Делегирующий
32143,Контролёр
32144,Невидимый
32145,Контролёр
32146,Соучастник
32147,Контролёр
32148,Невидимый
32149,Контролёр
32150,Контролёр
32151,Контролёр
32152,Контролёр
32153,Контролёр
32154,Делегирующий
32155,Контролёр
32156,Контролёр
32157,Делегирующий
32158,Контролёр
32159,Невидимый
32160,Невидимый
32161,Невидимый
32162,Контролёр
32163,Соучастник
32164,Контролёр
32165,Невидимый
32166,Контролёр
32167,Соучастник
32168,Контролёр
32169,Невидимый
32170,Делегирующий
32171,Контролёр
32172,Соучастник
32173,Контролёр
32174,Делегирующий
32175,Контролёр
32176,Делегирующий
32177,Делегирующий
32178,Контролёр
32179,Контролёр
32180,Невидимый
32181,Невидимый
32182,Контролёр
32183,Контролёр
32184,Невидимый
32185,Делегирующий
32186,Невидимый
32187,Контролёр
32188,Контролёр
32189,Невидимый
32190,Контролёр
32191,Контролёр
32192,Делегирующий
32193,Соучастник
32194,Невидимый
32195,Делегирующий
32196,Контролёр
32197,Контролёр
32198,Контролёр
32199,Контролёр
32200,Делегирующий
32201,Делегирующий
32202,Контролёр
32203,Контролёр
32204,Делегирующий
32205,Контролёр
32206,Невидимый
32207,Контролёр
32208,Невидимый
32209,Невидимый
32210,Соучастник
32211,Контролёр
32212,Невидимый
32213,Соучастник
32214,Контролёр
32215,Невидимый
32216,Невидимый
32217,Соучастник
32218,Контролёр
32219,Контролёр
32220,Делегирующий
32221,Невидимый
32222,Контролёр
32223,Контролёр
32224,Делегирующий
32225,Контролёр
32226,Контролёр
32227,Соучастник
32228,Делегирующий
32229,Делегирующий
32230,Невидимый
32231,Невидимый
32232,Контролёр
32233,Контролёр
32234,Контролёр
32235,Контролёр
32236,Контролёр
32237,Делегирующий
32238,Делегирующий
32239,Соучастник
32240,Невидимый
32241,Соучастник
32242,Делегирующий
32243,Делегирующий
32244,Невидимый
32245,Невидимый
32246,Невидимый
32247,Соучастник
32248,Соучастник
32249,Контролёр
32250,Невидимый
32251,Контролёр
32252,Контролёр
32253,Делегирующий
32254,Контролёр
32255,Контролёр
32256,Контролёр
32257,Контролёр
32258,Невидимый
32259,Невидимый
32260,Невидимый
32261,Невидимый
32262,Невидимый
32263,Контролёр
32264,Контролёр
32265,Делегирующий
32266,Контролёр
32267,Невидимый
32268,Контролёр
32269,Контролёр
32270,Невидимый
32271,Невидимый
32272,Невидимый
32273,Делегирующий
32274,Невидимый
32275,Невидимый
32276,Контролёр
32277,Делегирующий
32278,Соучастник
32279,Контролёр
32280,Невидимый
32281,Делегирующий
32282,Делегирующий
32283,Соучастник
32284,Контролёр
32285,Контролёр
32286,Соучастник
32287,Контролёр
32288,Невидимый
32289,Невидимый
32290,Невидимый
32291,Невидимый
32292,Контролёр
32293,Контролёр
32294,Невидимый
32295,Контролёр
32296,Контролёр
32297,Контролёр
32298,Делегирующий
32299,Делегирующий
32300,Контролёр
32301,Контролёр
32302,Контролёр
32303,Делегирующий
32304,Невидимый
32305,Контролёр
32306,Невидимый
32307,Контролёр
32308,Невидимый
32309,Контролёр
32310,Невидимый
32311,Невидимый
32312,Невидимый
32313,Делегирующий
32314,Контролёр
32315,Контролёр
32316,Контролёр
32317,Контролёр
32318,Контролёр
32319,Невидимый
32320,Соучастник
32321,Контролёр
32322,Контролёр
32323,Контролёр
32324,Делегирующий
32325,Контролёр
32326,Контролёр
32327,Делегирующий
32328,Соучастник
32329,Делегирующий
32330,Невидимый
32331,Невидимый
32332,Невидимый
32333,Невидимый
32334,Делегирующий
32335,Невидимый
32336,Соучастник
32337,Контролёр
32338,Делегирующий
32339,Делегирующий
32340,Контролёр
32341,Невидимый
32342,Контролёр
32343,Контролёр
32344,Соучастник
32345,Невидимый
32346,Делегирующий
32347,Невидимый
32348,Делегирующий
32349,Невидимый
32350,Контролёр
32351,Контролёр
32352,Контролёр
32353,Контролёр
32354,Контролёр
32355,Делегирующий
32356,Соучастник
32357,Невидимый
32358,Контролёр
32359,Контролёр
32360,Невидимый
32361,Делегирующий
32362,Делегирующий
32363,Делегирующий
32364,Соучастник
32365,Делегирующий
32366,Делегирующий
32367,Невидимый
32368,Делегирующий
32369,Соучастник
32370,Невидимый
32371,Соучастник
32372,Делегирующий
32373,Контролёр
32374,Контролёр
32375,Контролёр
32376,Контролёр
32377,Контролёр
32378,Контролёр
32379,Невидимый
32380,Контролёр
32381,Невидимый
32382,Контролёр
32383,Невидимый
32384,Контролёр
32385,Невидимый
32386,Контролёр
32387,Контролёр
32388,Контролёр
32389,Контролёр
32390,Контролёр
32391,Невидимый
32392,Контролёр
32393,Контролёр
32394,Контролёр
32395,Контролёр
32396,Невидимый
32397,Контролёр
32398,Невидимый
32399,Делегирующий
32400,Контролёр
32401,Невидимый
32402,Контролёр
32403,Делегирующий
32404,Невидимый
32405,Соучастник
32406,Соучастник
32407,Контролёр
32408,Невидимый
32409,Соучастник
32410,Контролёр
32411,Делегирующий
32412,Невидимый
32413,Контролёр
32414,Невидимый
32415,Делегирующий
32416,Контролёр
32417,Контролёр
32418,Контролёр
32419,Невидимый
32420,Контролёр
32421,Невидимый
32422,Невидимый
32423,Невидимый
32424,Соучастник
32425,Невидимый
32426,Контролёр
32427,Невидимый
32428,Контролёр
32429,Невидимый
32430,Контролёр
32431,Невидимый
32432,Делегирующий
32433,Невидимый
32434,Контролёр
32435,Невидимый
32436,Контролёр
32437,Контролёр
32438,Соучастник
32439,Соучастник
32440,Контролёр
32441,Невидимый
32442,Делегирующий
32443,Контролёр
32444,Делегирующий
32445,Контролёр
32446,Делегирующий
32447,Контролёр
32448,Контролёр
32449,Контролёр
32450,Невидимый
32451,Невидимый
32452,Контролёр
32453,Делегирующий
32454,Невидимый
32455,Невидимый
32456,Невидимый
32457,Делегирующий
32458,Невидимый
32459,Контролёр
32460,Контролёр
32461,Невидимый
32462,Контролёр
32463,Делегирующий
32464,Невидимый
32465,Контролёр
32466,Невидимый
32467,Соучастник
32468,Делегирующий
32469,Невидимый
32470,Делегирующий
32471,Контролёр
32472,Контролёр
32473,Невидимый
32474,Контролёр
32475,Невидимый
32476,Невидимый
32477,Невидимый
32478,Соучастник
32479,Невидимый
32480,Невидимый
32481,Соучастник
32482,Невидимый
32483,Соучастник
32484,Контролёр
32485,Невидимый
32486,Делегирующий
32487,Контролёр
32488,Контролёр
32489,Делегирующий
32490,Контролёр
32491,Контролёр
32492,Контролёр
32493,Контролёр
32494,Контролёр
32495,Невидимый
32496,Контролёр
32497,Делегирующий
32498,Делегирующий
32499,Соучастник
32500,Невидимый
32501,Контролёр
32502,Невидимый
32503,Контролёр
32504,Контролёр
32505,Делегирующий
32506,Контролёр
32507,Невидимый
32508,Делегирующий
32509,Соучастник
32510,Невидимый
32511,Контролёр
32512,Невидимый
32513,Невидимый
32514,Невидимый
32515,Контролёр
32516,Соучастник
32517,Невидимый
32518,Невидимый
32519,Контролёр
32520,Невидимый
32521,Невидимый
32522,Невидимый
32523,Контролёр
32524,Контролёр
32525,Делегирующий
32526,Контролёр
32527,Невидимый
32528,Невидимый
32529,Контролёр
32530,Делегирующий
32531,Делегирующий
32532,Невидимый
32533,Делегирующий
32534,Делегирующий
32535,Контролёр
32536,Невидимый
32537,Контролёр
32538,Контролёр
32539,Невидимый
32540,Делегирующий
32541,Соучастник
32542,Соучастник
32543,Делегирующий
32544,Соучастник
32545,Невидимый
32546,Соучастник
32547,Контролёр
32548,Невидимый
32549,Невидимый
32550,Невидимый
32551,Невидимый
32552,Делегирующий
32553,Делегирующий
32554,Контролёр
32555,Контролёр
32556,Контролёр
32557,Контролёр
32558,Невидимый
32559,Делегирующий
32560,Соучастник
32561,Невидимый
32562,Контролёр
32563,Невидимый
32564,Соучастник
32565,Контролёр
32566,Соучастник
32567,Делегирующий
32568,Соучастник
32569,Контролёр
32570,Контролёр
32571,Контролёр
32572,Невидимый
32573,Невидимый
32574,Контролёр
32575,Делегирующий
32576,Соучастник
32577,Контролёр
32578,Невидимый
32579,Соучастник
32580,Контролёр
32581,Невидимый
32582,Невидимый
32583,Контролёр
32584,Контролёр
32585,Контролёр
32586,Невидимый
32587,Контролёр
32588,Соучастник
32589,Невидимый
32590,Контролёр
32591,Контролёр
32592,Делегирующий
32593,Контролёр
32594,Невидимый
32595,Невидимый
32596,Невидимый
32597,Невидимый
32598,Контролёр
32599,Контролёр
32600,Невидимый
32601,Невидимый
32602,Делегирующий
32603,Делегирующий
32604,Контролёр
32605,Контролёр
32606,Невидимый
32607,Делегирующий
32608,Контролёр
32609,Контролёр
32610,Контролёр
32611,Делегирующий
32612,Невидимый
32613,Невидимый
32614,Невидимый
32615,Соучастник
32616,Соучастник
32617,Соучастник
32618,Контролёр
32619,Контролёр
32620,Делегирующий
32621,Невидимый
32622,Невидимый
32623,Делегирующий
32624,Контролёр
32625,Невидимый
32626,Соучастник
32627,Контролёр
32628,Делегирующий
32629,Невидимый
32630,Невидимый
32631,Делегирующий
32632,Контролёр
32633,Контролёр
32634,Контролёр
32635,Контролёр
32636,Контролёр
32637,Делегирующий
32638,Невидимый
32639,Делегирующий
32640,Контролёр
32641,Контролёр
32642,Контролёр
32643,Контролёр
32644,Контролёр
32645,Невидимый
32646,Невидимый
32647,Соучастник
32648,Невидимый
32649,Контролёр
32650,Делегирующий
32651,Невидимый
32652,Невидимый
32653,Соучастник
32654,Соучастник
32655,Соучастник
32656,Контролёр
32657,Делегирующий
32658,Делегирующий
32659,Делегирующий
32660,Контролёр
32661,Контролёр
32662,Контролёр
32663,Невидимый
32664,Контролёр
32665,Делегирующий
32666,Контролёр
32667,Невидимый
32668,Соучастник
32669,Соучастник
32670,Делегирующий
32671,Делегирующий
32672,Делегирующий
32673,Контролёр
32674,Делегирующий
32675,Соучастник
32676,Контролёр
32677,Соучастник
32678,Соучастник
32679,Контролёр
32680,Делегирующий
32681,Контролёр
32682,Соучастник
32683,Невидимый
32684,Контролёр
32685,Делегирующий
32686,Контролёр
32687,Соучастник
32688,Делегирующий
32689,Невидимый
32690,Соучастник
32691,Невидимый
32692,Невидимый
32693,Контролёр
32694,Контролёр
32695,Контролёр
32696,Соучастник
32697,Контролёр
32698,Контролёр
32699,Контролёр
32700,Контролёр
32701,Невидимый
32702,Невидимый
32703,Невидимый
32704,Контролёр
32705,Невидимый
32706,Контролёр
32707,Контролёр
32708,Невидимый
32709,Контролёр
32710,Соучастник
32711,Невидимый
32712,Невидимый
32713,Контролёр
32714,Контролёр
32715,Невидимый
32716,Делегирующий
32717,Соучастник
32718,Делегирующий
32719,Делегирующий
32720,Невидимый
32721,Невидимый
32722,Контролёр
32723,Контролёр
32724,Соучастник
32725,Делегирующий
32726,Невидимый
32727,Контролёр
32728,Делегирующий
32729,Контролёр
32730,Невидимый
32731,Невидимый
32732,Контролёр
32733,Делегирующий
32734,Контролёр
32735,Делегирующий
32736,Контролёр
32737,Контролёр
32738,Делегирующий
32739,Невидимый
32740,Невидимый
32741,Соучастник
32742,Контролёр
32743,Контролёр
32744,Невидимый
32745,Контролёр
32746,Делегирующий
32747,Контролёр
32748,Невидимый
32749,Невидимый
32750,Контролёр
32751,Контролёр
32752,Невидимый
32753,Контролёр
32754,Контролёр
32755,Соучастник
32756,Невидимый
32757,Контролёр
32758,Контролёр
32759,Делегирующий
32760,Соучастник
32761,Делегирующий
32762,Невидимый
32763,Соучастник
32764,Соучастник
32765,Контролёр
32766,Делегирующий
32767,Контролёр
32768,Делегирующий
32769,Соучастник
32770,Невидимый
32771,Контролёр
32772,Контролёр
32773,Контролёр
32774,Контролёр
32775,Делегирующий
32776,Соучастник
32777,Контролёр
32778,Невидимый
32779,Невидимый
32780,Контролёр
32781,Контролёр
32782,Контролёр
32783,Невидимый
32784,Контролёр
32785,Соучастник
32786,Контролёр
32787,Соучастник
32788,Соучастник
32789,Контролёр
32790,Делегирующий
32791,Невидимый
32792,Контролёр
32793,Делегирующий
32794,Делегирующий
32795,Соучастник
32796,Соучастник
32797,Невидимый
32798,Невидимый
32799,Контролёр
32800,Делегирующий
32801,Невидимый
32802,Делегирующий
32803,Невидимый
32804,Контролёр
32805,Соучастник
32806,Контролёр
32807,Невидимый
32808,Невидимый
32809,Контролёр
32810,Делегирующий
32811,Невидимый
32812,Невидимый
32813,Соучастник
32814,Невидимый
32815,Контролёр
32816,Невидимый
32817,Контролёр
32818,Невидимый
32819,Контролёр
32820,Контролёр
32821,Соучастник
32822,Контролёр
32823,Соучастник
32824,Соучастник
32825,Контролёр
32826,Невидимый
32827,Соучастник
32828,Невидимый
32829,Контролёр
32830,Контролёр
32831,Контролёр
32832,Контролёр
32833,Невидимый
32834,Делегирующий
32835,Невидимый
32836,Невидимый
32837,Невидимый
32838,Невидимый
32839,Невидимый
32840,Соучастник
32841,Невидимый
32842,Соучастник
32843,Невидимый
32844,Невидимый
32845,Делегирующий
32846,Невидимый
32847,Делегирующий
32848,Соучастник
32849,Контролёр
32850,Соучастник
32851,Контролёр
32852,Невидимый
32853,Соучастник
32854,Соучастник
32855,Контролёр
32856,Контролёр
32857,Невидимый
32858,Невидимый
32859,Контролёр
32860,Невидимый
32861,Контролёр
32862,Контролёр
32863,Соучастник
32864,Делегирующий
32865,Невидимый
32866,Невидимый
32867,Невидимый
32868,Делегирующий
32869,Соучастник
32870,Соучастник
32871,Контролёр
32872,Контролёр
32873,Невидимый
32874,Невидимый
32875,Невидимый
32876,Невидимый
32877,Невидимый
32878,Контролёр
32879,Невидимый
32880,Контролёр
32881,Контролёр
32882,Делегирующий
32883,Невидимый
32884,Контролёр
32885,Невидимый
32886,Контролёр
32887,Контролёр
32888,Делегирующий
32889,Контролёр
32890,Невидимый
32891,Соучастник
32892,Невидимый
32893,Невидимый
32894,Делегирующий
32895,Делегирующий
32896,Контролёр
32897,Соучастник
32898,Делегирующий
32899,Контролёр
32900,Невидимый
32901,Невидимый
32902,Соучастник
32903,Невидимый
32904,Соучастник
32905,Делегирующий
32906,Контролёр
32907,Делегирующий
32908,Соучастник
32909,Невидимый
32910,Невидимый
32911,Делегирующий
32912,Невидимый
32913,Контролёр
32914,Невидимый
32915,Соучастник
32916,Контролёр
32917,Невидимый
32918,Контролёр
32919,Соучастник
32920,Контролёр
32921,Делегирующий
32922,Соучастник
32923,Невидимый
32924,Делегирующий
32925,Контролёр
32926,Невидимый
32927,Соучастник
32928,Соучастник
32929,Невидимый
32930,Делегирующий
32931,Невидимый
32932,Невидимый
32933,Контролёр
32934,Соучастник
32935,Невидимый
32936,Невидимый
32937,Контролёр
32938,Контролёр
32939,Контролёр
32940,Контролёр
32941,Контролёр
32942,Контролёр
32943,Невидимый
32944,Невидимый
32945,Контролёр
32946,Контролёр
32947,Контролёр
32948,Невидимый
32949,Невидимый
32950,Невидимый
32951,Соучастник
32952,Контролёр
32953,Контролёр
32954,Контролёр
32955,Контролёр
32956,Контролёр
32957,Соучастник
32958,Делегирующий
32959,Делегирующий
32960,Делегирующий
32961,Контролёр
32962,Контролёр
32963,Контролёр
32964,Невидимый
32965,Делегирующий
32966,Делегирующий
32967,Соучастник
32968,Невидимый
32969,Невидимый
32970,Контролёр
32971,Контролёр
32972,Делегирующий
32973,Соучастник
32974,Контролёр
32975,Контролёр
32976,Контролёр
32977,Невидимый
32978,Невидимый
32979,Делегирующий
32980,Соучастник
32981,Невидимый
32982,Невидимый
32983,Контролёр
32984,Невидимый
32985,Делегирующий
32986,Невидимый
32987,Контролёр
32988,Делегирующий
32989,Контролёр
32990,Делегирующий
32991,Контролёр
32992,Контролёр
32993,Контролёр
32994,Невидимый
32995,Делегирующий
32996,Невидимый
32997,Контролёр
32998,Делегирующий
32999,Невидимый
33000,Соучастник
33001,Делегирующий
33002,Контролёр
33003,Делегирующий
33004,Контролёр
33005,Делегирующий
33006,Делегирующий
33007,Контролёр
33008,Контролёр
33009,Контролёр
33010,Контролёр
33011,Соучастник
33012,Невидимый
33013,Контролёр
33014,Невидимый
33015,Невидимый
33016,Контролёр
33017,Контролёр
33018,Контролёр
33019,Контролёр
33020,Невидимый
33021,Невидимый
33022,Контролёр
33023,Делегирующий
33024,Невидимый
33025,Делегирующий
33026,Делегирующий
33027,Делегирующий
33028,Контролёр
33029,Контролёр
33030,Делегирующий
33031,Контролёр
33032,Соучастник
33033,Контролёр
33034,Контролёр
33035,Контролёр
33036,Контролёр
33037,Делегирующий
33038,Невидимый
33039,Контролёр
33040,Соучастник
33041,Контролёр
33042,Контролёр
33043,Контролёр
33044,Соучастник
33045,Невидимый
33046,Невидимый
33047,Соучастник
33048,Контролёр
33049,Невидимый
33050,Невидимый
33051,Контролёр
33052,Невидимый
33053,Контролёр
33054,Делегирующий
33055,Соучастник
33056,Контролёр
33057,Невидимый
33058,Контролёр
33059,Контролёр
33060,Соучастник
33061,Делегирующий
33062,Контролёр
33063,Делегирующий
33064,Делегирующий
33065,Делегирующий
33066,Контролёр
33067,Невидимый
33068,Делегирующий
33069,Контролёр
33070,Контролёр
33071,Делегирующий
33072,Контролёр
33073,Контролёр
33074,Соучастник
33075,Контролёр
33076,Невидимый
33077,Соучастник
33078,Контролёр
33079,Соучастник
33080,Соучастник
33081,Делегирующий
33082,Невидимый
33083,Делегирующий
33084,Контролёр
33085,Невидимый
33086,Контролёр
33087,Делегирующий
33088,Делегирующий
33089,Невидимый
33090,Невидимый
33091,Невидимый
33092,Соучастник
33093,Соучастник
33094,Невидимый
33095,Невидимый
33096,Соучастник
33097,Невидимый
33098,Контролёр
33099,Контролёр
33100,Контролёр
33101,Контролёр
33102,Соучастник
33103,Соучастник
33104,Контролёр
33105,Делегирующий
33106,Контролёр
33107,Невидимый
33108,Контролёр
33109,Делегирующий
33110,Соучастник
33111,Делегирующий
33112,Контролёр
33113,Контролёр
33114,Контролёр
33115,Невидимый
33116,Контролёр
33117,Соучастник
33118,Контролёр
33119,Контролёр
33120,Делегирующий
33121,Контролёр
33122,Невидимый
33123,Контролёр
33124,Контролёр
33125,Делегирующий
33126,Невидимый
33127,Делегирующий
33128,Соучастник
33129,Делегирующий
33130,Соучастник
33131,Невидимый
33132,Соучастник
33133,Невидимый
33134,Соучастник
33135,Невидимый
33136,Контролёр
33137,Контролёр
33138,Невидимый
33139,Контролёр
33140,Невидимый
33141,Невидимый
33142,Невидимый
33143,Невидимый
33144,Невидимый
33145,Невидимый
33146,Делегирующий
33147,Делегирующий
33148,Делегирующий
33149,Делегирующий
33150,Контролёр
33151,Контролёр
33152,Соучастник
33153,Делегирующий
33154,Контролёр
33155,Контролёр
33156,Невидимый
33157,Соучастник
33158,Контролёр
33159,Невидимый
33160,Делегирующий
33161,Невидимый
33162,Делегирующий
33163,Контролёр
33164,Контролёр
33165,Контролёр
33166,Контролёр
33167,Делегирующий
33168,Контролёр
33169,Невидимый
33170,Соучастник
33171,Контролёр
33172,Невидимый
33173,Контролёр
33174,Контролёр
33175,Контролёр
33176,Контролёр
33177,Контролёр
33178,Невидимый
33179,Контролёр
33180,Невидимый
33181,Контролёр
33182,Невидимый
33183,Невидимый
33184,Контролёр
33185,Контролёр
33186,Невидимый
33187,Делегирующий
33188,Контролёр
33189,Делегирующий
33190,Невидимый
33191,Контролёр
33192,Невидимый
33193,Контролёр
33194,Контролёр
33195,Невидимый
33196,Контролёр
33197,Контролёр
33198,Соучастник
33199,Делегирующий
33200,Делегирующий
33201,Соучастник
33202,Соучастник
33203,Контролёр
33204,Невидимый
33205,Контролёр
33206,Соучастник
33207,Соучастник
33208,Невидимый
33209,Делегирующий
33210,Соучастник
33211,Контролёр
33212,Невидимый
33213,Невидимый
33214,Делегирующий
33215,Контролёр
33216,Контролёр
33217,Контролёр
33218,Соучастник
33219,Соучастник
33220,Невидимый
33221,Контролёр
33222,Контролёр
33223,Делегирующий
33224,Делегирующий
33225,Невидимый
33226,Делегирующий
33227,Соучастник
33228,Контролёр
33229,Делегирующий
33230,Невидимый
33231,Невидимый
33232,Невидимый
33233,Невидимый
33234,Делегирующий
33235,Контролёр
33236,Контролёр
33237,Контролёр
33238,Контролёр
33239,Невидимый
33240,Соучастник
33241,Невидимый
33242,Делегирующий
33243,Контролёр
33244,Делегирующий
33245,Контролёр
33246,Контролёр
33247,Делегирующий
33248,Невидимый
33249,Соучастник
33250,Контролёр
33251,Контролёр
33252,Делегирующий
33253,Делегирующий
33254,Контролёр
33255,Делегирующий
33256,Контролёр
33257,Делегирующий
33258,Делегирующий
33259,Контролёр
33260,Соучастник
33261,Контролёр
33262,Контролёр
33263,Делегирующий
33264,Делегирующий
33265,Соучастник
33266,Делегирующий
33267,Невидимый
33268,Контролёр
33269,Соучастник
33270,Контролёр
33271,Невидимый
33272,Невидимый
33273,Контролёр
33274,Контролёр
33275,Невидимый
33276,Невидимый
33277,Невидимый
33278,Контролёр
33279,Контролёр
33280,Делегирующий
33281,Невидимый
33282,Делегирующий
33283,Невидимый
33284,Соучастник
33285,Соучастник
33286,Соучастник
33287,Делегирующий
33288,Соучастник
33289,Соучастник
33290,Соучастник
33291,Контролёр
33292,Невидимый
33293,Невидимый
33294,Контролёр
33295,Контролёр
33296,Соучастник
33297,Невидимый
33298,Делегирующий
33299,Невидимый
33300,Контролёр
33301,Делегирующий
33302,Контролёр
33303,Невидимый
33304,Соучастник
33305,Невидимый
33306,Соучастник
33307,Делегирующий
33308,Невидимый
33309,Делегирующий
33310,Контролёр
33311,Соучастник
33312,Невидимый
33313,Делегирующий
33314,Контролёр
33315,Соучастник
33316,Контролёр
33317,Контролёр
33318,Соучастник
33319,Контролёр
33320,Соучастник
33321,Невидимый
33322,Контролёр
33323,Невидимый
33324,Контролёр
33325,Контролёр
33326,Делегирующий
33327,Контролёр
33328,Невидимый
33329,Соучастник
33330,Контролёр
33331,Невидимый
33332,Невидимый
33333,Контролёр
33334,Невидимый
33335,Соучастник
33336,Контролёр
33337,Соучастник
33338,Контролёр
33339,Контролёр
33340,Контролёр
33341,Невидимый
33342,Контролёр
33343,Контролёр
33344,Контролёр
33345,Соучастник
33346,Делегирующий
33347,Контролёр
33348,Контролёр
33349,Соучастник
33350,Соучастник
33351,Делегирующий
33352,Соучастник
33353,Контролёр
33354,Делегирующий
33355,Соучастник
33356,Невидимый
33357,Контролёр
33358,Невидимый
33359,Контролёр
33360,Невидимый
33361,Делегирующий
33362,Контролёр
33363,Невидимый
33364,Невидимый
33365,Контролёр
33366,Невидимый
33367,Делегирующий
33368,Контролёр
33369,Невидимый
33370,Невидимый
33371,Невидимый
33372,Контролёр
33373,Контролёр
33374,Контролёр
33375,Невидимый
33376,Контролёр
33377,Контролёр
33378,Делегирующий
33379,Делегирующий
33380,Контролёр
33381,Контролёр
33382,Контролёр
33383,Невидимый
33384,Контролёр
33385,Контролёр
33386,Контролёр
33387,Контролёр
33388,Невидимый
33389,Контролёр
33390,Контролёр
33391,Делегирующий
33392,Невидимый
33393,Невидимый
33394,Делегирующий
33395,Невидимый
33396,Невидимый
33397,Соучастник
33398,Контролёр
33399,Соучастник
33400,Контролёр
33401,Делегирующий
33402,Соучастник
33403,Контролёр
33404,Невидимый
33405,Контролёр
33406,Невидимый
33407,Невидимый
33408,Контролёр
33409,Невидимый
33410,Невидимый
33411,Контролёр
33412,Невидимый
33413,Соучастник
33414,Контролёр
33415,Контролёр
33416,Контролёр
33417,Контролёр
33418,Контролёр
33419,Контролёр
33420,Контролёр
33421,Контролёр
33422,Соучастник
33423,Контролёр
33424,Делегирующий
33425,Контролёр
33426,Контролёр
33427,Соучастник
33428,Невидимый
33429,Невидимый
33430,Невидимый
33431,Контролёр
33432,Делегирующий
33433,Невидимый
33434,Делегирующий
33435,Невидимый
33436,Контролёр
33437,Контролёр
33438,Невидимый
33439,Контролёр
33440,Невидимый
33441,Невидимый
33442,Невидимый
33443,Невидимый
33444,Невидимый
33445,Контролёр
33446,Контролёр
33447,Делегирующий
33448,Делегирующий
33449,Контролёр
33450,Контролёр
33451,Контролёр
33452,Соучастник
33453,Невидимый
33454,Невидимый
33455,Контролёр
33456,Контролёр
33457,Контролёр
33458,Контролёр
33459,Делегирующий
33460,Контролёр
33461,Невидимый
33462,Делегирующий
33463,Контролёр
33464,Делегирующий
33465,Делегирующий
33466,Контролёр
33467,Невидимый
33468,Контролёр
33469,Делегирующий
33470,Соучастник
33471,Невидимый
33472,Невидимый
33473,Соучастник
33474,Контролёр
33475,Контролёр
33476,Контролёр
33477,Соучастник
33478,Контролёр
33479,Делегирующий
33480,Невидимый
33481,Невидимый
33482,Делегирующий
33483,Невидимый
33484,Контролёр
33485,Делегирующий
33486,Делегирующий
33487,Соучастник
33488,Контролёр
33489,Делегирующий
33490,Контролёр
33491,Невидимый
33492,Делегирующий
33493,Соучастник
33494,Делегирующий
33495,Делегирующий
33496,Делегирующий
33497,Контролёр
33498,Невидимый
33499,Контролёр
33500,Невидимый
33501,Контролёр
33502,Невидимый
33503,Невидимый
33504,Контролёр
33505,Соучастник
33506,Контролёр
33507,Невидимый
33508,Невидимый
33509,Соучастник
33510,Делегирующий
33511,Невидимый
33512,Невидимый
33513,Соучастник
33514,Контролёр
33515,Контролёр
33516,Невидимый
33517,Невидимый
33518,Контролёр
33519,Контролёр
33520,Делегирующий
33521,Контролёр
33522,Контролёр
33523,Контролёр
33524,Контролёр
33525,Контролёр
33526,Невидимый
33527,Делегирующий
33528,Соучастник
33529,Соучастник
33530,Невидимый
33531,Контролёр
33532,Контролёр
33533,Делегирующий
33534,Невидимый
33535,Контролёр
33536,Соучастник
33537,Контролёр
33538,Соучастник
33539,Соучастник
33540,Невидимый
33541,Невидимый
33542,Контролёр
33543,Контролёр
33544,Контролёр
33545,Контролёр
33546,Контролёр
33547,Контролёр
33548,Контролёр
33549,Невидимый
33550,Невидимый
33551,Невидимый
33552,Контролёр
33553,Невидимый
33554,Невидимый
33555,Невидимый
33556,Делегирующий
33557,Невидимый
33558,Контролёр
33559,Невидимый
33560,Контролёр
33561,Невидимый
33562,Контролёр
33563,Невидимый
33564,Контролёр
33565,Контролёр
33566,Делегирующий
33567,Невидимый
33568,Контролёр
33569,Контролёр
33570,Невидимый
33571,Делегирующий
33572,Делегирующий
33573,Контролёр
33574,Невидимый
33575,Контролёр
33576,Делегирующий
33577,Невидимый
33578,Контролёр
33579,Контролёр
33580,Соучастник
33581,Контролёр
33582,Контролёр
33583,Делегирующий
33584,Контролёр
33585,Делегирующий
33586,Соучастник
33587,Делегирующий
33588,Контролёр
33589,Делегирующий
33590,Контролёр
33591,Делегирующий
33592,Невидимый
33593,Контролёр
33594,Контролёр
33595,Контролёр
33596,Невидимый
33597,Невидимый
33598,Контролёр
33599,Соучастник
33600,Соучастник
33601,Соучастник
33602,Контролёр
33603,Контролёр
33604,Делегирующий
33605,Контролёр
33606,Соучастник
33607,Контролёр
33608,Невидимый
33609,Контролёр
33610,Контролёр
33611,Соучастник
33612,Соучастник
33613,Невидимый
33614,Невидимый
33615,Невидимый
33616,Невидимый
33617,Невидимый
33618,Невидимый
33619,Делегирующий
33620,Делегирующий
33621,Соучастник
33622,Соучастник
33623,Контролёр
33624,Контролёр
33625,Контролёр
33626,Делегирующий
33627,Контролёр
33628,Невидимый
33629,Контролёр
33630,Делегирующий
33631,Невидимый
33632,Делегирующий
33633,Контролёр
33634,Соучастник
33635,Контролёр
33636,Невидимый
33637,Контролёр
33638,Контролёр
33639,Невидимый
33640,Соучастник
33641,Контролёр
33642,Соучастник
33643,Контролёр
33644,Контролёр
33645,Контролёр
33646,Соучастник
33647,Невидимый
33648,Контролёр
33649,Делегирующий
33650,Соучастник
33651,Контролёр
33652,Соучастник
33653,Контролёр
33654,Невидимый
33655,Соучастник
33656,Делегирующий
33657,Невидимый
33658,Контролёр
33659,Контролёр
33660,Контролёр
33661,Невидимый
33662,Контролёр
33663,Контролёр
33664,Контролёр
33665,Контролёр
33666,Соучастник
33667,Невидимый
33668,Соучастник
33669,Невидимый
33670,Контролёр
33671,Контролёр
33672,Невидимый
33673,Контролёр
33674,Контролёр
33675,Контролёр
33676,Невидимый
33677,Делегирующий
33678,Контролёр
33679,Контролёр
33680,Контролёр
33681,Невидимый
33682,Невидимый
33683,Контролёр
33684,Делегирующий
33685,Контролёр
33686,Делегирующий
33687,Контролёр
33688,Невидимый
33689,Соучастник
33690,Контролёр
33691,Соучастник
33692,Невидимый
33693,Невидимый
33694,Делегирующий
33695,Невидимый
33696,Невидимый
33697,Невидимый
33698,Контролёр
33699,Невидимый
33700,Соучастник
33701,Соучастник
33702,Невидимый
33703,Невидимый
33704,Невидимый
33705,Делегирующий
33706,Невидимый
33707,Контролёр
33708,Соучастник
33709,Контролёр
33710,Невидимый
33711,Контролёр
33712,Контролёр
33713,Соучастник
33714,Невидимый
33715,Невидимый
33716,Контролёр
33717,Контролёр
33718,Невидимый
33719,Невидимый
33720,Контролёр
33721,Делегирующий
33722,Соучастник
33723,Делегирующий
33724,Контролёр
33725,Делегирующий
33726,Контролёр
33727,Невидимый
33728,Соучастник
33729,Соучастник
33730,Невидимый
33731,Невидимый
33732,Делегирующий
33733,Делегирующий
33734,Соучастник
33735,Делегирующий
33736,Невидимый
33737,Делегирующий
33738,Контролёр
33739,Контролёр
33740,Контролёр
33741,Контролёр
33742,Соучастник
33743,Контролёр
33744,Делегирующий
33745,Невидимый
33746,Невидимый
33747,Делегирующий
33748,Контролёр
33749,Контролёр
33750,Делегирующий
33751,Соучастник
33752,Невидимый
33753,Невидимый
33754,Соучастник
33755,Контролёр
33756,Делегирующий
33757,Невидимый
33758,Контролёр
33759,Соучастник
33760,Соучастник
33761,Контролёр
33762,Невидимый
33763,Контролёр
33764,Невидимый
33765,Контролёр
33766,Соучастник
33767,Невидимый
33768,Невидимый
33769,Контролёр
33770,Невидимый
33771,Контролёр
33772,Делегирующий
33773,Контролёр
33774,Невидимый
33775,Невидимый
33776,Делегирующий
33777,Контролёр
33778,Невидимый
33779,Соучастник
33780,Контролёр
33781,Контролёр
33782,Контролёр
33783,Невидимый
33784,Контролёр
33785,Контролёр
33786,Контролёр
33787,Делегирующий
33788,Делегирующий
33789,Соучастник
33790,Невидимый
33791,Делегирующий
33792,Делегирующий
33793,Делегирующий
33794,Контролёр
33795,Невидимый
33796,Контролёр
33797,Невидимый
33798,Невидимый
33799,Делегирующий
33800,Делегирующий
33801,Контролёр
33802,Контролёр
33803,Невидимый
33804,Контролёр
33805,Невидимый
33806,Невидимый
33807,Контролёр
33808,Невидимый
33809,Контролёр
33810,Контролёр
33811,Контролёр
33812,Делегирующий
33813,Соучастник
33814,Контролёр
33815,Делегирующий
33816,Невидимый
33817,Контролёр
33818,Контролёр
33819,Невидимый
33820,Контролёр
33821,Делегирующий
33822,Соучастник
33823,Невидимый
33824,Контролёр
33825,Контролёр
33826,Контролёр
33827,Невидимый
33828,Контролёр
33829,Невидимый
33830,Соучастник
33831,Соучастник
33832,Невидимый
33833,Невидимый
33834,Невидимый
33835,Соучастник
33836,Делегирующий
33837,Контролёр
33838,Делегирующий
33839,Делегирующий
33840,Соучастник
33841,Контролёр
33842,Контролёр
33843,Контролёр
33844,Соучастник
33845,Делегирующий
33846,Контролёр
33847,Делегирующий
33848,Делегирующий
33849,Контролёр
33850,Делегирующий
33851,Контролёр
33852,Контролёр
33853,Контролёр
33854,Делегирующий
33855,Невидимый
33856,Контролёр
33857,Контролёр
33858,Невидимый
33859,Делегирующий
33860,Контролёр
33861,Делегирующий
33862,Невидимый
33863,Контролёр
33864,Соучастник
33865,Невидимый
33866,Делегирующий
33867,Контролёр
33868,Соучастник
33869,Невидимый
33870,Контролёр
33871,Контролёр
33872,Невидимый
33873,Контролёр
33874,Контролёр
33875,Соучастник
33876,Контролёр
33877,Делегирующий
33878,Соучастник
33879,Контролёр
33880,Контролёр
33881,Контролёр
33882,Невидимый
33883,Контролёр
33884,Делегирующий
33885,Контролёр
33886,Соучастник
33887,Контролёр
33888,Невидимый
33889,Контролёр
33890,Контролёр
33891,Контролёр
33892,Контролёр
33893,Соучастник
33894,Контролёр
33895,Контролёр
33896,Невидимый
33897,Невидимый
33898,Невидимый
33899,Соучастник
33900,Контролёр
33901,Контролёр
33902,Контролёр
33903,Невидимый
33904,Невидимый
33905,Делегирующий
33906,Невидимый
33907,Контролёр
33908,Соучастник
33909,Контролёр
33910,Невидимый
33911,Делегирующий
33912,Соучастник
33913,Соучастник
33914,Невидимый
33915,Делегирующий
33916,Контролёр
33917,Невидимый
33918,Соучастник
33919,Контролёр
33920,Контролёр
33921,Невидимый
33922,Невидимый
33923,Контролёр
33924,Невидимый
33925,Контролёр
33926,Делегирующий
33927,Невидимый
33928,Контролёр
33929,Делегирующий
33930,Контролёр
33931,Невидимый
33932,Делегирующий
33933,Контролёр
33934,Невидимый
33935,Соучастник
33936,Контролёр
33937,Контролёр
33938,Невидимый
33939,Делегирующий
33940,Делегирующий
33941,Контролёр
33942,Делегирующий
33943,Делегирующий
33944,Соучастник
33945,Контролёр
33946,Соучастник
33947,Контролёр
33948,Делегирующий
33949,Контролёр
33950,Контролёр
33951,Делегирующий
33952,Делегирующий
33953,Контролёр
33954,Невидимый
33955,Невидимый
33956,Невидимый
33957,Невидимый
33958,Невидимый
33959,Невидимый
33960,Соучастник
33961,Контролёр
33962,Контролёр
33963,Невидимый
33964,Делегирующий
33965,Контролёр
33966,Контролёр
33967,Соучастник
33968,Делегирующий
33969,Соучастник
33970,Соучастник
33971,Контролёр
33972,Контролёр
33973,Невидимый
33974,Соучастник
33975,Контролёр
33976,Контролёр
33977,Невидимый
33978,Соучастник
33979,Невидимый
33980,Контролёр
33981,Соучастник
33982,Соучастник
33983,Контролёр
33984,Невидимый
33985,Соучастник
33986,Невидимый
33987,Невидимый
33988,Соучастник
33989,Соучастник
33990,Контролёр
33991,Делегирующий
33992,Контролёр
33993,Контролёр
33994,Невидимый
33995,Невидимый
33996,Делегирующий
33997,Невидимый
33998,Невидимый
33999,Невидимый
34000,Делегирующий
34001,Делегирующий
34002,Делегирующий
34003,Делегирующий
34004,Контролёр
34005,Невидимый
34006,Контролёр
34007,Делегирующий
34008,Контролёр
34009,Невидимый
34010,Делегирующий
34011,Соучастник
34012,Контролёр
34013,Невидимый
34014,Делегирующий
34015,Соучастник
34016,Контролёр
34017,Контролёр
34018,Контролёр
34019,Контролёр
34020,Делегирующий
34021,Соучастник
34022,Невидимый
34023,Соучастник
34024,Делегирующий
34025,Делегирующий
34026,Контролёр
34027,Соучастник
34028,Контролёр
34029,Соучастник
34030,Невидимый
34031,Контролёр
34032,Контролёр
34033,Невидимый
34034,Невидимый
34035,Невидимый
34036,Невидимый
34037,Делегирующий
34038,Контролёр
34039,Делегирующий
34040,Контролёр
34041,Соучастник
34042,Невидимый
34043,Контролёр
34044,Соучастник
34045,Невидимый
34046,Делегирующий
34047,Невидимый
34048,Контролёр
34049,Невидимый
34050,Делегирующий
34051,Невидимый
34052,Контролёр
34053,Контролёр
34054,Контролёр
34055,Невидимый
34056,Невидимый
34057,Делегирующий
34058,Соучастник
34059,Контролёр
34060,Делегирующий
34061,Контролёр
34062,Невидимый
34063,Невидимый
34064,Контролёр
34065,Контролёр
34066,Контролёр
34067,Невидимый
34068,Соучастник
34069,Делегирующий
34070,Невидимый
34071,Контролёр
34072,Контролёр
34073,Невидимый
34074,Контролёр
34075,Контролёр
34076,Делегирующий
34077,Делегирующий
34078,Делегирующий
34079,Невидимый
34080,Соучастник
34081,Контролёр
34082,Невидимый
34083,Делегирующий
34084,Делегирующий
34085,Контролёр
34086,Невидимый
34087,Контролёр
34088,Делегирующий
34089,Контролёр
34090,Соучастник
34091,Невидимый
34092,Делегирующий
34093,Делегирующий
34094,Контролёр
34095,Соучастник
34096,Соучастник
34097,Делегирующий
34098,Невидимый
34099,Делегирующий
34100,Контролёр
34101,Делегирующий
34102,Невидимый
34103,Невидимый
34104,Контролёр
34105,Контролёр
34106,Соучастник
34107,Контролёр
34108,Невидимый
34109,Соучастник
34110,Делегирующий
34111,Невидимый
34112,Соучастник
34113,Соучастник
34114,Невидимый
34115,Невидимый
34116,Невидимый
34117,Контролёр
34118,Соучастник
34119,Невидимый
34120,Делегирующий
34121,Невидимый
34122,Контролёр
34123,Соучастник
34124,Соучастник
34125,Делегирующий
34126,Невидимый
34127,Невидимый
34128,Контролёр
34129,Невидимый
34130,Делегирующий
34131,Контролёр
34132,Невидимый
34133,Невидимый
34134,Контролёр
34135,Невидимый
34136,Контролёр
34137,Делегирующий
34138,Контролёр
34139,Соучастник
34140,Контролёр
34141,Контролёр
34142,Невидимый
34143,Контролёр
34144,Соучастник
34145,Контролёр
34146,Невидимый
34147,Невидимый
34148,Невидимый
34149,Делегирующий
34150,Соучастник
34151,Делегирующий
34152,Делегирующий
34153,Делегирующий
34154,Контролёр
34155,Делегирующий
34156,Невидимый
34157,Невидимый
34158,Соучастник
34159,Делегирующий
34160,Делегирующий
34161,Невидимый
34162,Невидимый
34163,Невидимый
34164,Делегирующий
34165,Невидимый
34166,Контролёр
34167,Соучастник
34168,Невидимый
34169,Делегирующий
34170,Делегирующий
34171,Невидимый
34172,Контролёр
34173,Невидимый
34174,Контролёр
34175,Соучастник
34176,Невидимый
34177,Контролёр
34178,Соучастник
34179,Контролёр
34180,Делегирующий
34181,Контролёр
34182,Контролёр
34183,Невидимый
34184,Контролёр
34185,Контролёр
34186,Невидимый
34187,Контролёр
34188,Невидимый
34189,Невидимый
34190,Соучастник
34191,Контролёр
34192,Невидимый
34193,Контролёр
34194,Контролёр
34195,Делегирующий
34196,Соучастник
34197,Невидимый
34198,Делегирующий
34199,Контролёр
34200,Соучастник
34201,Невидимый
34202,Контролёр
34203,Контролёр
34204,Невидимый
34205,Невидимый
34206,Контролёр
34207,Соучастник
34208,Невидимый
34209,Контролёр
34210,Делегирующий
34211,Невидимый
34212,Контролёр
34213,Невидимый
34214,Невидимый
34215,Невидимый
34216,Контролёр
34217,Невидимый
34218,Невидимый
34219,Контролёр
34220,Контролёр
34221,Соучастник
34222,Делегирующий
34223,Контролёр
34224,Невидимый
34225,Невидимый
34226,Контролёр
34227,Соучастник
34228,Контролёр
34229,Делегирующий
34230,Соучастник
34231,Контролёр
34232,Соучастник
34233,Невидимый
34234,Соучастник
34235,Невидимый
34236,Контролёр
34237,Контролёр
34238,Соучастник
34239,Делегирующий
34240,Невидимый
34241,Контролёр
34242,Делегирующий
34243,Контролёр
34244,Делегирующий
34245,Контролёр
34246,Делегирующий
34247,Контролёр
34248,Контролёр
34249,Делегирующий
34250,Соучастник
34251,Соучастник
34252,Невидимый
34253,Невидимый
34254,Делегирующий
34255,Контролёр
34256,Контролёр
34257,Контролёр
34258,Контролёр
34259,Контролёр
34260,Невидимый
34261,Невидимый
34262,Соучастник
34263,Контролёр
34264,Невидимый
34265,Контролёр
34266,Невидимый
34267,Контролёр
34268,Контролёр
34269,Невидимый
34270,Делегирующий
34271,Контролёр
34272,Делегирующий
34273,Невидимый
34274,Невидимый
34275,Невидимый
34276,Контролёр
34277,Контролёр
34278,Контролёр
34279,Делегирующий
34280,Контролёр
34281,Соучастник
34282,Контролёр
34283,Делегирующий
34284,Невидимый
34285,Соучастник
34286,Невидимый
34287,Контролёр
34288,Контролёр
34289,Соучастник
34290,Невидимый
34291,Делегирующий
34292,Контролёр
34293,Соучастник
34294,Контролёр
34295,Контролёр
34296,Соучастник
34297,Соучастник
34298,Делегирующий
34299,Контролёр
34300,Делегирующий
34301,Соучастник
34302,Делегирующий
34303,Невидимый
34304,Контролёр
34305,Невидимый
34306,Невидимый
34307,Контролёр
34308,Контролёр
34309,Соучастник
34310,Невидимый
34311,Соучастник
34312,Соучастник
34313,Соучастник
34314,Невидимый
34315,Контролёр
34316,Делегирующий
34317,Соучастник
34318,Контролёр
34319,Невидимый
34320,Невидимый
34321,Невидимый
34322,Невидимый
34323,Соучастник
34324,Невидимый
34325,Контролёр
34326,Контролёр
34327,Невидимый
34328,Контролёр
34329,Соучастник
34330,Невидимый
34331,Невидимый
34332,Контролёр
34333,Контролёр
34334,Соучастник
34335,Невидимый
34336,Невидимый
34337,Невидимый
34338,Невидимый
34339,Контролёр
34340,Делегирующий
34341,Контролёр
34342,Контролёр
34343,Контролёр
34344,Контролёр
34345,Контролёр
34346,Соучастник
34347,Соучастник
34348,Делегирующий
34349,Невидимый
34350,Контролёр
34351,Делегирующий
34352,Контролёр
34353,Соучастник
34354,Невидимый
34355,Невидимый
34356,Делегирующий
34357,Контролёр
34358,Контролёр
34359,Контролёр
34360,Контролёр
34361,Невидимый
34362,Контролёр
34363,Контролёр
34364,Контролёр
34365,Невидимый
34366,Делегирующий
34367,Соучастник
34368,Соучастник
34369,Контролёр
34370,Невидимый
34371,Контролёр
34372,Невидимый
34373,Контролёр
34374,Невидимый
34375,Соучастник
34376,Соучастник
34377,Делегирующий
34378,Соучастник
34379,Контролёр
34380,Контролёр
34381,Делегирующий
34382,Делегирующий
34383,Делегирующий
34384,Контролёр
34385,Соучастник
34386,Контролёр
34387,Контролёр
34388,Невидимый
34389,Делегирующий
34390,Контролёр
34391,Соучастник
34392,Невидимый
34393,Невидимый
34394,Соучастник
34395,Невидимый
34396,Контролёр
34397,Контролёр
34398,Невидимый
34399,Невидимый
34400,Делегирующий
34401,Делегирующий
34402,Контролёр
34403,Невидимый
34404,Соучастник
34405,Контролёр
34406,Невидимый
34407,Невидимый
34408,Контролёр
34409,Контролёр
34410,Контролёр
34411,Невидимый
34412,Контролёр
34413,Соучастник
34414,Делегирующий
34415,Контролёр
34416,Делегирующий
34417,Невидимый
34418,Соучастник
34419,Контролёр
34420,Невидимый
34421,Контролёр
34422,Контролёр
34423,Контролёр
34424,Невидимый
34425,Контролёр
34426,Делегирующий
34427,Делегирующий
34428,Контролёр
34429,Соучастник
34430,Контролёр
34431,Невидимый
34432,Делегирующий
34433,Соучастник
34434,Контролёр
34435,Контролёр
34436,Соучастник
34437,Контролёр
34438,Невидимый
34439,Контролёр
34440,Невидимый
34441,Контролёр
34442,Невидимый
34443,Контролёр
34444,Делегирующий
34445,Соучастник
34446,Невидимый
34447,Соучастник
34448,Контролёр
34449,Невидимый
34450,Невидимый
34451,Контролёр
34452,Соучастник
34453,Контролёр
34454,Соучастник
34455,Соучастник
34456,Контролёр
34457,Соучастник
34458,Соучастник
34459,Невидимый
34460,Контролёр
34461,Соучастник
34462,Невидимый
34463,Делегирующий
34464,Делегирующий
34465,Делегирующий
34466,Невидимый
34467,Невидимый
34468,Невидимый
34469,Делегирующий
34470,Контролёр
34471,Контролёр
34472,Контролёр
34473,Контролёр
34474,Соучастник
34475,Невидимый
34476,Контролёр
34477,Соучастник
34478,Невидимый
34479,Делегирующий
34480,Контролёр
34481,Контролёр
34482,Невидимый
34483,Соучастник
34484,Соучастник
34485,Невидимый
34486,Контролёр
34487,Невидимый
34488,Невидимый
34489,Контролёр
34490,Контролёр
34491,Контролёр
34492,Контролёр
34493,Соучастник
34494,Делегирующий
34495,Контролёр
34496,Контролёр
34497,Невидимый
34498,Контролёр
34499,Контролёр
34500,Контролёр
34501,Невидимый
34502,Делегирующий
34503,Контролёр
34504,Невидимый
34505,Соучастник
34506,Невидимый
34507,Контролёр
34508,Невидимый
34509,Контролёр
34510,Невидимый
34511,Делегирующий
34512,Невидимый
34513,Контролёр
34514,Невидимый
34515,Невидимый
34516,Соучастник
34517,Контролёр
34518,Контролёр
34519,Невидимый
34520,Контролёр
34521,Делегирующий
34522,Соучастник
34523,Невидимый
34524,Соучастник
34525,Контролёр
34526,Контролёр
34527,Невидимый
34528,Невидимый
34529,Делегирующий
34530,Контролёр
34531,Делегирующий
34532,Невидимый
34533,Контролёр
34534,Невидимый
34535,Делегирующий
34536,Контролёр
34537,Контролёр
34538,Контролёр
34539,Соучастник
34540,Соучастник
34541,Контролёр
34542,Делегирующий
34543,Невидимый
34544,Невидимый
34545,Делегирующий
34546,Делегирующий
34547,Невидимый
34548,Контролёр
34549,Контролёр
34550,Делегирующий
34551,Невидимый
34552,Делегирующий
34553,Невидимый
34554,Делегирующий
34555,Контролёр
34556,Делегирующий
34557,Делегирующий
34558,Контролёр
34559,Контролёр
34560,Контролёр
34561,Контролёр
34562,Соучастник
34563,Делегирующий
34564,Контролёр
34565,Контролёр
34566,Соучастник
34567,Невидимый
34568,Контролёр
34569,Контролёр
34570,Невидимый
34571,Контролёр
34572,Соучастник
34573,Невидимый
34574,Контролёр
34575,Делегирующий
34576,Контролёр
34577,Контролёр
34578,Невидимый
34579,Делегирующий
34580,Невидимый
34581,Невидимый
34582,Контролёр
34583,Невидимый
34584,Контролёр
34585,Соучастник
34586,Невидимый
34587,Контролёр
34588,Делегирующий
34589,Делегирующий
34590,Контролёр
34591,Делегирующий
34592,Невидимый
34593,Контролёр
34594,Контролёр
34595,Невидимый
34596,Контролёр
34597,Соучастник
34598,Делегирующий
34599,Контролёр
34600,Невидимый
34601,Невидимый
34602,Контролёр
34603,Контролёр
34604,Невидимый
34605,Контролёр
34606,Контролёр
34607,Контролёр
34608,Невидимый
34609,Невидимый
34610,Невидимый
34611,Соучастник
34612,Делегирующий
34613,Соучастник
34614,Невидимый
34615,Делегирующий
34616,Делегирующий
34617,Невидимый
34618,Контролёр
34619,Контролёр
34620,Невидимый
34621,Контролёр
34622,Делегирующий
34623,Невидимый
34624,Соучастник
34625,Контролёр
34626,Контролёр
34627,Контролёр
34628,Невидимый
34629,Контролёр
34630,Невидимый
34631,Контролёр
34632,Контролёр
34633,Соучастник
34634,Контролёр
34635,Контролёр
34636,Соучастник
34637,Соучастник
34638,Делегирующий
34639,Контролёр
34640,Невидимый
34641,Делегирующий
34642,Соучастник
34643,Делегирующий
34644,Невидимый
34645,Контролёр
34646,Соучастник
34647,Делегирующий
34648,Делегирующий
34649,Невидимый
34650,Контролёр
34651,Контролёр
34652,Невидимый
34653,Контролёр
34654,Контролёр
34655,Контролёр
34656,Контролёр
34657,Контролёр
34658,Невидимый
34659,Контролёр
34660,Соучастник
34661,Невидимый
34662,Контролёр
34663,Контролёр
34664,Делегирующий
34665,Контролёр
34666,Невидимый
34667,Невидимый
34668,Соучастник
34669,Контролёр
34670,Делегирующий
34671,Делегирующий
34672,Контролёр
34673,Делегирующий
34674,Соучастник
34675,Контролёр
34676,Контролёр
34677,Невидимый
34678,Невидимый
34679,Контролёр
34680,Невидимый
34681,Невидимый
34682,Контролёр
34683,Соучастник
34684,Контролёр
34685,Делегирующий
34686,Делегирующий
34687,Контролёр
34688,Соучастник
34689,Контролёр
34690,Соучастник
34691,Невидимый
34692,Делегирующий
34693,Невидимый
34694,Делегирующий
34695,Невидимый
34696,Контролёр
34697,Соучастник
34698,Контролёр
34699,Соучастник
34700,Делегирующий
34701,Контролёр
34702,Контролёр
34703,Невидимый
34704,Соучастник
34705,Невидимый
34706,Невидимый
34707,Контролёр
34708,Соучастник
34709,Делегирующий
34710,Контролёр
34711,Контролёр
34712,Невидимый
34713,Контролёр
34714,Контролёр
34715,Соучастник
34716,Делегирующий
34717,Контролёр
34718,Невидимый
34719,Невидимый
34720,Контролёр
34721,Соучастник
34722,Соучастник
34723,Невидимый
34724,Невидимый
34725,Невидимый
34726,Контролёр
34727,Делегирующий
34728,Контролёр
34729,Контролёр
34730,Делегирующий
34731,Контролёр
34732,Невидимый
34733,Невидимый
34734,Контролёр
34735,Невидимый
34736,Делегирующий
34737,Соучастник
34738,Невидимый
34739,Контролёр
34740,Невидимый
34741,Контролёр
34742,Делегирующий
34743,Контролёр
34744,Делегирующий
34745,Делегирующий
34746,Делегирующий
34747,Невидимый
34748,Соучастник
34749,Невидимый
34750,Делегирующий
34751,Соучастник
34752,Делегирующий
34753,Контролёр
34754,Делегирующий
34755,Делегирующий
34756,Контролёр
34757,Невидимый
34758,Контролёр
34759,Соучастник
34760,Делегирующий
34761,Делегирующий
34762,Соучастник
34763,Соучастник
34764,Невидимый
34765,Контролёр
34766,Контролёр
34767,Делегирующий
34768,Невидимый
34769,Контролёр
34770,Невидимый
34771,Соучастник
34772,Контролёр
34773,Невидимый
34774,Невидимый
34775,Контролёр
34776,Делегирующий
34777,Невидимый
34778,Соучастник
34779,Контролёр
34780,Делегирующий
34781,Контролёр
34782,Контролёр
34783,Невидимый
34784,Делегирующий
34785,Контролёр
34786,Невидимый
34787,Контролёр
34788,Невидимый
34789,Контролёр
34790,Невидимый
34791,Делегирующий
34792,Делегирующий
34793,Контролёр
34794,Контролёр
34795,Контролёр
34796,Делегирующий
34797,Контролёр
34798,Невидимый
34799,Контролёр
34800,Контролёр
34801,Невидимый
34802,Невидимый
34803,Контролёр
34804,Делегирующий
34805,Соучастник
34806,Контролёр
34807,Контролёр
34808,Контролёр
34809,Контролёр
34810,Невидимый
34811,Делегирующий
34812,Контролёр
34813,Невидимый
34814,Невидимый
34815,Невидимый
34816,Соучастник
34817,Контролёр
34818,Невидимый
34819,Делегирующий
34820,Соучастник
34821,Соучастник
34822,Контролёр
34823,Невидимый
34824,Контролёр
34825,Контролёр
34826,Контролёр
34827,Контролёр
34828,Соучастник
34829,Невидимый
34830,Делегирующий
34831,Соучастник
34832,Делегирующий
34833,Контролёр
34834,Контролёр
34835,Контролёр
34836,Соучастник
34837,Невидимый
34838,Контролёр
34839,Делегирующий
34840,Невидимый
34841,Невидимый
34842,Делегирующий
34843,Контролёр
34844,Контролёр
34845,Соучастник
34846,Невидимый
34847,Контролёр
34848,Контролёр
34849,Невидимый
34850,Контролёр
34851,Делегирующий
34852,Контролёр
34853,Невидимый
34854,Контролёр
34855,Соучастник
34856,Соучастник
34857,Делегирующий
34858,Контролёр
34859,Невидимый
34860,Невидимый
34861,Контролёр
34862,Контролёр
34863,Делегирующий
34864,Невидимый
34865,Невидимый
34866,Невидимый
34867,Делегирующий
34868,Соучастник
34869,Невидимый
34870,Соучастник
34871,Контролёр
34872,Контролёр
34873,Контролёр
34874,Контролёр
34875,Делегирующий
34876,Невидимый
34877,Контролёр
34878,Контролёр
34879,Делегирующий
34880,Делегирующий
34881,Контролёр
34882,Контролёр
34883,Невидимый
34884,Делегирующий
34885,Делегирующий
34886,Делегирующий
34887,Контролёр
34888,Делегирующий
34889,Невидимый
34890,Делегирующий
34891,Соучастник
34892,Невидимый
34893,Невидимый
34894,Невидимый
34895,Невидимый
34896,Невидимый
34897,Контролёр
34898,Контролёр
34899,Делегирующий
34900,Соучастник
34901,Контролёр
34902,Контролёр
34903,Делегирующий
34904,Контролёр
34905,Делегирующий
34906,Контролёр
34907,Делегирующий
34908,Невидимый
34909,Невидимый
34910,Невидимый
34911,Соучастник
34912,Делегирующий
34913,Контролёр
34914,Невидимый
34915,Контролёр
34916,Контролёр
34917,Соучастник
34918,Соучастник
34919,Контролёр
34920,Контролёр
34921,Контролёр
34922,Делегирующий
34923,Контролёр
34924,Невидимый
34925,Контролёр
34926,Контролёр
34927,Невидимый
34928,Контролёр
34929,Соучастник
34930,Контролёр
34931,Делегирующий
34932,Соучастник
34933,Контролёр
34934,Невидимый
34935,Невидимый
34936,Делегирующий
34937,Невидимый
34938,Контролёр
34939,Невидимый
34940,Невидимый
34941,Делегирующий
34942,Контролёр
34943,Контролёр
34944,Делегирующий
34945,Соучастник
34946,Делегирующий
34947,Контролёр
34948,Контролёр
34949,Невидимый
34950,Контролёр
34951,Соучастник
34952,Невидимый
34953,Невидимый
34954,Контролёр
34955,Контролёр
34956,Контролёр
34957,Делегирующий
34958,Соучастник
34959,Контролёр
34960,Делегирующий
34961,Контролёр
34962,Делегирующий
34963,Невидимый
34964,Невидимый
34965,Соучастник
34966,Контролёр
34967,Соучастник
34968,Соучастник
34969,Невидимый
34970,Контролёр
34971,Контролёр
34972,Невидимый
34973,Делегирующий
34974,Невидимый
34975,Делегирующий
34976,Делегирующий
34977,Контролёр
34978,Контролёр
34979,Делегирующий
34980,Контролёр
34981,Контролёр
34982,Соучастник
34983,Делегирующий
34984,Контролёр
34985,Невидимый
34986,Невидимый
34987,Делегирующий
34988,Контролёр
34989,Делегирующий
34990,Невидимый
34991,Контролёр
34992,Делегирующий
34993,Невидимый
34994,Делегирующий
34995,Делегирующий
34996,Контролёр
34997,Контролёр
34998,Делегирующий
34999,Делегирующий
35000,Соучастник
35001,Невидимый
35002,Делегирующий
35003,Контролёр
35004,Делегирующий
35005,Невидимый
35006,Соучастник
35007,Соучастник
35008,Невидимый
35009,Контролёр
35010,Контролёр
35011,Невидимый
35012,Невидимый
35013,Контролёр
35014,Соучастник
35015,Контролёр
35016,Контролёр
35017,Невидимый
35018,Контролёр
35019,Контролёр
35020,Невидимый
35021,Невидимый
35022,Невидимый
35023,Контролёр
35024,Невидимый
35025,Контролёр
35026,Контролёр
35027,Делегирующий
35028,Контролёр
35029,Соучастник
35030,Контролёр
35031,Контролёр
35032,Невидимый
35033,Невидимый
35034,Контролёр
35035,Делегирующий
35036,Невидимый
35037,Контролёр
35038,Контролёр
35039,Невидимый
35040,Контролёр
35041,Невидимый
35042,Контролёр
35043,Контролёр
35044,Контролёр
35045,Делегирующий
35046,Невидимый
35047,Контролёр
35048,Невидимый
35049,Делегирующий
35050,Невидимый
35051,Контролёр
35052,Невидимый
35053,Невидимый
35054,Делегирующий
35055,Делегирующий
35056,Контролёр
35057,Контролёр
35058,Контролёр
35059,Невидимый
35060,Невидимый
35061,Соучастник
35062,Контролёр
35063,Делегирующий
35064,Соучастник
35065,Невидимый
35066,Невидимый
35067,Делегирующий
35068,Контролёр
35069,Делегирующий
35070,Делегирующий
35071,Соучастник
35072,Невидимый
35073,Контролёр
35074,Контролёр
35075,Делегирующий
35076,Невидимый
35077,Контролёр
35078,Соучастник
35079,Соучастник
35080,Контролёр
35081,Контролёр
35082,Невидимый
35083,Делегирующий
35084,Контролёр
35085,Контролёр
35086,Контролёр
35087,Контролёр
35088,Контролёр
35089,Невидимый
35090,Невидимый
35091,Делегирующий
35092,Делегирующий
35093,Соучастник
35094,Контролёр
35095,Контролёр
35096,Контролёр
35097,Делегирующий
35098,Контролёр
35099,Делегирующий
35100,Соучастник
35101,Делегирующий
35102,Соучастник
35103,Невидимый
35104,Делегирующий
35105,Невидимый
35106,Соучастник
35107,Невидимый
35108,Контролёр
35109,Невидимый
35110,Контролёр
35111,Невидимый
35112,Контролёр
35113,Невидимый
35114,Контролёр
35115,Контролёр
35116,Невидимый
35117,Контролёр
35118,Невидимый
35119,Соучастник
35120,Соучастник
35121,Делегирующий
35122,Делегирующий
35123,Контролёр
35124,Невидимый
35125,Контролёр
35126,Соучастник
35127,Невидимый
35128,Контролёр
35129,Невидимый
35130,Невидимый
35131,Невидимый
35132,Контролёр
35133,Невидимый
35134,Контролёр
35135,Контролёр
35136,Контролёр
35137,Контролёр
35138,Контролёр
35139,Делегирующий
35140,Невидимый
35141,Соучастник
35142,Контролёр
35143,Делегирующий
35144,Контролёр
35145,Контролёр
35146,Контролёр
35147,Контролёр
35148,Контролёр
35149,Контролёр
35150,Невидимый
35151,Невидимый
35152,Контролёр
35153,Невидимый
35154,Контролёр
35155,Контролёр
35156,Невидимый
35157,Контролёр
35158,Контролёр
35159,Делегирующий
35160,Невидимый
35161,Делегирующий
35162,Невидимый
35163,Соучастник
35164,Невидимый
35165,Невидимый
35166,Невидимый
35167,Невидимый
35168,Невидимый
35169,Контролёр
35170,Соучастник
35171,Соучастник
35172,Контролёр
35173,Делегирующий
35174,Контролёр
35175,Соучастник
35176,Делегирующий
35177,Контролёр
35178,Делегирующий
35179,Невидимый
35180,Соучастник
35181,Делегирующий
35182,Невидимый
35183,Соучастник
35184,Контролёр
35185,Контролёр
35186,Соучастник
35187,Делегирующий
35188,Контролёр
35189,Соучастник
35190,Невидимый
35191,Контролёр
35192,Невидимый
35193,Соучастник
35194,Делегирующий
35195,Невидимый
35196,Соучастник
35197,Невидимый
35198,Контролёр
35199,Соучастник
35200,Контролёр
35201,Контролёр
35202,Контролёр
35203,Невидимый
35204,Невидимый
35205,Делегирующий
35206,Контролёр
35207,Контролёр
35208,Контролёр
35209,Контролёр
35210,Контролёр
35211,Контролёр
35212,Контролёр
35213,Соучастник
35214,Невидимый
35215,Соучастник
35216,Контролёр
35217,Контролёр
35218,Соучастник
35219,Невидимый
35220,Делегирующий
35221,Контролёр
35222,Невидимый
35223,Невидимый
35224,Контролёр
35225,Контролёр
35226,Соучастник
35227,Контролёр
35228,Контролёр
35229,Контролёр
35230,Невидимый
35231,Невидимый
35232,Невидимый
35233,Контролёр
35234,Невидимый
35235,Контролёр
35236,Контролёр
35237,Контролёр
35238,Контролёр
35239,Невидимый
35240,Делегирующий
35241,Контролёр
35242,Контролёр
35243,Невидимый
35244,Невидимый
35245,Соучастник
35246,Контролёр
35247,Соучастник
35248,Невидимый
35249,Делегирующий
35250,Контролёр
35251,Контролёр
35252,Контролёр
35253,Невидимый
35254,Невидимый
35255,Соучастник
35256,Делегирующий
35257,Соучастник
35258,Невидимый
35259,Контролёр
35260,Невидимый
35261,Контролёр
35262,Невидимый
35263,Контролёр
35264,Делегирующий
35265,Соучастник
35266,Невидимый
35267,Контролёр
35268,Контролёр
35269,Невидимый
35270,Контролёр
35271,Контролёр
35272,Контролёр
35273,Контролёр
35274,Соучастник
35275,Контролёр
35276,Невидимый
35277,Соучастник
35278,Невидимый
35279,Контролёр
35280,Контролёр
35281,Невидимый
35282,Соучастник
35283,Контролёр
35284,Невидимый
35285,Невидимый
35286,Контролёр
35287,Невидимый
35288,Невидимый
35289,Невидимый
35290,Контролёр
35291,Контролёр
35292,Невидимый
35293,Контролёр
35294,Соучастник
35295,Контролёр
35296,Контролёр
35297,Делегирующий
35298,Соучастник
35299,Невидимый
35300,Контролёр
35301,Невидимый
35302,Делегирующий
35303,Делегирующий
35304,Контролёр
35305,Соучастник
35306,Контролёр
35307,Делегирующий
35308,Невидимый
35309,Соучастник
35310,Контролёр
35311,Контролёр
35312,Невидимый
35313,Контролёр
35314,Контролёр
35315,Невидимый
35316,Невидимый
35317,Делегирующий
35318,Невидимый
35319,Соучастник
35320,Делегирующий
35321,Делегирующий
35322,Контролёр
35323,Контролёр
35324,Контролёр
35325,Контролёр
35326,Контролёр
35327,Невидимый
35328,Невидимый
35329,Контролёр
35330,Невидимый
35331,Контролёр
35332,Делегирующий
35333,Контролёр
35334,Невидимый
35335,Невидимый
35336,Невидимый
35337,Контролёр
35338,Контролёр
35339,Невидимый
35340,Контролёр
35341,Контролёр
35342,Контролёр
35343,Невидимый
35344,Делегирующий
35345,Контролёр
35346,Делегирующий
35347,Контролёр
35348,Невидимый
35349,Соучастник
35350,Контролёр
35351,Контролёр
35352,Соучастник
35353,Делегирующий
35354,Соучастник
35355,Контролёр
35356,Невидимый
35357,Невидимый
35358,Контролёр
35359,Контролёр
35360,Соучастник
35361,Контролёр
35362,Контролёр
35363,Невидимый
35364,Контролёр
35365,Невидимый
35366,Контролёр
35367,Делегирующий
35368,Делегирующий
35369,Контролёр
35370,Невидимый
35371,Контролёр
35372,Контролёр
35373,Невидимый
35374,Контролёр
35375,Контролёр
35376,Невидимый
35377,Невидимый
35378,Соучастник
35379,Контролёр
35380,Контролёр
35381,Невидимый
35382,Невидимый
35383,Невидимый
35384,Контролёр
35385,Невидимый
35386,Контролёр
35387,Контролёр
35388,Контролёр
35389,Контролёр
35390,Невидимый
35391,Невидимый
35392,Соучастник
35393,Невидимый
35394,Невидимый
35395,Контролёр
35396,Контролёр
35397,Делегирующий
35398,Контролёр
35399,Делегирующий
35400,Невидимый
35401,Контролёр
35402,Делегирующий
35403,Контролёр
35404,Делегирующий
35405,Невидимый
35406,Невидимый
35407,Контролёр
35408,Делегирующий
35409,Делегирующий
35410,Контролёр
35411,Соучастник
35412,Соучастник
35413,Невидимый
35414,Соучастник
35415,Контролёр
35416,Контролёр
35417,Невидимый
35418,Контролёр
35419,Контролёр
35420,Контролёр
35421,Соучастник
35422,Контролёр
35423,Делегирующий
35424,Невидимый
35425,Невидимый
35426,Невидимый
35427,Невидимый
35428,Контролёр
35429,Невидимый
35430,Контролёр
35431,Невидимый
35432,Делегирующий
35433,Соучастник
35434,Делегирующий
35435,Невидимый
35436,Соучастник
35437,Контролёр
35438,Невидимый
35439,Невидимый
35440,Контролёр
35441,Невидимый
35442,Контролёр
35443,Соучастник
35444,Соучастник
35445,Невидимый
35446,Соучастник
35447,Контролёр
35448,Контролёр
35449,Контролёр
35450,Делегирующий
35451,Соучастник
35452,Контролёр
35453,Делегирующий
35454,Соучастник
35455,Делегирующий
35456,Невидимый
35457,Контролёр
35458,Невидимый
35459,Невидимый
35460,Делегирующий
35461,Невидимый
35462,Делегирующий
35463,Невидимый
35464,Соучастник
35465,Контролёр
35466,Контролёр
35467,Соучастник
35468,Невидимый
35469,Невидимый
35470,Делегирующий
35471,Контролёр
35472,Соучастник
35473,Невидимый
35474,Соучастник
35475,Контролёр
35476,Соучастник
35477,Невидимый
35478,Контролёр
35479,Контролёр
35480,Контролёр
35481,Делегирующий
35482,Невидимый
35483,Контролёр
35484,Контролёр
35485,Невидимый
35486,Контролёр
35487,Контролёр
35488,Соучастник
35489,Соучастник
35490,Невидимый
35491,Контролёр
35492,Контролёр
35493,Невидимый
35494,Контролёр
35495,Делегирующий
35496,Контролёр
35497,Соучастник
35498,Невидимый
35499,Контролёр
35500,Контролёр
35501,Делегирующий
35502,Делегирующий
35503,Контролёр
35504,Соучастник
35505,Делегирующий
35506,Невидимый
35507,Контролёр
35508,Невидимый
35509,Контролёр
35510,Контролёр
35511,Контролёр
35512,Делегирующий
35513,Невидимый
35514,Соучастник
35515,Невидимый
35516,Контролёр
35517,Контролёр
35518,Контролёр
35519,Невидимый
35520,Контролёр
35521,Невидимый
35522,Невидимый
35523,Делегирующий
35524,Контролёр
35525,Невидимый
35526,Соучастник
35527,Делегирующий
35528,Соучастник
35529,Невидимый
35530,Невидимый
35531,Соучастник
35532,Соучастник
35533,Соучастник
35534,Контролёр
35535,Невидимый
35536,Невидимый
35537,Контролёр
35538,Контролёр
35539,Делегирующий
35540,Невидимый
35541,Контролёр
35542,Контролёр
35543,Контролёр
35544,Контролёр
35545,Соучастник
35546,Контролёр
35547,Невидимый
35548,Контролёр
35549,Делегирующий
35550,Делегирующий
35551,Невидимый
35552,Соучастник
35553,Соучастник
35554,Делегирующий
35555,Контролёр
35556,Делегирующий
35557,Соучастник
35558,Невидимый
35559,Невидимый
35560,Соучастник
35561,Контролёр
35562,Контролёр
35563,Делегирующий
35564,Контролёр
35565,Контролёр
35566,Контролёр
35567,Контролёр
35568,Контролёр
35569,Контролёр
35570,Соучастник
35571,Невидимый
35572,Невидимый
35573,Невидимый
35574,Контролёр
35575,Соучастник
35576,Контролёр
35577,Контролёр
35578,Контролёр
35579,Делегирующий
35580,Невидимый
35581,Делегирующий
35582,Соучастник
35583,Невидимый
35584,Контролёр
35585,Контролёр
35586,Контролёр
35587,Делегирующий
35588,Соучастник
35589,Контролёр
35590,Контролёр
35591,Контролёр
35592,Соучастник
35593,Контролёр
35594,Контролёр
35595,Делегирующий
35596,Делегирующий
35597,Контролёр
35598,Соучастник
35599,Контролёр
35600,Делегирующий
35601,Невидимый
35602,Невидимый
35603,Невидимый
35604,Невидимый
35605,Соучастник
35606,Невидимый
35607,Делегирующий
35608,Невидимый
35609,Невидимый
35610,Невидимый
35611,Контролёр
35612,Контролёр
35613,Контролёр
35614,Невидимый
35615,Контролёр
35616,Делегирующий
35617,Невидимый
35618,Соучастник
35619,Контролёр
35620,Контролёр
35621,Делегирующий
35622,Делегирующий
35623,Невидимый
35624,Контролёр
35625,Контролёр
35626,Контролёр
35627,Невидимый
35628,Невидимый
35629,Невидимый
35630,Контролёр
35631,Невидимый
35632,Невидимый
35633,Делегирующий
35634,Контролёр
35635,Контролёр
35636,Невидимый
35637,Контролёр
35638,Контролёр
35639,Соучастник
35640,Контролёр
35641,Невидимый
35642,Невидимый
35643,Невидимый
35644,Контролёр
35645,Контролёр
35646,Делегирующий
35647,Делегирующий
35648,Делегирующий
35649,Делегирующий
35650,Невидимый
35651,Делегирующий
35652,Невидимый
35653,Невидимый
35654,Делегирующий
35655,Соучастник
35656,Соучастник
35657,Контролёр
35658,Контролёр
35659,Контролёр
35660,Делегирующий
35661,Контролёр
35662,Контролёр
35663,Контролёр
35664,Контролёр
35665,Делегирующий
35666,Контролёр
35667,Соучастник
35668,Невидимый
35669,Контролёр
35670,Невидимый
35671,Контролёр
35672,Контролёр
35673,Невидимый
35674,Контролёр
35675,Контролёр
35676,Невидимый
35677,Контролёр
35678,Делегирующий
35679,Невидимый
35680,Невидимый
35681,Контролёр
35682,Контролёр
35683,Делегирующий
35684,Соучастник
35685,Контролёр
35686,Делегирующий
35687,Соучастник
35688,Контролёр
35689,Контролёр
35690,Контролёр
35691,Контролёр
35692,Соучастник
35693,Делегирующий
35694,Невидимый
35695,Невидимый
35696,Соучастник
35697,Делегирующий
35698,Соучастник
35699,Делегирующий
35700,Невидимый
35701,Соучастник
35702,Контролёр
35703,Делегирующий
35704,Делегирующий
35705,Невидимый
35706,Делегирующий
35707,Невидимый
35708,Контролёр
35709,Контролёр
35710,Делегирующий
35711,Невидимый
35712,Невидимый
35713,Невидимый
35714,Невидимый
35715,Контролёр
35716,Контролёр
35717,Соучастник
35718,Невидимый
35719,Делегирующий
35720,Контролёр
35721,Контролёр
35722,Контролёр
35723,Контролёр
35724,Соучастник
35725,Контролёр
35726,Контролёр
35727,Соучастник
35728,Контролёр
35729,Контролёр
35730,Соучастник
35731,Невидимый
35732,Невидимый
35733,Контролёр
35734,Делегирующий
35735,Контролёр
35736,Контролёр
35737,Контролёр
35738,Контролёр
35739,Делегирующий
35740,Контролёр
35741,Контролёр
35742,Делегирующий
35743,Контролёр
35744,Невидимый
35745,Делегирующий
35746,Невидимый
35747,Невидимый
35748,Контролёр
35749,Соучастник
35750,Делегирующий
35751,Контролёр
35752,Невидимый
35753,Невидимый
35754,Контролёр
35755,Делегирующий
35756,Соучастник
35757,Невидимый
35758,Соучастник
35759,Соучастник
35760,Контролёр
35761,Контролёр
35762,Соучастник
35763,Невидимый
35764,Контролёр
35765,Делегирующий
35766,Контролёр
35767,Контролёр
35768,Соучастник
35769,Контролёр
35770,Контролёр
35771,Контролёр
35772,Контролёр
35773,Соучастник
35774,Контролёр
35775,Контролёр
35776,Контролёр
35777,Невидимый
35778,Делегирующий
35779,Невидимый
35780,Контролёр
35781,Соучастник
35782,Контролёр
35783,Контролёр
35784,Делегирующий
35785,Контролёр
35786,Контролёр
35787,Невидимый
35788,Невидимый
35789,Контролёр
35790,Контролёр
35791,Делегирующий
35792,Контролёр
35793,Невидимый
35794,Делегирующий
35795,Контролёр
35796,Контролёр
35797,Контролёр
35798,Невидимый
35799,Невидимый
35800,Контролёр
35801,Контролёр
35802,Невидимый
35803,Соучастник
35804,Невидимый
35805,Контролёр
35806,Невидимый
35807,Контролёр
35808,Делегирующий
35809,Контролёр
35810,Соучастник
35811,Соучастник
35812,Невидимый
35813,Контролёр
35814,Контролёр
35815,Соучастник
35816,Контролёр
35817,Контролёр
35818,Соучастник
35819,Контролёр
35820,Контролёр
35821,Невидимый
35822,Контролёр
35823,Делегирующий
35824,Контролёр
35825,Контролёр
35826,Соучастник
35827,Невидимый
35828,Соучастник
35829,Делегирующий
35830,Делегирующий
35831,Невидимый
35832,Невидимый
35833,Делегирующий
35834,Контролёр
35835,Соучастник
35836,Невидимый
35837,Контролёр
35838,Делегирующий
35839,Контролёр
35840,Контролёр
35841,Контролёр
35842,Контролёр
35843,Контролёр
35844,Соучастник
35845,Невидимый
35846,Невидимый
35847,Невидимый
35848,Контролёр
35849,Делегирующий
35850,Контролёр
35851,Невидимый
35852,Невидимый
35853,Делегирующий
35854,Контролёр
35855,Невидимый
35856,Невидимый
35857,Контролёр
35858,Соучастник
35859,Контролёр
35860,Невидимый
35861,Контролёр
35862,Делегирующий
35863,Невидимый
35864,Невидимый
35865,Соучастник
35866,Контролёр
35867,Невидимый
35868,Контролёр
35869,Делегирующий
35870,Соучастник
35871,Невидимый
35872,Невидимый
35873,Контролёр
35874,Соучастник
35875,Невидимый
35876,Невидимый
35877,Невидимый
35878,Делегирующий
35879,Контролёр
35880,Соучастник
35881,Контролёр
35882,Контролёр
35883,Делегирующий
35884,Невидимый
35885,Невидимый
35886,Контролёр
35887,Невидимый
35888,Контролёр
35889,Контролёр
35890,Контролёр
35891,Контролёр
35892,Соучастник
35893,Невидимый
35894,Контролёр
35895,Контролёр
35896,Контролёр
35897,Соучастник
35898,Делегирующий
35899,Невидимый
35900,Невидимый
35901,Делегирующий
35902,Контролёр
35903,Делегирующий
35904,Контролёр
35905,Контролёр
35906,Невидимый
35907,Контролёр
35908,Невидимый
35909,Делегирующий
35910,Делегирующий
35911,Невидимый
35912,Контролёр
35913,Контролёр
35914,Контролёр
35915,Невидимый
35916,Делегирующий
35917,Невидимый
35918,Невидимый
35919,Делегирующий
35920,Контролёр
35921,Невидимый
35922,Соучастник
35923,Соучастник
35924,Контролёр
35925,Контролёр
35926,Невидимый
35927,Контролёр
35928,Невидимый
35929,Контролёр
35930,Делегирующий
35931,Невидимый
35932,Невидимый
35933,Невидимый
35934,Невидимый
35935,Соучастник
35936,Соучастник
35937,Делегирующий
35938,Делегирующий
35939,Делегирующий
35940,Контролёр
35941,Делегирующий
35942,Невидимый
35943,Контролёр
35944,Делегирующий
35945,Невидимый
35946,Невидимый
35947,Соучастник
35948,Невидимый
35949,Невидимый
35950,Контролёр
35951,Контролёр
35952,Контролёр
35953,Невидимый
35954,Контролёр
35955,Делегирующий
35956,Делегирующий
35957,Делегирующий
35958,Невидимый
35959,Невидимый
35960,Невидимый
35961,Контролёр
35962,Невидимый
35963,Делегирующий
35964,Контролёр
35965,Делегирующий
35966,Невидимый
35967,Невидимый
35968,Делегирующий
35969,Делегирующий
35970,Делегирующий
35971,Контролёр
35972,Соучастник
35973,Делегирующий
35974,Контролёр
35975,Соучастник
35976,Соучастник
35977,Невидимый
35978,Соучастник
35979,Контролёр
35980,Делегирующий
35981,Невидимый
35982,Соучастник
35983,Невидимый
35984,Делегирующий
35985,Делегирующий
35986,Контролёр
35987,Контролёр
35988,Невидимый
35989,Невидимый
35990,Контролёр
35991,Невидимый
35992,Делегирующий
35993,Невидимый
35994,Контролёр
35995,Делегирующий
35996,Делегирующий
35997,Контролёр
35998,Контролёр
35999,Контролёр
36000,Делегирующий
36001,Невидимый
36002,Соучастник
36003,Делегирующий
36004,Контролёр
36005,Соучастник
36006,Невидимый
36007,Соучастник
36008,Делегирующий
36009,Невидимый
36010,Делегирующий
36011,Соучастник
36012,Невидимый
36013,Соучастник
36014,Соучастник
36015,Контролёр
36016,Контролёр
36017,Делегирующий
36018,Контролёр
36019,Контролёр
36020,Соучастник
36021,Делегирующий
36022,Контролёр
36023,Соучастник
36024,Контролёр
36025,Контролёр
36026,Контролёр
36027,Контролёр
36028,Невидимый
36029,Невидимый
36030,Контролёр
36031,Делегирующий
36032,Контролёр
36033,Соучастник
36034,Делегирующий
36035,Соучастник
36036,Невидимый
36037,Невидимый
36038,Соучастник
36039,Невидимый
36040,Соучастник
36041,Невидимый
36042,Контролёр
36043,Соучастник
36044,Контролёр
36045,Делегирующий
36046,Делегирующий
36047,Контролёр
36048,Контролёр
36049,Контролёр
36050,Невидимый
36051,Контролёр
36052,Делегирующий
36053,Контролёр
36054,Невидимый
36055,Соучастник
36056,Контролёр
36057,Контролёр
36058,Соучастник
36059,Контролёр
36060,Соучастник
36061,Делегирующий
36062,Контролёр
36063,Делегирующий
36064,Невидимый
36065,Невидимый
36066,Невидимый
36067,Контролёр
36068,Контролёр
36069,Невидимый
36070,Соучастник
36071,Делегирующий
36072,Невидимый
36073,Невидимый
36074,Соучастник
36075,Невидимый
36076,Контролёр
36077,Делегирующий
36078,Контролёр
36079,Делегирующий
36080,Невидимый
36081,Соучастник
36082,Контролёр
36083,Контролёр
36084,Невидимый
36085,Невидимый
36086,Контролёр
36087,Невидимый
36088,Контролёр
36089,Невидимый
36090,Контролёр
36091,Невидимый
36092,Невидимый
36093,Делегирующий
36094,Невидимый
36095,Контролёр
36096,Делегирующий
36097,Контролёр
36098,Контролёр
36099,Контролёр
36100,Контролёр
36101,Контролёр
36102,Невидимый
36103,Невидимый
36104,Соучастник
36105,Соучастник
36106,Невидимый
36107,Контролёр
36108,Контролёр
36109,Соучастник
36110,Контролёр
36111,Соучастник
36112,Делегирующий
36113,Контролёр
36114,Невидимый
36115,Контролёр
36116,Делегирующий
36117,Делегирующий
36118,Контролёр
36119,Невидимый
36120,Соучастник
36121,Соучастник
36122,Соучастник
36123,Невидимый
36124,Соучастник
36125,Невидимый
36126,Соучастник
36127,Контролёр
36128,Соучастник
36129,Соучастник
36130,Невидимый
36131,Невидимый
36132,Невидимый
36133,Соучастник
36134,Контролёр
36135,Контролёр
36136,Невидимый
36137,Невидимый
36138,Делегирующий
36139,Делегирующий
36140,Делегирующий
36141,Делегирующий
36142,Контролёр
36143,Контролёр
36144,Невидимый
36145,Контролёр
36146,Контролёр
36147,Соучастник
36148,Соучастник
36149,Контролёр
36150,Контролёр
36151,Делегирующий
36152,Невидимый
36153,Невидимый
36154,Делегирующий
36155,Невидимый
36156,Невидимый
36157,Невидимый
36158,Соучастник
36159,Контролёр
36160,Контролёр
36161,Невидимый
36162,Делегирующий
36163,Контролёр
36164,Невидимый
36165,Невидимый
36166,Контролёр
36167,Контролёр
36168,Контролёр
36169,Соучастник
36170,Соучастник
36171,Контролёр
36172,Контролёр
36173,Соучастник
36174,Контролёр
36175,Невидимый
36176,Контролёр
36177,Контролёр
36178,Контролёр
36179,Контролёр
36180,Соучастник
36181,Контролёр
36182,Делегирующий
36183,Делегирующий
36184,Делегирующий
36185,Соучастник
36186,Невидимый
36187,Контролёр
36188,Невидимый
36189,Контролёр
36190,Контролёр
36191,Невидимый
36192,Контролёр
36193,Контролёр
36194,Контролёр
36195,Контролёр
36196,Невидимый
36197,Контролёр
36198,Контролёр
36199,Делегирующий
36200,Невидимый
36201,Невидимый
36202,Соучастник
36203,Контролёр
36204,Соучастник
36205,Контролёр
36206,Контролёр
36207,Контролёр
36208,Невидимый
36209,Контролёр
36210,Невидимый
36211,Невидимый
36212,Контролёр
36213,Контролёр
36214,Соучастник
36215,Невидимый
36216,Невидимый
36217,Невидимый
36218,Соучастник
36219,Делегирующий
36220,Невидимый
36221,Делегирующий
36222,Контролёр
36223,Контролёр
36224,Соучастник
36225,Делегирующий
36226,Делегирующий
36227,Соучастник
36228,Делегирующий
36229,Невидимый
36230,Невидимый
36231,Контролёр
36232,Делегирующий
36233,Делегирующий
36234,Соучастник
36235,Контролёр
36236,Контролёр
36237,Контролёр
36238,Невидимый
36239,Контролёр
36240,Контролёр
36241,Делегирующий
36242,Контролёр
36243,Контролёр
36244,Невидимый
36245,Контролёр
36246,Невидимый
36247,Соучастник
36248,Соучастник
36249,Соучастник
36250,Делегирующий
36251,Контролёр
36252,Невидимый
36253,Контролёр
36254,Контролёр
36255,Контролёр
36256,Соучастник
36257,Контролёр
36258,Контролёр
36259,Контролёр
36260,Контролёр
36261,Соучастник
36262,Контролёр
36263,Контролёр
36264,Делегирующий
36265,Соучастник
36266,Соучастник
36267,Соучастник
36268,Невидимый
36269,Контролёр
36270,Невидимый
36271,Контролёр
36272,Контролёр
36273,Соучастник
36274,Контролёр
36275,Делегирующий
36276,Контролёр
36277,Делегирующий
36278,Невидимый
36279,Невидимый
36280,Контролёр
36281,Контролёр
36282,Невидимый
36283,Соучастник
36284,Делегирующий
36285,Контролёр
36286,Контролёр
36287,Контролёр
36288,Делегирующий
36289,Контролёр
36290,Соучастник
36291,Контролёр
36292,Делегирующий
36293,Соучастник
36294,Соучастник
36295,Делегирующий
36296,Невидимый
36297,Контролёр
36298,Контролёр
36299,Невидимый
36300,Контролёр
36301,Контролёр
36302,Контролёр
36303,Делегирующий
36304,Делегирующий
36305,Контролёр
36306,Контролёр
36307,Контролёр
36308,Невидимый
36309,Контролёр
36310,Делегирующий
36311,Невидимый
36312,Контролёр
36313,Невидимый
36314,Делегирующий
36315,Делегирующий
36316,Контролёр
36317,Контролёр
36318,Невидимый
36319,Контролёр
36320,Соучастник
36321,Делегирующий
36322,Невидимый
36323,Невидимый
36324,Невидимый
36325,Соучастник
36326,Контролёр
36327,Контролёр
36328,Контролёр
36329,Невидимый
36330,Контролёр
36331,Невидимый
36332,Контролёр
36333,Соучастник
36334,Делегирующий
36335,Делегирующий
36336,Контролёр
36337,Контролёр
36338,Невидимый
36339,Контролёр
36340,Делегирующий
36341,Соучастник
36342,Невидимый
36343,Невидимый
36344,Делегирующий
36345,Соучастник
36346,Делегирующий
36347,Контролёр
36348,Контролёр
36349,Невидимый
36350,Контролёр
36351,Контролёр
36352,Соучастник
36353,Делегирующий
36354,Невидимый
36355,Делегирующий
36356,Контролёр
36357,Невидимый
36358,Соучастник
36359,Контролёр
36360,Невидимый
36361,Невидимый
36362,Контролёр
36363,Контролёр
36364,Невидимый
36365,Контролёр
36366,Делегирующий
36367,Соучастник
36368,Контролёр
36369,Соучастник
36370,Контролёр
36371,Контролёр
36372,Соучастник
36373,Контролёр
36374,Соучастник
36375,Невидимый
36376,Контролёр
36377,Невидимый
36378,Делегирующий
36379,Невидимый
36380,Невидимый
36381,Соучастник
36382,Соучастник
36383,Делегирующий
36384,Соучастник
36385,Делегирующий
36386,Делегирующий
36387,Невидимый
36388,Делегирующий
36389,Соучастник
36390,Невидимый
36391,Контролёр
36392,Контролёр
36393,Невидимый
36394,Делегирующий
36395,Контролёр
36396,Контролёр
36397,Соучастник
36398,Делегирующий
36399,Контролёр
36400,Контролёр
36401,Невидимый
36402,Контролёр
36403,Делегирующий
36404,Делегирующий
36405,Невидимый
36406,Делегирующий
36407,Делегирующий
36408,Соучастник
36409,Невидимый
36410,Невидимый
36411,Делегирующий
36412,Контролёр
36413,Контролёр
36414,Невидимый
36415,Делегирующий
36416,Контролёр
36417,Невидимый
36418,Контролёр
36419,Соучастник
36420,Соучастник
36421,Соучастник
36422,Контролёр
36423,Контролёр
36424,Невидимый
36425,Контролёр
36426,Невидимый
36427,Невидимый
36428,Контролёр
36429,Делегирующий
36430,Контролёр
36431,Делегирующий
36432,Невидимый
36433,Контролёр
36434,Контролёр
36435,Делегирующий
36436,Контролёр
36437,Невидимый
36438,Контролёр
36439,Контролёр
36440,Делегирующий
36441,Контролёр
36442,Контролёр
36443,Контролёр
36444,Невидимый
36445,Невидимый
36446,Контролёр
36447,Невидимый
36448,Контролёр
36449,Контролёр
36450,Делегирующий
36451,Невидимый
36452,Контролёр
36453,Соучастник
36454,Невидимый
36455,Делегирующий
36456,Невидимый
36457,Невидимый
36458,Невидимый
36459,Контролёр
36460,Делегирующий
36461,Соучастник
36462,Контролёр
36463,Контролёр
36464,Соучастник
36465,Невидимый
36466,Невидимый
36467,Соучастник
36468,Невидимый
36469,Делегирующий
36470,Соучастник
36471,Невидимый
36472,Делегирующий
36473,Делегирующий
36474,Невидимый
36475,Контролёр
36476,Контролёр
36477,Невидимый
36478,Контролёр
36479,Делегирующий
36480,Невидимый
36481,Делегирующий
36482,Невидимый
36483,Невидимый
36484,Невидимый
36485,Контролёр
36486,Невидимый
36487,Контролёр
36488,Невидимый
36489,Контролёр
36490,Делегирующий
36491,Контролёр
36492,Контролёр
36493,Контролёр
36494,Соучастник
36495,Невидимый
36496,Контролёр
36497,Невидимый
36498,Контролёр
36499,Делегирующий
36500,Контролёр
36501,Невидимый
36502,Делегирующий
36503,Контролёр
36504,Контролёр
36505,Контролёр
36506,Невидимый
36507,Невидимый
36508,Соучастник
36509,Контролёр
36510,Делегирующий
36511,Невидимый
36512,Контролёр
36513,Контролёр
36514,Контролёр
36515,Соучастник
36516,Соучастник
36517,Делегирующий
36518,Невидимый
36519,Контролёр
36520,Невидимый
36521,Невидимый
36522,Контролёр
36523,Делегирующий
36524,Контролёр
36525,Невидимый
36526,Делегирующий
36527,Делегирующий
36528,Делегирующий
36529,Невидимый
36530,Невидимый
36531,Контролёр
36532,Контролёр
36533,Делегирующий
36534,Соучастник
36535,Невидимый
36536,Невидимый
36537,Контролёр
36538,Контролёр
36539,Делегирующий
36540,Делегирующий
36541,Контролёр
36542,Соучастник
36543,Невидимый
36544,Контролёр
36545,Невидимый
36546,Делегирующий
36547,Контролёр
36548,Делегирующий
36549,Невидимый
36550,Контролёр
36551,Соучастник
36552,Делегирующий
36553,Невидимый
36554,Контролёр
36555,Контролёр
36556,Контролёр
36557,Соучастник
36558,Контролёр
36559,Невидимый
36560,Контролёр
36561,Делегирующий
36562,Контролёр
36563,Соучастник
36564,Контролёр
36565,Контролёр
36566,Контролёр
36567,Невидимый
36568,Невидимый
36569,Соучастник
36570,Невидимый
36571,Делегирующий
36572,Невидимый
36573,Невидимый
36574,Делегирующий
36575,Контролёр
36576,Соучастник
36577,Контролёр
36578,Невидимый
36579,Невидимый
36580,Невидимый
36581,Невидимый
36582,Невидимый
36583,Соучастник
36584,Соучастник
36585,Невидимый
36586,Контролёр
36587,Контролёр
36588,Соучастник
36589,Невидимый
36590,Контролёр
36591,Контролёр
36592,Невидимый
36593,Невидимый
36594,Контролёр
36595,Делегирующий
36596,Контролёр
36597,Невидимый
36598,Невидимый
36599,Невидимый
36600,Невидимый
36601,Соучастник
36602,Соучастник
36603,Контролёр
36604,Невидимый
36605,Невидимый
36606,Делегирующий
36607,Контролёр
36608,Контролёр
36609,Делегирующий
36610,Соучастник
36611,Невидимый
36612,Соучастник
36613,Контролёр
36614,Невидимый
36615,Контролёр
36616,Делегирующий
36617,Невидимый
36618,Невидимый
36619,Невидимый
36620,Невидимый
36621,Соучастник
36622,Соучастник
36623,Делегирующий
36624,Делегирующий
36625,Контролёр
36626,Соучастник
36627,Контролёр
36628,Контролёр
36629,Невидимый
36630,Соучастник
36631,Соучастник
36632,Невидимый
36633,Соучастник
36634,Контролёр
36635,Невидимый
36636,Делегирующий
36637,Контролёр
36638,Соучастник
36639,Соучастник
36640,Контролёр
36641,Контролёр
36642,Невидимый
36643,Контролёр
36644,Контролёр
36645,Контролёр
36646,Соучастник
36647,Невидимый
36648,Контролёр
36649,Контролёр
36650,Соучастник
36651,Контролёр
36652,Контролёр
36653,Делегирующий
36654,Делегирующий
36655,Невидимый
36656,Невидимый
36657,Соучастник
36658,Делегирующий
36659,Соучастник
36660,Контролёр
36661,Контролёр
36662,Соучастник
36663,Делегирующий
36664,Контролёр
36665,Соучастник
36666,Невидимый
36667,Делегирующий
36668,Соучастник
36669,Невидимый
36670,Делегирующий
36671,Невидимый
36672,Контролёр
36673,Контролёр
36674,Делегирующий
36675,Контролёр
36676,Контролёр
36677,Делегирующий
36678,Контролёр
36679,Контролёр
36680,Контролёр
36681,Соучастник
36682,Делегирующий
36683,Контролёр
36684,Контролёр
36685,Невидимый
36686,Контролёр
36687,Делегирующий
36688,Делегирующий
36689,Соучастник
36690,Контролёр
36691,Соучастник
36692,Делегирующий
36693,Невидимый
36694,Невидимый
36695,Невидимый
36696,Контролёр
36697,Невидимый
36698,Контролёр
36699,Делегирующий
36700,Соучастник
36701,Контролёр
36702,Контролёр
36703,Невидимый
36704,Невидимый
36705,Делегирующий
36706,Невидимый
36707,Контролёр
36708,Контролёр
36709,Невидимый
36710,Невидимый
36711,Соучастник
36712,Делегирующий
36713,Контролёр
36714,Невидимый
36715,Невидимый
36716,Контролёр
36717,Невидимый
36718,Контролёр
36719,Контролёр
36720,Невидимый
36721,Делегирующий
36722,Соучастник
36723,Невидимый
36724,Соучастник
36725,Невидимый
36726,Контролёр
36727,Делегирующий
36728,Невидимый
36729,Соучастник
36730,Делегирующий
36731,Контролёр
36732,Контролёр
36733,Соучастник
36734,Невидимый
36735,Невидимый
36736,Контролёр
36737,Невидимый
36738,Невидимый
36739,Соучастник
36740,Невидимый
36741,Контролёр
36742,Делегирующий
36743,Делегирующий
36744,Невидимый
36745,Контролёр
36746,Делегирующий
36747,Соучастник
36748,Соучастник
36749,Делегирующий
36750,Невидимый
36751,Контролёр
36752,Контролёр
36753,Невидимый
36754,Контролёр
36755,Соучастник
36756,Невидимый
36757,Соучастник
36758,Невидимый
36759,Соучастник
36760,Невидимый
36761,Контролёр
36762,Контролёр
36763,Делегирующий
36764,Соучастник
36765,Соучастник
36766,Делегирующий
36767,Делегирующий
36768,Невидимый
36769,Делегирующий
36770,Контролёр
36771,Невидимый
36772,Соучастник
36773,Контролёр
36774,Делегирующий
36775,Делегирующий
36776,Соучастник
36777,Контролёр
36778,Делегирующий
36779,Делегирующий
36780,Контролёр
36781,Невидимый
36782,Соучастник
36783,Невидимый
36784,Невидимый
36785,Контролёр
36786,Контролёр
36787,Контролёр
36788,Контролёр
36789,Невидимый
36790,Делегирующий
36791,Делегирующий
36792,Невидимый
36793,Невидимый
36794,Невидимый
36795,Контролёр
36796,Невидимый
36797,Контролёр
36798,Делегирующий
36799,Контролёр
36800,Невидимый
36801,Невидимый
36802,Делегирующий
36803,Контролёр
36804,Контролёр
36805,Невидимый
36806,Делегирующий
36807,Делегирующий
36808,Контролёр
36809,Невидимый
36810,Соучастник
36811,Невидимый
36812,Делегирующий
36813,Соучастник
36814,Невидимый
36815,Делегирующий
36816,Невидимый
36817,Делегирующий
36818,Невидимый
36819,Невидимый
36820,Делегирующий
36821,Делегирующий
36822,Контролёр
36823,Невидимый
36824,Контролёр
36825,Невидимый
36826,Соучастник
36827,Контролёр
36828,Делегирующий
36829,Контролёр
36830,Контролёр
36831,Контролёр
36832,Невидимый
36833,Контролёр
36834,Невидимый
36835,Невидимый
36836,Контролёр
36837,Контролёр
36838,Невидимый
36839,Контролёр
36840,Контролёр
36841,Невидимый
36842,Невидимый
36843,Делегирующий
36844,Контролёр
36845,Невидимый
36846,Контролёр
36847,Невидимый
36848,Делегирующий
36849,Контролёр
36850,Невидимый
36851,Делегирующий
36852,Контролёр
36853,Контролёр
36854,Соучастник
36855,Соучастник
36856,Контролёр
36857,Делегирующий
36858,Делегирующий
36859,Контролёр
36860,Невидимый
36861,Контролёр
36862,Невидимый
36863,Соучастник
36864,Невидимый
36865,Невидимый
36866,Невидимый
36867,Невидимый
36868,Контролёр
36869,Контролёр
36870,Контролёр
36871,Делегирующий
36872,Невидимый
36873,Соучастник
36874,Контролёр
36875,Контролёр
36876,Соучастник
36877,Соучастник
36878,Невидимый
36879,Контролёр
36880,Невидимый
36881,Контролёр
36882,Невидимый
36883,Соучастник
36884,Соучастник
36885,Соучастник
36886,Контролёр
36887,Невидимый
36888,Невидимый
36889,Контролёр
36890,Делегирующий
36891,Контролёр
36892,Невидимый
36893,Контролёр
36894,Делегирующий
36895,Соучастник
36896,Соучастник
36897,Контролёр
36898,Делегирующий
36899,Контролёр
36900,Делегирующий
36901,Контролёр
36902,Контролёр
36903,Соучастник
36904,Невидимый
36905,Соучастник
36906,Невидимый
36907,Невидимый
36908,Невидимый
36909,Соучастник
36910,Делегирующий
36911,Контролёр
36912,Делегирующий
36913,Невидимый
36914,Контролёр
36915,Невидимый
36916,Делегирующий
36917,Делегирующий
36918,Контролёр
36919,Соучастник
36920,Контролёр
36921,Соучастник
36922,Делегирующий
36923,Соучастник
36924,Невидимый
36925,Делегирующий
36926,Невидимый
36927,Невидимый
36928,Делегирующий
36929,Контролёр
36930,Невидимый
36931,Невидимый
36932,Контролёр
36933,Контролёр
36934,Невидимый
36935,Делегирующий
36936,Контролёр
36937,Делегирующий
36938,Контролёр
36939,Невидимый
36940,Контролёр
36941,Контролёр
36942,Контролёр
36943,Контролёр
36944,Контролёр
36945,Делегирующий
36946,Соучастник
36947,Контролёр
36948,Контролёр
36949,Соучастник
36950,Невидимый
36951,Контролёр
36952,Невидимый
36953,Соучастник
36954,Контролёр
36955,Делегирующий
36956,Невидимый
36957,Невидимый
36958,Соучастник
36959,Контролёр
36960,Невидимый
36961,Контролёр
36962,Невидимый
36963,Контролёр
36964,Невидимый
36965,Невидимый
36966,Делегирующий
36967,Невидимый
36968,Невидимый
36969,Невидимый
36970,Контролёр
36971,Соучастник
36972,Делегирующий
36973,Контролёр
36974,Делегирующий
36975,Контролёр
36976,Невидимый
36977,Невидимый
36978,Невидимый
36979,Делегирующий
36980,Соучастник
36981,Невидимый
36982,Соучастник
36983,Контролёр
36984,Делегирующий
36985,Контролёр
36986,Контролёр
36987,Контролёр
36988,Контролёр
36989,Невидимый
36990,Контролёр
36991,Невидимый
36992,Делегирующий
36993,Невидимый
36994,Соучастник
36995,Невидимый
36996,Невидимый
36997,Невидимый
36998,Контролёр
36999,Невидимый
37000,Делегирующий
37001,Делегирующий
37002,Контролёр
37003,Делегирующий
37004,Соучастник
37005,Делегирующий
37006,Делегирующий
37007,Соучастник
37008,Контролёр
37009,Делегирующий
37010,Делегирующий
37011,Контролёр
37012,Контролёр
37013,Делегирующий
37014,Невидимый
37015,Делегирующий
37016,Невидимый
37017,Невидимый
37018,Делегирующий
37019,Делегирующий
37020,Соучастник
37021,Контролёр
37022,Невидимый
37023,Невидимый
37024,Невидимый
37025,Невидимый
37026,Соучастник
37027,Контролёр
37028,Невидимый
37029,Делегирующий
37030,Контролёр
37031,Контролёр
37032,Невидимый
37033,Соучастник
37034,Контролёр
37035,Контролёр
37036,Невидимый
37037,Контролёр
37038,Контролёр
37039,Контролёр
37040,Контролёр
37041,Контролёр
37042,Контролёр
37043,Контролёр
37044,Невидимый
37045,Делегирующий
37046,Соучастник
37047,Невидимый
37048,Контролёр
37049,Контролёр
37050,Контролёр
37051,Невидимый
37052,Контролёр
37053,Контролёр
37054,Невидимый
37055,Контролёр
37056,Контролёр
37057,Невидимый
37058,Делегирующий
37059,Невидимый
37060,Контролёр
37061,Делегирующий
37062,Невидимый
37063,Делегирующий
37064,Контролёр
37065,Соучастник
37066,Соучастник
37067,Контролёр
37068,Невидимый
37069,Контролёр
37070,Невидимый
37071,Контролёр
37072,Соучастник
37073,Невидимый
37074,Контролёр
37075,Контролёр
37076,Соучастник
37077,Делегирующий
37078,Невидимый
37079,Контролёр
37080,Невидимый
37081,Невидимый
37082,Контролёр
37083,Контролёр
37084,Делегирующий
37085,Невидимый
37086,Невидимый
37087,Делегирующий
37088,Невидимый
37089,Невидимый
37090,Невидимый
37091,Контролёр
37092,Контролёр
37093,Соучастник
37094,Делегирующий
37095,Соучастник
37096,Контролёр
37097,Контролёр
37098,Невидимый
37099,Делегирующий
37100,Контролёр
37101,Контролёр
37102,Контролёр
37103,Соучастник
37104,Контролёр
37105,Делегирующий
37106,Соучастник
37107,Контролёр
37108,Контролёр
37109,Невидимый
37110,Контролёр
37111,Контролёр
37112,Соучастник
37113,Делегирующий
37114,Делегирующий
37115,Контролёр
37116,Делегирующий
37117,Контролёр
37118,Делегирующий
37119,Невидимый
37120,Соучастник
37121,Соучастник
37122,Невидимый
37123,Невидимый
37124,Контролёр
37125,Контролёр
37126,Соучастник
37127,Соучастник
37128,Невидимый
37129,Соучастник
37130,Контролёр
37131,Контролёр
37132,Контролёр
37133,Делегирующий
37134,Контролёр
37135,Невидимый
37136,Невидимый
37137,Делегирующий
37138,Контролёр
37139,Делегирующий
37140,Контролёр
37141,Контролёр
37142,Невидимый
37143,Соучастник
37144,Невидимый
37145,Соучастник
37146,Соучастник
37147,Контролёр
37148,Делегирующий
37149,Делегирующий
37150,Контролёр
37151,Невидимый
37152,Контролёр
37153,Соучастник
37154,Контролёр
37155,Контролёр
37156,Невидимый
37157,Невидимый
37158,Делегирующий
37159,Невидимый
37160,Соучастник
37161,Контролёр
37162,Делегирующий
37163,Делегирующий
37164,Соучастник
37165,Контролёр
37166,Контролёр
37167,Контролёр
37168,Контролёр
37169,Соучастник
37170,Делегирующий
37171,Делегирующий
37172,Контролёр
37173,Невидимый
37174,Делегирующий
37175,Контролёр
37176,Делегирующий
37177,Контролёр
37178,Соучастник
37179,Невидимый
37180,Невидимый
37181,Контролёр
37182,Невидимый
37183,Соучастник
37184,Делегирующий
37185,Невидимый
37186,Контролёр
37187,Делегирующий
37188,Соучастник
37189,Соучастник
37190,Невидимый
37191,Невидимый
37192,Контролёр
37193,Контролёр
37194,Контролёр
37195,Невидимый
37196,Контролёр
37197,Контролёр
37198,Соучастник
37199,Делегирующий
37200,Контролёр
37201,Невидимый
37202,Невидимый
37203,Контролёр
37204,Контролёр
37205,Контролёр
37206,Невидимый
37207,Невидимый
37208,Контролёр
37209,Контролёр
37210,Невидимый
37211,Делегирующий
37212,Невидимый
37213,Невидимый
37214,Контролёр
37215,Невидимый
37216,Контролёр
37217,Контролёр
37218,Контролёр
37219,Контролёр
37220,Соучастник
37221,Невидимый
37222,Контролёр
37223,Контролёр
37224,Соучастник
37225,Соучастник
37226,Контролёр
37227,Контролёр
37228,Невидимый
37229,Контролёр
37230,Соучастник
37231,Контролёр
37232,Контролёр
37233,Соучастник
37234,Невидимый
37235,Невидимый
37236,Делегирующий
37237,Невидимый
37238,Контролёр
37239,Невидимый
37240,Контролёр
37241,Контролёр
37242,Контролёр
37243,Делегирующий
37244,Контролёр
37245,Контролёр
37246,Соучастник
37247,Контролёр
37248,Контролёр
37249,Невидимый
37250,Невидимый
37251,Невидимый
37252,Контролёр
37253,Невидимый
37254,Невидимый
37255,Делегирующий
37256,Соучастник
37257,Контролёр
37258,Делегирующий
37259,Делегирующий
37260,Контролёр
37261,Делегирующий
37262,Делегирующий
37263,Делегирующий
37264,Контролёр
37265,Невидимый
37266,Контролёр
37267,Соучастник
37268,Соучастник
37269,Контролёр
37270,Соучастник
37271,Контролёр
37272,Контролёр
37273,Невидимый
37274,Делегирующий
37275,Делегирующий
37276,Контролёр
37277,Соучастник
37278,Невидимый
37279,Делегирующий
37280,Соучастник
37281,Невидимый
37282,Делегирующий
37283,Невидимый
37284,Контролёр
37285,Делегирующий
37286,Делегирующий
37287,Невидимый
37288,Невидимый
37289,Контролёр
37290,Контролёр
37291,Делегирующий
37292,Делегирующий
37293,Соучастник
37294,Контролёр
37295,Делегирующий
37296,Делегирующий
37297,Контролёр
37298,Соучастник
37299,Соучастник
37300,Делегирующий
37301,Делегирующий
37302,Делегирующий
37303,Контролёр
37304,Контролёр
37305,Невидимый
37306,Контролёр
37307,Невидимый
37308,Соучастник
37309,Контролёр
37310,Соучастник
37311,Контролёр
37312,Контролёр
37313,Невидимый
37314,Невидимый
37315,Контролёр
37316,Контролёр
37317,Невидимый
37318,Делегирующий
37319,Невидимый
37320,Делегирующий
37321,Контролёр
37322,Контролёр
37323,Делегирующий
37324,Делегирующий
37325,Невидимый
37326,Контролёр
37327,Соучастник
37328,Невидимый
37329,Контролёр
37330,Контролёр
37331,Контролёр
37332,Контролёр
37333,Контролёр
37334,Соучастник
37335,Контролёр
37336,Контролёр
37337,Контролёр
37338,Контролёр
37339,Контролёр
37340,Невидимый
37341,Контролёр
37342,Контролёр
37343,Соучастник
37344,Делегирующий
37345,Контролёр
37346,Делегирующий
37347,Контролёр
37348,Контролёр
37349,Контролёр
37350,Контролёр
37351,Невидимый
37352,Невидимый
37353,Невидимый
37354,Невидимый
37355,Невидимый
37356,Невидимый
37357,Невидимый
37358,Невидимый
37359,Контролёр
37360,Контролёр
37361,Соучастник
37362,Невидимый
37363,Невидимый
37364,Соучастник
37365,Соучастник
37366,Соучастник
37367,Соучастник
37368,Контролёр
37369,Невидимый
37370,Контролёр
37371,Соучастник
37372,Контролёр
37373,Делегирующий
37374,Соучастник
37375,Контролёр
37376,Невидимый
37377,Невидимый
37378,Контролёр
37379,Невидимый
37380,Невидимый
37381,Соучастник
37382,Контролёр
37383,Контролёр
37384,Контролёр
37385,Контролёр
37386,Невидимый
37387,Контролёр
37388,Невидимый
37389,Невидимый
37390,Делегирующий
37391,Невидимый
37392,Делегирующий
37393,Соучастник
37394,Невидимый
37395,Контролёр
37396,Контролёр
37397,Контролёр
37398,Соучастник
37399,Невидимый
37400,Соучастник
37401,Делегирующий
37402,Контролёр
37403,Соучастник
37404,Контролёр
37405,Делегирующий
37406,Невидимый
37407,Контролёр
37408,Соучастник
37409,Соучастник
37410,Невидимый
37411,Контролёр
37412,Делегирующий
37413,Контролёр
37414,Контролёр
37415,Контролёр
37416,Невидимый
37417,Делегирующий
37418,Делегирующий
37419,Делегирующий
37420,Контролёр
37421,Контролёр
37422,Невидимый
37423,Контролёр
37424,Делегирующий
37425,Невидимый
37426,Невидимый
37427,Контролёр
37428,Контролёр
37429,Делегирующий
37430,Контролёр
37431,Невидимый
37432,Соучастник
37433,Соучастник
37434,Делегирующий
37435,Делегирующий
37436,Соучастник
37437,Контролёр
37438,Делегирующий
37439,Контролёр
37440,Соучастник
37441,Соучастник
37442,Невидимый
37443,Контролёр
37444,Невидимый
37445,Контролёр
37446,Контролёр
37447,Контролёр
37448,Невидимый
37449,Делегирующий
37450,Невидимый
37451,Делегирующий
37452,Невидимый
37453,Контролёр
37454,Невидимый
37455,Контролёр
37456,Соучастник
37457,Невидимый
37458,Контролёр
37459,Контролёр
37460,Делегирующий
37461,Невидимый
37462,Контролёр
37463,Невидимый
37464,Невидимый
37465,Невидимый
37466,Контролёр
37467,Контролёр
37468,Невидимый
37469,Соучастник
37470,Делегирующий
37471,Невидимый
37472,Контролёр
37473,Контролёр
37474,Соучастник
37475,Контролёр
37476,Контролёр
37477,Контролёр
37478,Невидимый
37479,Контролёр
37480,Невидимый
37481,Невидимый
37482,Контролёр
37483,Контролёр
37484,Контролёр
37485,Контролёр
37486,Невидимый
37487,Невидимый
37488,Соучастник
37489,Контролёр
37490,Невидимый
37491,Невидимый
37492,Соучастник
37493,Невидимый
37494,Контролёр
37495,Невидимый
37496,Невидимый
37497,Невидимый
37498,Соучастник
37499,Контролёр
37500,Невидимый
37501,Контролёр
37502,Делегирующий
37503,Делегирующий
37504,Делегирующий
37505,Соучастник
37506,Контролёр
37507,Делегирующий
37508,Контролёр
37509,Соучастник
37510,Делегирующий
37511,Делегирующий
37512,Делегирующий
37513,Делегирующий
37514,Соучастник
37515,Контролёр
37516,Контролёр
37517,Контролёр
37518,Невидимый
37519,Контролёр
37520,Невидимый
37521,Контролёр
37522,Контролёр
37523,Делегирующий
37524,Контролёр
37525,Контролёр
37526,Невидимый
37527,Невидимый
37528,Невидимый
37529,Невидимый
37530,Соучастник
37531,Контролёр
37532,Невидимый
37533,Контролёр
37534,Делегирующий
37535,Невидимый
37536,Контролёр
37537,Контролёр
37538,Невидимый
37539,Контролёр
37540,Контролёр
37541,Делегирующий
37542,Контролёр
37543,Невидимый
37544,Делегирующий
37545,Контролёр
37546,Невидимый
37547,Делегирующий
37548,Невидимый
37549,Невидимый
37550,Контролёр
37551,Соучастник
37552,Контролёр
37553,Контролёр
37554,Контролёр
37555,Контролёр
37556,Невидимый
37557,Контролёр
37558,Делегирующий
37559,Контролёр
37560,Соучастник
37561,Контролёр
37562,Соучастник
37563,Контролёр
37564,Делегирующий
37565,Невидимый
37566,Контролёр
37567,Делегирующий
37568,Соучастник
37569,Контролёр
37570,Контролёр
37571,Невидимый
37572,Невидимый
37573,Соучастник
37574,Невидимый
37575,Контролёр
37576,Невидимый
37577,Контролёр
37578,Соучастник
37579,Контролёр
37580,Невидимый
37581,Соучастник
37582,Невидимый
37583,Соучастник
37584,Невидимый
37585,Невидимый
37586,Контролёр
37587,Невидимый
37588,Невидимый
37589,Контролёр
37590,Контролёр
37591,Делегирующий
37592,Невидимый
37593,Контролёр
37594,Контролёр
37595,Соучастник
37596,Делегирующий
37597,Делегирующий
37598,Невидимый
37599,Невидимый
37600,Соучастник
37601,Невидимый
37602,Делегирующий
37603,Невидимый
37604,Соучастник
37605,Невидимый
37606,Контролёр
37607,Контролёр
37608,Контролёр
37609,Контролёр
37610,Контролёр
37611,Контролёр
37612,Контролёр
37613,Делегирующий
37614,Контролёр
37615,Делегирующий
37616,Соучастник
37617,Делегирующий
37618,Невидимый
37619,Невидимый
37620,Соучастник
37621,Делегирующий
37622,Контролёр
37623,Делегирующий
37624,Делегирующий
37625,Делегирующий
37626,Контролёр
37627,Контролёр
37628,Контролёр
37629,Делегирующий
37630,Контролёр
37631,Соучастник
37632,Делегирующий
37633,Невидимый
37634,Контролёр
37635,Невидимый
37636,Делегирующий
37637,Невидимый
37638,Делегирующий
37639,Невидимый
37640,Невидимый
37641,Соучастник
37642,Невидимый
37643,Контролёр
37644,Соучастник
37645,Соучастник
37646,Контролёр
37647,Невидимый
37648,Контролёр
37649,Невидимый
37650,Контролёр
37651,Невидимый
37652,Невидимый
37653,Соучастник
37654,Контролёр
37655,Контролёр
37656,Делегирующий
37657,Контролёр
37658,Невидимый
37659,Делегирующий
37660,Контролёр
37661,Невидимый
37662,Контролёр
37663,Невидимый
37664,Контролёр
37665,Контролёр
37666,Невидимый
37667,Контролёр
37668,Контролёр
37669,Контролёр
37670,Контролёр
37671,Делегирующий
37672,Невидимый
37673,Невидимый
37674,Невидимый
37675,Соучастник
37676,Соучастник
37677,Невидимый
37678,Делегирующий
37679,Невидимый
37680,Контролёр
37681,Контролёр
37682,Контролёр
37683,Соучастник
37684,Делегирующий
37685,Делегирующий
37686,Контролёр
37687,Невидимый
37688,Контролёр
37689,Контролёр
37690,Невидимый
37691,Соучастник
37692,Контролёр
37693,Соучастник
37694,Контролёр
37695,Делегирующий
37696,Контролёр
37697,Контролёр
37698,Контролёр
37699,Соучастник
37700,Делегирующий
37701,Контролёр
37702,Невидимый
37703,Делегирующий
37704,Контролёр
37705,Невидимый
37706,Соучастник
37707,Соучастник
37708,Соучастник
37709,Невидимый
37710,Невидимый
37711,Контролёр
37712,Контролёр
37713,Контролёр
37714,Невидимый
37715,Соучастник
37716,Контролёр
37717,Контролёр
37718,Соучастник
37719,Контролёр
37720,Контролёр
37721,Невидимый
37722,Соучастник
37723,Невидимый
37724,Контролёр
37725,Контролёр
37726,Делегирующий
37727,Невидимый
37728,Контролёр
37729,Делегирующий
37730,Соучастник
37731,Невидимый
37732,Делегирующий
37733,Невидимый
37734,Соучастник
37735,Контролёр
37736,Соучастник
37737,Невидимый
37738,Соучастник
37739,Контролёр
37740,Контролёр
37741,Делегирующий
37742,Контролёр
37743,Контролёр
37744,Делегирующий
37745,Делегирующий
37746,Соучастник
37747,Соучастник
37748,Контролёр
37749,Соучастник
37750,Невидимый
37751,Невидимый
37752,Невидимый
37753,Контролёр
37754,Соучастник
37755,Невидимый
37756,Соучастник
37757,Невидимый
37758,Контролёр
37759,Делегирующий
37760,Соучастник
37761,Делегирующий
37762,Соучастник
37763,Соучастник
37764,Соучастник
37765,Невидимый
37766,Контролёр
37767,Делегирующий
37768,Невидимый
37769,Контролёр
37770,Соучастник
37771,Невидимый
37772,Соучастник
37773,Контролёр
37774,Соучастник
37775,Делегирующий
37776,Контролёр
37777,Невидимый
37778,Невидимый
37779,Делегирующий
37780,Контролёр
37781,Делегирующий
37782,Соучастник
37783,Контролёр
37784,Невидимый
37785,Соучастник
37786,Контролёр
37787,Делегирующий
37788,Делегирующий
37789,Соучастник
37790,Соучастник
37791,Соучастник
37792,Контролёр
37793,Невидимый
37794,Невидимый
37795,Контролёр
37796,Делегирующий
37797,Контролёр
37798,Соучастник
37799,Соучастник
37800,Контролёр
37801,Невидимый
37802,Контролёр
37803,Соучастник
37804,Невидимый
37805,Соучастник
37806,Соучастник
37807,Невидимый
37808,Контролёр
37809,Соучастник
37810,Невидимый
37811,Контролёр
37812,Невидимый
37813,Контролёр
37814,Невидимый
37815,Контролёр
37816,Контролёр
37817,Невидимый
37818,Контролёр
37819,Делегирующий
37820,Невидимый
37821,Контролёр
37822,Контролёр
37823,Делегирующий
37824,Невидимый
37825,Невидимый
37826,Невидимый
37827,Делегирующий
37828,Невидимый
37829,Делегирующий
37830,Соучастник
37831,Соучастник
37832,Контролёр
37833,Соучастник
37834,Контролёр
37835,Контролёр
37836,Невидимый
37837,Соучастник
37838,Контролёр
37839,Невидимый
37840,Контролёр
37841,Делегирующий
37842,Невидимый
37843,Делегирующий
37844,Невидимый
37845,Контролёр
37846,Невидимый
37847,Контролёр
37848,Делегирующий
37849,Невидимый
37850,Соучастник
37851,Контролёр
37852,Контролёр
37853,Контролёр
37854,Контролёр
37855,Контролёр
37856,Невидимый
37857,Соучастник
37858,Невидимый
37859,Соучастник
37860,Соучастник
37861,Делегирующий
37862,Делегирующий
37863,Соучастник
37864,Контролёр
37865,Невидимый
37866,Делегирующий
37867,Невидимый
37868,Соучастник
37869,Невидимый
37870,Делегирующий
37871,Делегирующий
37872,Делегирующий
37873,Соучастник
37874,Невидимый
37875,Невидимый
37876,Невидимый
37877,Соучастник
37878,Невидимый
37879,Невидимый
37880,Невидимый
37881,Невидимый
37882,Контролёр
37883,Контролёр
37884,Невидимый
37885,Невидимый
37886,Соучастник
37887,Контролёр
37888,Невидимый
37889,Контролёр
37890,Контролёр
37891,Соучастник
37892,Контролёр
37893,Невидимый
37894,Контролёр
37895,Контролёр
37896,Делегирующий
37897,Невидимый
37898,Соучастник
37899,Соучастник
37900,Невидимый
37901,Невидимый
37902,Невидимый
37903,Невидимый
37904,Невидимый
37905,Контролёр
37906,Делегирующий
37907,Делегирующий
37908,Контролёр
37909,Делегирующий
37910,Контролёр
37911,Контролёр
37912,Соучастник
37913,Соучастник
37914,Невидимый
37915,Невидимый
37916,Невидимый
37917,Контролёр
37918,Контролёр
37919,Делегирующий
37920,Делегирующий
37921,Контролёр
37922,Невидимый
37923,Делегирующий
37924,Невидимый
37925,Контролёр
37926,Невидимый
37927,Невидимый
37928,Делегирующий
37929,Невидимый
37930,Контролёр
37931,Контролёр
37932,Контролёр
37933,Контролёр
37934,Контролёр
37935,Соучастник
37936,Невидимый
37937,Контролёр
37938,Контролёр
37939,Соучастник
37940,Контролёр
37941,Контролёр
37942,Делегирующий
37943,Невидимый
37944,Соучастник
37945,Контролёр
37946,Контролёр
37947,Невидимый
37948,Соучастник
37949,Невидимый
37950,Делегирующий
37951,Контролёр
37952,Контролёр
37953,Невидимый
37954,Контролёр
37955,Соучастник
37956,Соучастник
37957,Контролёр
37958,Невидимый
37959,Контролёр
37960,Контролёр
37961,Невидимый
37962,Невидимый
37963,Делегирующий
37964,Делегирующий
37965,Делегирующий
37966,Делегирующий
37967,Делегирующий
37968,Соучастник
37969,Контролёр
37970,Контролёр
37971,Делегирующий
37972,Невидимый
37973,Соучастник
37974,Контролёр
37975,Делегирующий
37976,Контролёр
37977,Соучастник
37978,Невидимый
37979,Невидимый
37980,Контролёр
37981,Делегирующий
37982,Контролёр
37983,Делегирующий
37984,Делегирующий
37985,Делегирующий
37986,Невидимый
37987,Невидимый
37988,Соучастник
37989,Контролёр
37990,Невидимый
37991,Делегирующий
37992,Невидимый
37993,Контролёр
37994,Невидимый
37995,Контролёр
37996,Соучастник
37997,Соучастник
37998,Контролёр
37999,Невидимый
38000,Контролёр
38001,Контролёр
38002,Делегирующий
38003,Соучастник
38004,Невидимый
38005,Соучастник
38006,Невидимый
38007,Контролёр
38008,Контролёр
38009,Соучастник
38010,Контролёр
38011,Соучастник
38012,Соучастник
38013,Контролёр
38014,Невидимый
38015,Контролёр
38016,Контролёр
38017,Контролёр
38018,Контролёр
38019,Делегирующий
38020,Невидимый
38021,Контролёр
38022,Контролёр
38023,Невидимый
38024,Соучастник
38025,Контролёр
38026,Делегирующий
38027,Контролёр
38028,Контролёр
38029,Соучастник
38030,Делегирующий
38031,Контролёр
38032,Невидимый
38033,Невидимый
38034,Невидимый
38035,Делегирующий
38036,Невидимый
38037,Невидимый
38038,Соучастник
38039,Делегирующий
38040,Контролёр
38041,Делегирующий
38042,Делегирующий
38043,Контролёр
38044,Невидимый
38045,Делегирующий
38046,Контролёр
38047,Делегирующий
38048,Контролёр
38049,Делегирующий
38050,Соучастник
38051,Невидимый
38052,Контролёр
38053,Соучастник
38054,Невидимый
38055,Соучастник
38056,Невидимый
38057,Невидимый
38058,Контролёр
38059,Контролёр
38060,Невидимый
38061,Делегирующий
38062,Невидимый
38063,Соучастник
38064,Контролёр
38065,Делегирующий
38066,Соучастник
38067,Делегирующий
38068,Делегирующий
38069,Соучастник
38070,Невидимый
38071,Соучастник
38072,Контролёр
38073,Невидимый
38074,Контролёр
38075,Контролёр
38076,Соучастник
38077,Контролёр
38078,Делегирующий
38079,Делегирующий
38080,Невидимый
38081,Контролёр
38082,Делегирующий
38083,Контролёр
38084,Контролёр
38085,Делегирующий
38086,Невидимый
38087,Контролёр
38088,Контролёр
38089,Невидимый
38090,Невидимый
38091,Невидимый
38092,Соучастник
38093,Соучастник
38094,Соучастник
38095,Невидимый
38096,Делегирующий
38097,Соучастник
38098,Невидимый
38099,Контролёр
38100,Делегирующий
38101,Контролёр
38102,Невидимый
38103,Невидимый
38104,Контролёр
38105,Контролёр
38106,Невидимый
38107,Соучастник
38108,Невидимый
38109,Делегирующий
38110,Контролёр
38111,Соучастник
38112,Контролёр
38113,Контролёр
38114,Контролёр
38115,Соучастник
38116,Контролёр
38117,Невидимый
38118,Контролёр
38119,Контролёр
38120,Невидимый
38121,Соучастник
38122,Контролёр
38123,Невидимый
38124,Делегирующий
38125,Контролёр
38126,Делегирующий
38127,Контролёр
38128,Контролёр
38129,Контролёр
38130,Невидимый
38131,Невидимый
38132,Невидимый
38133,Соучастник
38134,Соучастник
38135,Невидимый
38136,Невидимый
38137,Делегирующий
38138,Соучастник
38139,Невидимый
38140,Контролёр
38141,Невидимый
38142,Невидимый
38143,Контролёр
38144,Контролёр
38145,Контролёр
38146,Делегирующий
38147,Делегирующий
38148,Невидимый
38149,Невидимый
38150,Контролёр
38151,Соучастник
38152,Невидимый
38153,Невидимый
38154,Контролёр
38155,Невидимый
38156,Контролёр
38157,Делегирующий
38158,Невидимый
38159,Контролёр
38160,Невидимый
38161,Делегирующий
38162,Контролёр
38163,Соучастник
38164,Невидимый
38165,Соучастник
38166,Невидимый
38167,Невидимый
38168,Делегирующий
38169,Контролёр
38170,Делегирующий
38171,Контролёр
38172,Делегирующий
38173,Контролёр
38174,Невидимый
38175,Делегирующий
38176,Контролёр
38177,Контролёр
38178,Соучастник
38179,Делегирующий
38180,Контролёр
38181,Невидимый
38182,Контролёр
38183,Контролёр
38184,Контролёр
38185,Невидимый
38186,Делегирующий
38187,Контролёр
38188,Невидимый
38189,Невидимый
38190,Невидимый
38191,Невидимый
38192,Контролёр
38193,Контролёр
38194,Контролёр
38195,Невидимый
38196,Соучастник
38197,Делегирующий
38198,Соучастник
38199,Невидимый
38200,Невидимый
38201,Контролёр
38202,Невидимый
38203,Невидимый
38204,Контролёр
38205,Невидимый
38206,Невидимый
38207,Контролёр
38208,Невидимый
38209,Невидимый
38210,Невидимый
38211,Делегирующий
38212,Делегирующий
38213,Невидимый
38214,Невидимый
38215,Контролёр
38216,Соучастник
38217,Контролёр
38218,Делегирующий
38219,Невидимый
38220,Контролёр
38221,Невидимый
38222,Соучастник
38223,Контролёр
38224,Соучастник
38225,Невидимый
38226,Делегирующий
38227,Контролёр
38228,Невидимый
38229,Контролёр
38230,Невидимый
38231,Делегирующий
38232,Невидимый
38233,Контролёр
38234,Контролёр
38235,Делегирующий
38236,Контролёр
38237,Соучастник
38238,Делегирующий
38239,Невидимый
38240,Контролёр
38241,Соучастник
38242,Невидимый
38243,Контролёр
38244,Контролёр
38245,Контролёр
38246,Контролёр
38247,Контролёр
38248,Контролёр
38249,Контролёр
38250,Контролёр
38251,Невидимый
38252,Контролёр
38253,Невидимый
38254,Контролёр
38255,Контролёр
38256,Соучастник
38257,Контролёр
38258,Контролёр
38259,Невидимый
38260,Соучастник
38261,Контролёр
38262,Соучастник
38263,Контролёр
38264,Контролёр
38265,Контролёр
38266,Контролёр
38267,Контролёр
38268,Контролёр
38269,Контролёр
38270,Контролёр
38271,Делегирующий
38272,Невидимый
38273,Соучастник
38274,Невидимый
38275,Контролёр
38276,Делегирующий
38277,Контролёр
38278,Соучастник
38279,Невидимый
38280,Невидимый
38281,Невидимый
38282,Контролёр
38283,Невидимый
38284,Контролёр
38285,Невидимый
38286,Контролёр
38287,Контролёр
38288,Соучастник
38289,Соучастник
38290,Невидимый
38291,Невидимый
38292,Невидимый
38293,Контролёр
38294,Контролёр
38295,Контролёр
38296,Контролёр
38297,Невидимый
38298,Делегирующий
38299,Невидимый
38300,Соучастник
38301,Соучастник
38302,Делегирующий
38303,Контролёр
38304,Контролёр
38305,Невидимый
38306,Невидимый
38307,Делегирующий
38308,Контролёр
38309,Соучастник
38310,Контролёр
38311,Соучастник
38312,Соучастник
38313,Контролёр
38314,Контролёр
38315,Контролёр
38316,Невидимый
38317,Соучастник
38318,Соучастник
38319,Соучастник
38320,Делегирующий
38321,Контролёр
38322,Контролёр
38323,Контролёр
38324,Невидимый
38325,Невидимый
38326,Контролёр
38327,Делегирующий
38328,Делегирующий
38329,Невидимый
38330,Соучастник
38331,Делегирующий
38332,Контролёр
38333,Невидимый
38334,Контролёр
38335,Невидимый
38336,Делегирующий
38337,Невидимый
38338,Контролёр
38339,Контролёр
38340,Соучастник
38341,Контролёр
38342,Соучастник
38343,Контролёр
38344,Делегирующий
38345,Невидимый
38346,Делегирующий
38347,Соучастник
38348,Контролёр
38349,Невидимый
38350,Невидимый
38351,Контролёр
38352,Делегирующий
38353,Делегирующий
38354,Соучастник
38355,Невидимый
38356,Делегирующий
38357,Контролёр
38358,Контролёр
38359,Контролёр
38360,Соучастник
38361,Невидимый
38362,Невидимый
38363,Контролёр
38364,Контролёр
38365,Контролёр
38366,Делегирующий
38367,Делегирующий
38368,Контролёр
38369,Невидимый
38370,Контролёр
38371,Делегирующий
38372,Невидимый
38373,Невидимый
38374,Контролёр
38375,Контролёр
38376,Контролёр
38377,Делегирующий
38378,Невидимый
38379,Контролёр
38380,Контролёр
38381,Невидимый
38382,Невидимый
38383,Делегирующий
38384,Контролёр
38385,Контролёр
38386,Контролёр
38387,Соучастник
38388,Делегирующий
38389,Невидимый
38390,Контролёр
38391,Контролёр
38392,Соучастник
38393,Контролёр
38394,Соучастник
38395,Соучастник
38396,Контролёр
38397,Контролёр
38398,Контролёр
38399,Соучастник
38400,Невидимый
38401,Невидимый
38402,Делегирующий
38403,Контролёр
38404,Делегирующий
38405,Контролёр
38406,Невидимый
38407,Невидимый
38408,Невидимый
38409,Невидимый
38410,Невидимый
38411,Невидимый
38412,Невидимый
38413,Невидимый
38414,Невидимый
38415,Контролёр
38416,Делегирующий
38417,Невидимый
38418,Невидимый
38419,Невидимый
38420,Делегирующий
38421,Контролёр
38422,Невидимый
38423,Невидимый
38424,Контролёр
38425,Контролёр
38426,Соучастник
38427,Делегирующий
38428,Контролёр
38429,Невидимый
38430,Делегирующий
38431,Делегирующий
38432,Соучастник
38433,Невидимый
38434,Контролёр
38435,Соучастник
38436,Контролёр
38437,Контролёр
38438,Делегирующий
38439,Контролёр
38440,Соучастник
38441,Контролёр
38442,Контролёр
38443,Делегирующий
38444,Контролёр
38445,Невидимый
38446,Невидимый
38447,Невидимый
38448,Делегирующий
38449,Невидимый
38450,Невидимый
38451,Контролёр
38452,Контролёр
38453,Делегирующий
38454,Невидимый
38455,Контролёр
38456,Контролёр
38457,Делегирующий
38458,Контролёр
38459,Контролёр
38460,Контролёр
38461,Контролёр
38462,Невидимый
38463,Контролёр
38464,Контролёр
38465,Соучастник
38466,Соучастник
38467,Делегирующий
38468,Делегирующий
38469,Делегирующий
38470,Соучастник
38471,Делегирующий
38472,Делегирующий
38473,Делегирующий
38474,Контролёр
38475,Невидимый
38476,Делегирующий
38477,Контролёр
38478,Контролёр
38479,Невидимый
38480,Невидимый
38481,Соучастник
38482,Контролёр
38483,Контролёр
38484,Контролёр
38485,Невидимый
38486,Невидимый
38487,Соучастник
38488,Невидимый
38489,Контролёр
38490,Контролёр
38491,Невидимый
38492,Контролёр
38493,Делегирующий
38494,Контролёр
38495,Соучастник
38496,Соучастник
38497,Контролёр
38498,Соучастник
38499,Контролёр
38500,Делегирующий
38501,Контролёр
38502,Контролёр
38503,Делегирующий
38504,Невидимый
38505,Невидимый
38506,Невидимый
38507,Невидимый
38508,Контролёр
38509,Контролёр
38510,Контролёр
38511,Соучастник
38512,Делегирующий
38513,Контролёр
38514,Делегирующий
38515,Контролёр
38516,Контролёр
38517,Невидимый
38518,Делегирующий
38519,Контролёр
38520,Соучастник
38521,Контролёр
38522,Делегирующий
38523,Невидимый
38524,Соучастник
38525,Невидимый
38526,Делегирующий
38527,Контролёр
38528,Контролёр
38529,Делегирующий
38530,Контролёр
38531,Делегирующий
38532,Контролёр
38533,Контролёр
38534,Контролёр
38535,Невидимый
38536,Невидимый
38537,Соучастник
38538,Контролёр
38539,Делегирующий
38540,Делегирующий
38541,Контролёр
38542,Невидимый
38543,Невидимый
38544,Невидимый
38545,Соучастник
38546,Невидимый
38547,Контролёр
38548,Делегирующий
38549,Контролёр
38550,Невидимый
38551,Невидимый
38552,Невидимый
38553,Невидимый
38554,Контролёр
38555,Невидимый
38556,Невидимый
38557,Невидимый
38558,Невидимый
38559,Соучастник
38560,Соучастник
38561,Контролёр
38562,Контролёр
38563,Невидимый
38564,Невидимый
38565,Делегирующий
38566,Контролёр
38567,Контролёр
38568,Соучастник
38569,Невидимый
38570,Соучастник
38571,Контролёр
38572,Делегирующий
38573,Делегирующий
38574,Соучастник
38575,Соучастник
38576,Контролёр
38577,Контролёр
38578,Невидимый
38579,Делегирующий
38580,Соучастник
38581,Соучастник
38582,Невидимый
38583,Делегирующий
38584,Контролёр
38585,Невидимый
38586,Соучастник
38587,Контролёр
38588,Контролёр
38589,Невидимый
38590,Контролёр
38591,Невидимый
38592,Соучастник
38593,Невидимый
38594,Контролёр
38595,Контролёр
38596,Соучастник
38597,Соучастник
38598,Делегирующий
38599,Невидимый
38600,Делегирующий
38601,Контролёр
38602,Соучастник
38603,Невидимый
38604,Делегирующий
38605,Невидимый
38606,Делегирующий
38607,Соучастник
38608,Контролёр
38609,Соучастник
38610,Невидимый
38611,Соучастник
38612,Невидимый
38613,Контролёр
38614,Невидимый
38615,Контролёр
38616,Невидимый
38617,Делегирующий
38618,Соучастник
38619,Контролёр
38620,Контролёр
38621,Невидимый
38622,Соучастник
38623,Невидимый
38624,Невидимый
38625,Невидимый
38626,Соучастник
38627,Делегирующий
38628,Соучастник
38629,Невидимый
38630,Контролёр
38631,Контролёр
38632,Контролёр
38633,Делегирующий
38634,Невидимый
38635,Контролёр
38636,Контролёр
38637,Невидимый
38638,Соучастник
38639,Невидимый
38640,Соучастник
38641,Делегирующий
38642,Делегирующий
38643,Невидимый
38644,Делегирующий
38645,Соучастник
38646,Контролёр
38647,Делегирующий
38648,Контролёр
38649,Невидимый
38650,Соучастник
38651,Контролёр
38652,Контролёр
38653,Делегирующий
38654,Невидимый
38655,Делегирующий
38656,Невидимый
38657,Невидимый
38658,Невидимый
38659,Контролёр
38660,Невидимый
38661,Контролёр
38662,Контролёр
38663,Делегирующий
38664,Соучастник
38665,Делегирующий
38666,Контролёр
38667,Невидимый
38668,Невидимый
38669,Контролёр
38670,Соучастник
38671,Невидимый
38672,Делегирующий
38673,Невидимый
38674,Невидимый
38675,Делегирующий
38676,Делегирующий
38677,Контролёр
38678,Соучастник
38679,Соучастник
38680,Соучастник
38681,Делегирующий
38682,Делегирующий
38683,Соучастник
38684,Невидимый
38685,Невидимый
38686,Делегирующий
38687,Невидимый
38688,Контролёр
38689,Контролёр
38690,Невидимый
38691,Контролёр
38692,Контролёр
38693,Контролёр
38694,Делегирующий
38695,Невидимый
38696,Контролёр
38697,Контролёр
38698,Контролёр
38699,Контролёр
38700,Контролёр
38701,Соучастник
38702,Контролёр
38703,Делегирующий
38704,Невидимый
38705,Соучастник
38706,Контролёр
38707,Невидимый
38708,Делегирующий
38709,Делегирующий
38710,Контролёр
38711,Делегирующий
38712,Невидимый
38713,Контролёр
38714,Невидимый
38715,Соучастник
38716,Делегирующий
38717,Невидимый
38718,Невидимый
38719,Контролёр
38720,Контролёр
38721,Невидимый
38722,Невидимый
38723,Контролёр
38724,Невидимый
38725,Невидимый
38726,Контролёр
38727,Невидимый
38728,Контролёр
38729,Контролёр
38730,Соучастник
38731,Соучастник
38732,Контролёр
38733,Контролёр
38734,Невидимый
38735,Делегирующий
38736,Контролёр
38737,Соучастник
38738,Невидимый
38739,Контролёр
38740,Контролёр
38741,Невидимый
38742,Контролёр
38743,Невидимый
38744,Невидимый
38745,Невидимый
38746,Делегирующий
38747,Контролёр
38748,Делегирующий
38749,Контролёр
38750,Невидимый
38751,Невидимый
38752,Делегирующий
38753,Контролёр
38754,Невидимый
38755,Соучастник
38756,Контролёр
38757,Делегирующий
38758,Контролёр
38759,Соучастник
38760,Невидимый
38761,Невидимый
38762,Контролёр
38763,Контролёр
38764,Соучастник
38765,Делегирующий
38766,Контролёр
38767,Соучастник
38768,Невидимый
38769,Невидимый
38770,Контролёр
38771,Контролёр
38772,Невидимый
38773,Невидимый
38774,Контролёр
38775,Невидимый
38776,Невидимый
38777,Контролёр
38778,Контролёр
38779,Контролёр
38780,Невидимый
38781,Делегирующий
38782,Невидимый
38783,Соучастник
38784,Контролёр
38785,Контролёр
38786,Контролёр
38787,Невидимый
38788,Делегирующий
38789,Невидимый
38790,Контролёр
38791,Контролёр
38792,Контролёр
38793,Невидимый
38794,Невидимый
38795,Контролёр
38796,Делегирующий
38797,Невидимый
38798,Делегирующий
38799,Соучастник
38800,Контролёр
38801,Контролёр
38802,Контролёр
38803,Контролёр
38804,Невидимый
38805,Соучастник
38806,Делегирующий
38807,Контролёр
38808,Невидимый
38809,Невидимый
38810,Невидимый
38811,Контролёр
38812,Невидимый
38813,Соучастник
38814,Невидимый
38815,Невидимый
38816,Невидимый
38817,Соучастник
38818,Контролёр
38819,Делегирующий
38820,Контролёр
38821,Делегирующий
38822,Контролёр
38823,Невидимый
38824,Контролёр
38825,Контролёр
38826,Невидимый
38827,Контролёр
38828,Делегирующий
38829,Контролёр
38830,Контролёр
38831,Делегирующий
38832,Невидимый
38833,Контролёр
38834,Контролёр
38835,Невидимый
38836,Невидимый
38837,Контролёр
38838,Контролёр
38839,Контролёр
38840,Невидимый
38841,Делегирующий
38842,Соучастник
38843,Невидимый
38844,Контролёр
38845,Невидимый
38846,Контролёр
38847,Контролёр
38848,Контролёр
38849,Контролёр
38850,Невидимый
38851,Делегирующий
38852,Делегирующий
38853,Невидимый
38854,Невидимый
38855,Соучастник
38856,Контролёр
38857,Невидимый
38858,Контролёр
38859,Невидимый
38860,Соучастник
38861,Соучастник
38862,Контролёр
38863,Делегирующий
38864,Контролёр
38865,Контролёр
38866,Контролёр
38867,Делегирующий
38868,Невидимый
38869,Делегирующий
38870,Делегирующий
38871,Соучастник
38872,Невидимый
38873,Соучастник
38874,Невидимый
38875,Невидимый
38876,Невидимый
38877,Невидимый
38878,Делегирующий
38879,Делегирующий
38880,Невидимый
38881,Соучастник
38882,Невидимый
38883,Контролёр
38884,Контролёр
38885,Соучастник
38886,Невидимый
38887,Контролёр
38888,Контролёр
38889,Контролёр
38890,Контролёр
38891,Делегирующий
38892,Невидимый
38893,Соучастник
38894,Контролёр
38895,Соучастник
38896,Соучастник
38897,Контролёр
38898,Контролёр
38899,Невидимый
38900,Невидимый
38901,Невидимый
38902,Соучастник
38903,Делегирующий
38904,Невидимый
38905,Контролёр
38906,Делегирующий
38907,Соучастник
38908,Контролёр
38909,Контролёр
38910,Контролёр
38911,Соучастник
38912,Контролёр
38913,Контролёр
38914,Невидимый
38915,Контролёр
38916,Невидимый
38917,Делегирующий
38918,Контролёр
38919,Невидимый
38920,Контролёр
38921,Контролёр
38922,Контролёр
38923,Соучастник
38924,Соучастник
38925,Невидимый
38926,Контролёр
38927,Невидимый
38928,Контролёр
38929,Делегирующий
38930,Невидимый
38931,Невидимый
38932,Делегирующий
38933,Невидимый
38934,Контролёр
38935,Контролёр
38936,Контролёр
38937,Контролёр
38938,Делегирующий
38939,Контролёр
38940,Контролёр
38941,Невидимый
38942,Невидимый
38943,Невидимый
38944,Контролёр
38945,Делегирующий
38946,Соучастник
38947,Делегирующий
38948,Делегирующий
38949,Контролёр
38950,Контролёр
38951,Невидимый
38952,Контролёр
38953,Контролёр
38954,Соучастник
38955,Контролёр
38956,Невидимый
38957,Контролёр
38958,Контролёр
38959,Делегирующий
38960,Невидимый
38961,Делегирующий
38962,Невидимый
38963,Невидимый
38964,Контролёр
38965,Контролёр
38966,Делегирующий
38967,Контролёр
38968,Делегирующий
38969,Невидимый
38970,Невидимый
38971,Невидимый
38972,Соучастник
38973,Контролёр
38974,Соучастник
38975,Невидимый
38976,Невидимый
38977,Контролёр
38978,Контролёр
38979,Делегирующий
38980,Невидимый
38981,Невидимый
38982,Контролёр
38983,Соучастник
38984,Делегирующий
38985,Контролёр
38986,Контролёр
38987,Контролёр
38988,Делегирующий
38989,Невидимый
38990,Невидимый
38991,Делегирующий
38992,Соучастник
38993,Контролёр
38994,Соучастник
38995,Контролёр
38996,Невидимый
38997,Невидимый
38998,Соучастник
38999,Соучастник
39000,Невидимый
39001,Контролёр
39002,Невидимый
39003,Невидимый
39004,Невидимый
39005,Невидимый
39006,Контролёр
39007,Контролёр
39008,Делегирующий
39009,Делегирующий
39010,Делегирующий
39011,Соучастник
39012,Контролёр
39013,Контролёр
39014,Невидимый
39015,Невидимый
39016,Невидимый
39017,Делегирующий
39018,Соучастник
39019,Соучастник
39020,Невидимый
39021,Контролёр
39022,Соучастник
39023,Невидимый
39024,Делегирующий
39025,Невидимый
39026,Делегирующий
39027,Контролёр
39028,Соучастник
39029,Делегирующий
39030,Делегирующий
39031,Невидимый
39032,Контролёр
39033,Контролёр
39034,Делегирующий
39035,Контролёр
39036,Соучастник
39037,Невидимый
39038,Невидимый
39039,Контролёр
39040,Контролёр
39041,Контролёр
39042,Делегирующий
39043,Контролёр
39044,Контролёр
39045,Контролёр
39046,Соучастник
39047,Контролёр
39048,Соучастник
39049,Невидимый
39050,Контролёр
39051,Контролёр
39052,Контролёр
39053,Делегирующий
39054,Делегирующий
39055,Контролёр
39056,Невидимый
39057,Соучастник
39058,Невидимый
39059,Контролёр
39060,Делегирующий
39061,Соучастник
39062,Невидимый
39063,Делегирующий
39064,Невидимый
39065,Соучастник
39066,Невидимый
39067,Невидимый
39068,Невидимый
39069,Соучастник
39070,Контролёр
39071,Делегирующий
39072,Соучастник
39073,Контролёр
39074,Делегирующий
39075,Невидимый
39076,Невидимый
39077,Контролёр
39078,Контролёр
39079,Невидимый
39080,Контролёр
39081,Соучастник
39082,Невидимый
39083,Делегирующий
39084,Контролёр
39085,Контролёр
39086,Контролёр
39087,Невидимый
39088,Контролёр
39089,Соучастник
39090,Делегирующий
39091,Контролёр
39092,Делегирующий
39093,Контролёр
39094,Невидимый
39095,Соучастник
39096,Невидимый
39097,Контролёр
39098,Делегирующий
39099,Контролёр
39100,Невидимый
39101,Невидимый
39102,Невидимый
39103,Контролёр
39104,Невидимый
39105,Делегирующий
39106,Делегирующий
39107,Контролёр
39108,Контролёр
39109,Невидимый
39110,Невидимый
39111,Контролёр
39112,Контролёр
39113,Соучастник
39114,Делегирующий
39115,Делегирующий
39116,Соучастник
39117,Невидимый
39118,Контролёр
39119,Невидимый
39120,Делегирующий
39121,Невидимый
39122,Делегирующий
39123,Контролёр
39124,Невидимый
39125,Невидимый
39126,Контролёр
39127,Невидимый
39128,Соучастник
39129,Невидимый
39130,Контролёр
39131,Контролёр
39132,Делегирующий
39133,Контролёр
39134,Соучастник
39135,Делегирующий
39136,Контролёр
39137,Контролёр
39138,Делегирующий
39139,Невидимый
39140,Невидимый
39141,Невидимый
39142,Соучастник
39143,Контролёр
39144,Контролёр
39145,Невидимый
39146,Делегирующий
39147,Делегирующий
39148,Делегирующий
39149,Невидимый
39150,Делегирующий
39151,Контролёр
39152,Невидимый
39153,Невидимый
39154,Невидимый
39155,Соучастник
39156,Контролёр
39157,Невидимый
39158,Контролёр
39159,Делегирующий
39160,Невидимый
39161,Соучастник
39162,Делегирующий
39163,Делегирующий
39164,Невидимый
39165,Контролёр
39166,Контролёр
39167,Делегирующий
39168,Делегирующий
39169,Делегирующий
39170,Контролёр
39171,Невидимый
39172,Невидимый
39173,Соучастник
39174,Невидимый
39175,Контролёр
39176,Контролёр
39177,Невидимый
39178,Соучастник
39179,Делегирующий
39180,Контролёр
39181,Делегирующий
39182,Невидимый
39183,Невидимый
39184,Невидимый
39185,Контролёр
39186,Контролёр
39187,Контролёр
39188,Контролёр
39189,Контролёр
39190,Соучастник
39191,Невидимый
39192,Контролёр
39193,Делегирующий
39194,Невидимый
39195,Контролёр
39196,Делегирующий
39197,Контролёр
39198,Контролёр
39199,Невидимый
39200,Невидимый
39201,Делегирующий
39202,Невидимый
39203,Контролёр
39204,Контролёр
39205,Контролёр
39206,Контролёр
39207,Контролёр
39208,Делегирующий
39209,Делегирующий
39210,Контролёр
39211,Делегирующий
39212,Невидимый
39213,Невидимый
39214,Контролёр
39215,Невидимый
39216,Невидимый
39217,Невидимый
39218,Делегирующий
39219,Соучастник
39220,Контролёр
39221,Невидимый
39222,Невидимый
39223,Соучастник
39224,Невидимый
39225,Невидимый
39226,Делегирующий
39227,Делегирующий
39228,Контролёр
39229,Контролёр
39230,Невидимый
39231,Невидимый
39232,Соучастник
39233,Делегирующий
39234,Контролёр
39235,Делегирующий
39236,Делегирующий
39237,Контролёр
39238,Контролёр
39239,Делегирующий
39240,Невидимый
39241,Контролёр
39242,Контролёр
39243,Контролёр
39244,Контролёр
39245,Делегирующий
39246,Соучастник
39247,Делегирующий
39248,Делегирующий
39249,Невидимый
39250,Контролёр
39251,Невидимый
39252,Соучастник
39253,Невидимый
39254,Контролёр
39255,Контролёр
39256,Соучастник
39257,Соучастник
39258,Контролёр
39259,Невидимый
39260,Невидимый
39261,Невидимый
39262,Невидимый
39263,Контролёр
39264,Соучастник
39265,Делегирующий
39266,Контролёр
39267,Невидимый
39268,Невидимый
39269,Невидимый
39270,Соучастник
39271,Контролёр
39272,Соучастник
39273,Соучастник
39274,Делегирующий
39275,Контролёр
39276,Соучастник
39277,Невидимый
39278,Контролёр
39279,Делегирующий
39280,Контролёр
39281,Контролёр
39282,Делегирующий
39283,Соучастник
39284,Контролёр
39285,Соучастник
39286,Невидимый
39287,Контролёр
39288,Контролёр
39289,Соучастник
39290,Контролёр
39291,Контролёр
39292,Невидимый
39293,Контролёр
39294,Невидимый
39295,Контролёр
39296,Невидимый
39297,Контролёр
39298,Делегирующий
39299,Невидимый
39300,Невидимый
39301,Соучастник
39302,Соучастник
39303,Невидимый
39304,Контролёр
39305,Контролёр
39306,Делегирующий
39307,Соучастник
39308,Невидимый
39309,Делегирующий
39310,Контролёр
39311,Невидимый
39312,Контролёр
39313,Делегирующий
39314,Невидимый
39315,Делегирующий
39316,Делегирующий
39317,Делегирующий
39318,Контролёр
39319,Делегирующий
39320,Контролёр
39321,Невидимый
39322,Невидимый
39323,Контролёр
39324,Делегирующий
39325,Невидимый
39326,Контролёр
39327,Делегирующий
39328,Невидимый
39329,Невидимый
39330,Контролёр
39331,Соучастник
39332,Контролёр
39333,Невидимый
39334,Делегирующий
39335,Невидимый
39336,Соучастник
39337,Делегирующий
39338,Соучастник
39339,Делегирующий
39340,Невидимый
39341,Делегирующий
39342,Невидимый
39343,Делегирующий
39344,Контролёр
39345,Делегирующий
39346,Контролёр
39347,Делегирующий
39348,Невидимый
39349,Контролёр
39350,Контролёр
39351,Контролёр
39352,Контролёр
39353,Контролёр
39354,Невидимый
39355,Делегирующий
39356,Соучастник
39357,Контролёр
39358,Соучастник
39359,Контролёр
39360,Контролёр
39361,Невидимый
39362,Невидимый
39363,Невидимый
39364,Контролёр
39365,Невидимый
39366,Контролёр
39367,Делегирующий
39368,Делегирующий
39369,Контролёр
39370,Контролёр
39371,Невидимый
39372,Невидимый
39373,Невидимый
39374,Соучастник
39375,Невидимый
39376,Контролёр
39377,Делегирующий
39378,Невидимый
39379,Соучастник
39380,Соучастник
39381,Контролёр
39382,Делегирующий
39383,Невидимый
39384,Соучастник
39385,Контролёр
39386,Контролёр
39387,Контролёр
39388,Невидимый
39389,Невидимый
39390,Контролёр
39391,Контролёр
39392,Контролёр
39393,Делегирующий
39394,Невидимый
39395,Делегирующий
39396,Невидимый
39397,Невидимый
39398,Делегирующий
39399,Невидимый
39400,Делегирующий
39401,Соучастник
39402,Контролёр
39403,Соучастник
39404,Контролёр
39405,Делегирующий
39406,Невидимый
39407,Невидимый
39408,Контролёр
39409,Контролёр
39410,Соучастник
39411,Невидимый
39412,Невидимый
39413,Невидимый
39414,Контролёр
39415,Невидимый
39416,Делегирующий
39417,Контролёр
39418,Соучастник
39419,Невидимый
39420,Делегирующий
39421,Невидимый
39422,Невидимый
39423,Невидимый
39424,Контролёр
39425,Невидимый
39426,Контролёр
39427,Невидимый
39428,Соучастник
39429,Делегирующий
39430,Делегирующий
39431,Делегирующий
39432,Контролёр
39433,Контролёр
39434,Контролёр
39435,Невидимый
39436,Делегирующий
39437,Делегирующий
39438,Контролёр
39439,Контролёр
39440,Невидимый
39441,Контролёр
39442,Невидимый
39443,Контролёр
39444,Невидимый
39445,Невидимый
39446,Контролёр
39447,Невидимый
39448,Контролёр
39449,Соучастник
39450,Невидимый
39451,Контролёр
39452,Невидимый
39453,Делегирующий
39454,Делегирующий
39455,Соучастник
39456,Невидимый
39457,Контролёр
39458,Невидимый
39459,Соучастник
39460,Невидимый
39461,Соучастник
39462,Соучастник
39463,Контролёр
39464,Невидимый
39465,Соучастник
39466,Соучастник
39467,Соучастник
39468,Невидимый
39469,Контролёр
39470,Контролёр
39471,Контролёр
39472,Контролёр
39473,Соучастник
39474,Делегирующий
39475,Делегирующий
39476,Соучастник
39477,Невидимый
39478,Невидимый
39479,Невидимый
39480,Контролёр
39481,Невидимый
39482,Делегирующий
39483,Невидимый
39484,Соучастник
39485,Контролёр
39486,Контролёр
39487,Контролёр
39488,Соучастник
39489,Соучастник
39490,Невидимый
39491,Контролёр
39492,Невидимый
39493,Соучастник
39494,Контролёр
39495,Невидимый
39496,Делегирующий
39497,Невидимый
39498,Невидимый
39499,Контролёр
39500,Соучастник
39501,Невидимый
39502,Невидимый
39503,Контролёр
39504,Контролёр
39505,Делегирующий
39506,Контролёр
39507,Делегирующий
39508,Невидимый
39509,Контролёр
39510,Невидимый
39511,Контролёр
39512,Невидимый
39513,Невидимый
39514,Контролёр
39515,Контролёр
39516,Контролёр
39517,Соучастник
39518,Невидимый
39519,Контролёр
39520,Делегирующий
39521,Контролёр
39522,Делегирующий
39523,Невидимый
39524,Невидимый
39525,Контролёр
39526,Невидимый
39527,Контролёр
39528,Невидимый
39529,Соучастник
39530,Невидимый
39531,Делегирующий
39532,Делегирующий
39533,Невидимый
39534,Невидимый
39535,Соучастник
39536,Соучастник
39537,Контролёр
39538,Контролёр
39539,Соучастник
39540,Невидимый
39541,Невидимый
39542,Соучастник
39543,Соучастник
39544,Контролёр
39545,Невидимый
39546,Невидимый
39547,Контролёр
39548,Делегирующий
39549,Невидимый
39550,Соучастник
39551,Контролёр
39552,Контролёр
39553,Контролёр
39554,Невидимый
39555,Невидимый
39556,Контролёр
39557,Соучастник
39558,Контролёр
39559,Контролёр
39560,Контролёр
39561,Невидимый
39562,Контролёр
39563,Контролёр
39564,Делегирующий
39565,Контролёр
39566,Невидимый
39567,Контролёр
39568,Делегирующий
39569,Контролёр
39570,Соучастник
39571,Контролёр
39572,Невидимый
39573,Невидимый
39574,Невидимый
39575,Делегирующий
39576,Соучастник
39577,Делегирующий
39578,Невидимый
39579,Контролёр
39580,Контролёр
39581,Контролёр
39582,Невидимый
39583,Делегирующий
39584,Невидимый
39585,Контролёр
39586,Делегирующий
39587,Невидимый
39588,Невидимый
39589,Соучастник
39590,Контролёр
39591,Невидимый
39592,Невидимый
39593,Контролёр
39594,Делегирующий
39595,Контролёр
39596,Делегирующий
39597,Делегирующий
39598,Соучастник
39599,Контролёр
39600,Делегирующий
39601,Невидимый
39602,Соучастник
39603,Контролёр
39604,Соучастник
39605,Невидимый
39606,Контролёр
39607,Невидимый
39608,Соучастник
39609,Делегирующий
39610,Невидимый
39611,Невидимый
39612,Контролёр
39613,Делегирующий
39614,Контролёр
39615,Соучастник
39616,Соучастник
39617,Контролёр
39618,Невидимый
39619,Соучастник
39620,Контролёр
39621,Соучастник
39622,Контролёр
39623,Контролёр
39624,Контролёр
39625,Контролёр
39626,Невидимый
39627,Делегирующий
39628,Соучастник
39629,Контролёр
39630,Невидимый
39631,Невидимый
39632,Невидимый
39633,Невидимый
39634,Соучастник
39635,Соучастник
39636,Контролёр
39637,Невидимый
39638,Невидимый
39639,Невидимый
39640,Невидимый
39641,Контролёр
39642,Контролёр
39643,Невидимый
39644,Невидимый
39645,Контролёр
39646,Невидимый
39647,Невидимый
39648,Делегирующий
39649,Контролёр
39650,Соучастник
39651,Контролёр
39652,Контролёр
39653,Контролёр
39654,Делегирующий
39655,Невидимый
39656,Делегирующий
39657,Контролёр
39658,Соучастник
39659,Контролёр
39660,Контролёр
39661,Делегирующий
39662,Контролёр
39663,Соучастник
39664,Делегирующий
39665,Соучастник
39666,Соучастник
39667,Делегирующий
39668,Контролёр
39669,Невидимый
39670,Контролёр
39671,Невидимый
39672,Контролёр
39673,Контролёр
39674,Делегирующий
39675,Соучастник
39676,Соучастник
39677,Невидимый
39678,Невидимый
39679,Контролёр
39680,Контролёр
39681,Невидимый
39682,Делегирующий
39683,Соучастник
39684,Делегирующий
39685,Соучастник
39686,Контролёр
39687,Контролёр
39688,Невидимый
39689,Делегирующий
39690,Контролёр
39691,Невидимый
39692,Невидимый
39693,Контролёр
39694,Невидимый
39695,Делегирующий
39696,Невидимый
39697,Контролёр
39698,Контролёр
39699,Невидимый
39700,Невидимый
39701,Контролёр
39702,Соучастник
39703,Контролёр
39704,Контролёр
39705,Делегирующий
39706,Контролёр
39707,Контролёр
39708,Контролёр
39709,Делегирующий
39710,Невидимый
39711,Делегирующий
39712,Контролёр
39713,Невидимый
39714,Соучастник
39715,Соучастник
39716,Невидимый
39717,Делегирующий
39718,Соучастник
39719,Соучастник
39720,Делегирующий
39721,Контролёр
39722,Контролёр
39723,Делегирующий
39724,Соучастник
39725,Делегирующий
39726,Делегирующий
39727,Невидимый
39728,Соучастник
39729,Невидимый
39730,Невидимый
39731,Контролёр
39732,Невидимый
39733,Контролёр
39734,Контролёр
39735,Невидимый
39736,Невидимый
39737,Делегирующий
39738,Невидимый
39739,Соучастник
39740,Невидимый
39741,Контролёр
39742,Невидимый
39743,Невидимый
39744,Невидимый
39745,Невидимый
39746,Контролёр
39747,Контролёр
39748,Невидимый
39749,Невидимый
39750,Невидимый
39751,Делегирующий
39752,Делегирующий
39753,Делегирующий
39754,Делегирующий
39755,Делегирующий
39756,Делегирующий
39757,Соучастник
39758,Контролёр
39759,Контролёр
39760,Контролёр
39761,Невидимый
39762,Контролёр
39763,Делегирующий
39764,Контролёр
39765,Невидимый
39766,Контролёр
39767,Невидимый
39768,Невидимый
39769,Соучастник
39770,Контролёр
39771,Контролёр
39772,Контролёр
39773,Невидимый
39774,Невидимый
39775,Невидимый
39776,Соучастник
39777,Соучастник
39778,Невидимый
39779,Невидимый
39780,Соучастник
39781,Невидимый
39782,Контролёр
39783,Невидимый
39784,Контролёр
39785,Невидимый
39786,Соучастник
39787,Контролёр
39788,Делегирующий
39789,Контролёр
39790,Контролёр
39791,Делегирующий
39792,Невидимый
39793,Невидимый
39794,Невидимый
39795,Невидимый
39796,Контролёр
39797,Невидимый
39798,Невидимый
39799,Соучастник
39800,Контролёр
39801,Контролёр
39802,Контролёр
39803,Контролёр
39804,Контролёр
39805,Невидимый
39806,Делегирующий
39807,Контролёр
39808,Делегирующий
39809,Делегирующий
39810,Контролёр
39811,Контролёр
39812,Соучастник
39813,Невидимый
39814,Контролёр
39815,Делегирующий
39816,Контролёр
39817,Контролёр
39818,Невидимый
39819,Контролёр
39820,Контролёр
39821,Делегирующий
39822,Невидимый
39823,Контролёр
39824,Соучастник
39825,Соучастник
39826,Контролёр
39827,Делегирующий
39828,Соучастник
39829,Контролёр
39830,Соучастник
39831,Контролёр
39832,Делегирующий
39833,Соучастник
39834,Контролёр
39835,Делегирующий
39836,Контролёр
39837,Невидимый
39838,Соучастник
39839,Невидимый
39840,Контролёр
39841,Невидимый
39842,Делегирующий
39843,Невидимый
39844,Невидимый
39845,Невидимый
39846,Невидимый
39847,Контролёр
39848,Соучастник
39849,Контролёр
39850,Контролёр
39851,Контролёр
39852,Соучастник
39853,Соучастник
39854,Соучастник
39855,Соучастник
39856,Невидимый
39857,Контролёр
39858,Контролёр
39859,Соучастник
39860,Невидимый
39861,Контролёр
39862,Невидимый
39863,Контролёр
39864,Невидимый
39865,Соучастник
39866,Соучастник
39867,Невидимый
39868,Контролёр
39869,Соучастник
39870,Соучастник
39871,Невидимый
39872,Контролёр
39873,Контролёр
39874,Соучастник
39875,Контролёр
39876,Невидимый
39877,Соучастник
39878,Контролёр
39879,Невидимый
39880,Контролёр
39881,Невидимый
39882,Невидимый
39883,Делегирующий
39884,Контролёр
39885,Контролёр
39886,Невидимый
39887,Контролёр
39888,Невидимый
39889,Контролёр
39890,Делегирующий
39891,Соучастник
39892,Соучастник
39893,Контролёр
39894,Невидимый
39895,Соучастник
39896,Невидимый
39897,Невидимый
39898,Соучастник
39899,Контролёр
39900,Контролёр
39901,Контролёр
39902,Делегирующий
39903,Невидимый
39904,Контролёр
39905,Контролёр
39906,Контролёр
39907,Контролёр
39908,Делегирующий
39909,Невидимый
39910,Делегирующий
39911,Невидимый
39912,Невидимый
39913,Контролёр
39914,Контролёр
39915,Соучастник
39916,Контролёр
39917,Контролёр
39918,Невидимый
39919,Контролёр
39920,Контролёр
39921,Делегирующий
39922,Соучастник
39923,Контролёр
39924,Делегирующий
39925,Контролёр
39926,Невидимый
39927,Контролёр
39928,Контролёр
39929,Контролёр
39930,Контролёр
39931,Контролёр
39932,Контролёр
39933,Соучастник
39934,Контролёр
39935,Контролёр
39936,Контролёр
39937,Делегирующий
39938,Соучастник
39939,Делегирующий
39940,Контролёр
39941,Соучастник
39942,Соучастник
39943,Невидимый
39944,Делегирующий
39945,Делегирующий
39946,Соучастник
39947,Соучастник
39948,Делегирующий
39949,Контролёр
39950,Невидимый
39951,Контролёр
39952,Соучастник
39953,Соучастник
39954,Делегирующий
39955,Контролёр
39956,Невидимый
39957,Делегирующий
39958,Соучастник
39959,Делегирующий
39960,Контролёр
39961,Контролёр
39962,Контролёр
39963,Контролёр
39964,Контролёр
39965,Контролёр
39966,Делегирующий
39967,Делегирующий
39968,Делегирующий
39969,Контролёр
39970,Невидимый
39971,Соучастник
39972,Невидимый
39973,Контролёр
39974,Соучастник
39975,Соучастник
39976,Контролёр
39977,Невидимый
39978,Контролёр
39979,Невидимый
39980,Делегирующий
39981,Контролёр
39982,Невидимый
39983,Контролёр
39984,Контролёр
39985,Невидимый
39986,Контролёр
39987,Невидимый
39988,Делегирующий
39989,Делегирующий
39990,Делегирующий
39991,Контролёр
39992,Невидимый
39993,Соучастник
39994,Невидимый
39995,Невидимый
39996,Невидимый
39997,Контролёр
39998,Контролёр
39999,Контролёр
40000,Невидимый
